time,x,y,z,error_x,error_y,error_z
0.1,-80.0,-50.0,2.0,-80.0,-50.0,1.0
0.2,-80.0,-50.0,2.0,-80.0,-50.0,1.0
0.30000000000000004,-80.0,-50.0,2.0,-80.0,-50.0,1.0
0.4,-80.0,-50.0,2.0,-80.0,-50.0,1.0
0.5,-80.0,-50.0,2.0,-80.0,-50.0,1.0
0.6000000000000001,-80.0,-50.0,2.0,-80.0,-50.0,1.0
0.7000000000000001,-80.0,-50.0,2.0,-80.0,-50.0,1.0
0.8,-80.0,-50.0,2.0,-80.0,-50.0,1.0
0.9,-80.0,-50.0,2.0,-80.0,-50.0,1.0
1.0,-80.0,-50.0,2.0,-80.0,-50.0,1.0
1.1,-80.0,-50.0,2.0,-80.0,-50.0,1.0
1.2000000000000002,-80.0,-50.0,2.0,-80.0,-50.0,1.0
1.3,-80.0,-50.0,2.0,-80.0,-50.0,1.0
1.4000000000000001,-80.0,-50.0,2.0,-80.0,-50.0,1.0
1.5,-80.0,-50.0,2.0,-80.0,-50.0,1.0
1.6,-80.0,-50.0,2.0,-80.0,-50.0,1.0
1.7000000000000002,-80.0,-50.0,2.0,-80.0,-50.0,1.0
1.8,-80.0,-50.0,2.0,-80.0,-50.0,1.0
1.9000000000000001,-80.0,-50.0,2.0,-80.0,-50.0,1.0
2.0,-80.0,-50.0,2.0,-80.0,-50.0,1.0
2.1,-80.0,-50.0,2.0,-80.0,-50.0,1.0
2.2,-80.0,-50.0,2.0,-80.0,-50.0,1.0
2.3000000000000003,-80.0,-50.0,2.0,-80.0,-50.0,1.0
2.4000000000000004,-80.0,-50.0,2.0,-80.0,-50.0,1.0
2.5,-80.0,-50.0,2.0,-80.0,-50.0,1.0
2.6,-80.0,-50.0,2.0,-80.0,-50.0,1.0
2.7,-80.0,-50.0,2.0,-80.0,-50.0,1.0
2.8000000000000003,-80.0,-50.0,2.0,-80.0,-50.0,1.0
2.9000000000000004,-80.0,-50.0,2.0,-80.0,-50.0,1.0
3.0,-80.0,-50.0,2.0,-80.0,-50.0,1.0
3.1,-80.0,-50.0,2.0,-80.0,-50.0,1.0
3.2,-80.0,-50.0,2.0,-80.0,-50.0,1.0
3.3000000000000003,-80.0,-50.0,2.0,-80.0,-50.0,1.0
3.4000000000000004,-80.0,-50.0,2.0,-80.0,-50.0,1.0
3.5,-80.0,-50.0,2.0,-80.0,-50.0,1.0
3.6,-79.92,-49.95,1.999089552238806,-79.92,-49.95,0.9990895522388059
3.7,-79.84,-49.900000000000006,1.9981791044776118,-79.84,-49.900000000000006,0.9981791044776118
3.8000000000000003,-79.76,-49.85000000000001,1.9972686567164177,-79.76,-49.85000000000001,0.9972686567164177
3.9000000000000004,-79.68,-49.80000000000001,1.9963582089552236,-79.68,-49.80000000000001,0.9963582089552236
4.0,-79.60000000000001,-49.750000000000014,1.9954477611940296,-79.60000000000001,-49.750000000000014,0.9954477611940296
4.1000000000000005,-79.52000000000001,-49.70000000000002,1.9945373134328355,-79.52000000000001,-49.70000000000002,0.9945373134328355
4.2,-79.44000000000001,-49.65000000000002,1.9936268656716414,-79.44000000000001,-49.65000000000002,0.9936268656716414
4.3,-79.36000000000001,-49.60000000000002,1.9927164179104473,-79.36000000000001,-49.60000000000002,0.9927164179104473
4.4,-79.28000000000002,-49.550000000000026,1.9918059701492532,-79.28000000000002,-49.550000000000026,0.9918059701492532
4.5,-79.20000000000002,-49.50000000000003,1.9908955223880591,-79.20000000000002,-49.50000000000003,0.9908955223880591
4.6000000000000005,-79.12000000000002,-49.45000000000003,1.989985074626865,-79.12000000000002,-49.45000000000003,0.989985074626865
4.7,-79.04000000000002,-49.400000000000034,1.989074626865671,-79.04000000000002,-49.400000000000034,0.9890746268656709
4.800000000000001,-78.96000000000002,-49.35000000000004,1.9881641791044768,-78.96000000000002,-49.35000000000004,0.9881641791044768
4.9,-78.88000000000002,-49.30000000000004,1.9872537313432828,-78.88000000000002,-49.30000000000004,0.9872537313432828
5.0,-78.80100000000003,-49.25000000000004,1.9863432835820887,-78.80100000000003,-49.25000000000004,0.9863432835820887
5.1000000000000005,-78.72200000000004,-49.200000000000045,1.9854328358208946,-78.72200000000004,-49.200000000000045,0.9854328358208946
5.2,-78.64300000000004,-49.15000000000005,1.9845223880597005,-78.64300000000004,-49.15000000000005,0.9845223880597005
5.300000000000001,-78.56400000000005,-49.10000000000005,1.9836119402985064,-78.56400000000005,-49.10000000000005,0.9836119402985064
5.4,-78.48500000000006,-49.050000000000054,1.9827014925373123,-78.48500000000006,-49.050000000000054,0.9827014925373123
5.5,-78.40600000000006,-49.00000000000006,1.9817910447761182,-78.40600000000006,-49.00000000000006,0.9817910447761182
5.6000000000000005,-78.32700000000007,-48.95000000000006,1.9808805970149241,-78.32700000000007,-48.95000000000006,0.9808805970149241
5.7,-78.24800000000008,-48.90000000000006,1.97997014925373,-78.24800000000008,-48.90000000000006,0.97997014925373
5.800000000000001,-78.16900000000008,-48.85100000000006,1.979059701492536,-78.16900000000008,-48.85100000000006,0.979059701492536
5.9,-78.09000000000009,-48.80200000000006,1.9781492537313419,-78.09000000000009,-48.80200000000006,0.9781492537313419
6.0,-78.0110000000001,-48.753000000000064,1.9772388059701478,-78.0110000000001,-48.753000000000064,0.9772388059701478
6.1000000000000005,-77.9320000000001,-48.704000000000065,1.9763283582089537,-77.9320000000001,-48.704000000000065,0.9763283582089537
6.2,-77.85300000000011,-48.655000000000065,1.9754179104477596,-77.85300000000011,-48.655000000000065,0.9754179104477596
6.300000000000001,-77.7750000000001,-48.606000000000066,1.9745074626865655,-77.7750000000001,-48.606000000000066,0.9745074626865655
6.4,-77.6970000000001,-48.557000000000066,1.9735970149253714,-77.6970000000001,-48.557000000000066,0.9735970149253714
6.5,-77.6190000000001,-48.50800000000007,1.9726865671641773,-77.6190000000001,-48.50800000000007,0.9726865671641773
6.6000000000000005,-77.5410000000001,-48.45900000000007,1.9717761194029833,-77.5410000000001,-48.45900000000007,0.9717761194029833
6.7,-77.4630000000001,-48.41000000000007,1.9708656716417892,-77.4630000000001,-48.41000000000007,0.9708656716417892
6.800000000000001,-77.38500000000009,-48.36100000000007,1.969955223880595,-77.38500000000009,-48.36100000000007,0.9699552238805951
6.9,-77.30700000000009,-48.31200000000007,1.969044776119401,-77.30700000000009,-48.31200000000007,0.969044776119401
7.0,-77.22900000000008,-48.26300000000007,1.968134328358207,-77.22900000000008,-48.26300000000007,0.9681343283582069
7.1000000000000005,-77.15100000000008,-48.21400000000007,1.9672238805970128,-77.15100000000008,-48.21400000000007,0.9672238805970128
7.2,-77.07300000000008,-48.16500000000007,1.9663134328358187,-77.07300000000008,-48.16500000000007,0.9663134328358187
7.300000000000001,-76.99500000000008,-48.11600000000007,1.9654029850746246,-76.99500000000008,-48.11600000000007,0.9654029850746246
7.4,-76.91700000000007,-48.06700000000007,1.9644925373134305,-76.91700000000007,-48.06700000000007,0.9644925373134305
7.5,-76.84000000000007,-48.01800000000007,1.9635820895522365,-76.84000000000007,-48.01800000000007,0.9635820895522365
7.6000000000000005,-76.76300000000008,-47.96900000000007,1.9626716417910424,-76.76300000000008,-47.96900000000007,0.9626716417910424
7.7,-76.68600000000008,-47.92000000000007,1.9617611940298483,-76.68600000000008,-47.92000000000007,0.9617611940298483
7.800000000000001,-76.60900000000008,-47.87200000000007,1.9608507462686542,-76.60900000000008,-47.87200000000007,0.9608507462686542
7.9,-76.53200000000008,-47.82400000000007,1.95994029850746,-76.53200000000008,-47.82400000000007,0.9599402985074601
8.0,-76.45500000000008,-47.77600000000007,1.959029850746266,-76.45500000000008,-47.77600000000007,0.959029850746266
8.1,-76.37800000000009,-47.728000000000065,1.958119402985072,-76.37800000000009,-47.728000000000065,0.9581194029850719
8.200000000000001,-76.30100000000009,-47.680000000000064,1.9572089552238778,-76.30100000000009,-47.680000000000064,0.9572089552238778
8.3,-76.22400000000009,-47.63200000000006,1.9562985074626837,-76.22400000000009,-47.63200000000006,0.9562985074626837
8.4,-76.14700000000009,-47.58400000000006,1.9553880597014897,-76.14700000000009,-47.58400000000006,0.9553880597014897
8.5,-76.07000000000009,-47.53600000000006,1.9544776119402956,-76.07000000000009,-47.53600000000006,0.9544776119402956
8.6,-75.9930000000001,-47.488000000000056,1.9535671641791015,-75.9930000000001,-47.488000000000056,0.9535671641791015
8.700000000000001,-75.9160000000001,-47.440000000000055,1.9526567164179074,-75.9160000000001,-47.440000000000055,0.9526567164179074
8.8,-75.8400000000001,-47.39200000000005,1.9517462686567133,-75.8400000000001,-47.39200000000005,0.9517462686567133
8.9,-75.76400000000011,-47.34400000000005,1.9508358208955192,-75.76400000000011,-47.34400000000005,0.9508358208955192
9.0,-75.68800000000012,-47.29600000000005,1.9499253731343251,-75.68800000000012,-47.29600000000005,0.9499253731343251
9.1,-75.61200000000012,-47.24800000000005,1.949014925373131,-75.61200000000012,-47.24800000000005,0.949014925373131
9.200000000000001,-75.53600000000013,-47.200000000000045,1.948104477611937,-75.53600000000013,-47.200000000000045,0.948104477611937
9.3,-75.46000000000014,-47.152000000000044,1.9471940298507429,-75.46000000000014,-47.152000000000044,0.9471940298507429
9.4,-75.38400000000014,-47.10400000000004,1.9462835820895488,-75.38400000000014,-47.10400000000004,0.9462835820895488
9.5,-75.30800000000015,-47.05600000000004,1.9453731343283547,-75.30800000000015,-47.05600000000004,0.9453731343283547
9.600000000000001,-75.23200000000016,-47.00800000000004,1.9444626865671606,-75.23200000000016,-47.00800000000004,0.9444626865671606
9.700000000000001,-75.15600000000016,-46.960000000000036,1.9435522388059665,-75.15600000000016,-46.960000000000036,0.9435522388059665
9.8,-75.08000000000017,-46.912000000000035,1.9426417910447724,-75.08000000000017,-46.912000000000035,0.9426417910447724
9.9,-75.00400000000018,-46.86500000000004,1.9417313432835783,-75.00400000000018,-46.86500000000004,0.9417313432835783
10.0,-74.92800000000018,-46.81800000000004,1.9408208955223842,-74.92800000000018,-46.81800000000004,0.9408208955223842
10.100000000000001,-74.85200000000019,-46.77100000000004,1.9399104477611901,-74.85200000000019,-46.77100000000004,0.9399104477611901
10.200000000000001,-74.77700000000019,-46.724000000000046,1.938999999999996,-74.77700000000019,-46.724000000000046,0.9389999999999961
10.3,-74.70200000000018,-46.67700000000005,1.938089552238802,-74.70200000000018,-46.67700000000005,0.938089552238802
10.4,-74.62700000000018,-46.63000000000005,1.9372344797750338,-74.62700000000018,-46.63000000000005,0.9372344797750338
10.5,-74.55200000000018,-46.583000000000055,1.9363794073112657,-74.55200000000018,-46.583000000000055,0.9363794073112657
10.600000000000001,-74.47700000000017,-46.53600000000006,1.9355243348474975,-74.47700000000017,-46.53600000000006,0.9355243348474975
10.700000000000001,-74.40200000000017,-46.48900000000006,1.9346692623837294,-74.40200000000017,-46.48900000000006,0.9346692623837294
10.8,-74.32700000000017,-46.442000000000064,1.9338141899199612,-74.32700000000017,-46.442000000000064,0.9338141899199612
10.9,-74.25200000000017,-46.39500000000007,1.932959117456193,-74.25200000000017,-46.39500000000007,0.9329591174561931
11.0,-74.17700000000016,-46.34800000000007,1.932104044992425,-74.17700000000016,-46.34800000000007,0.9321040449924249
11.100000000000001,-74.10200000000016,-46.30100000000007,1.9312489725286568,-74.10200000000016,-46.30100000000007,0.9312489725286568
11.200000000000001,-74.02700000000016,-46.254000000000076,1.9303939000648886,-74.02700000000016,-46.254000000000076,0.9303939000648886
11.3,-73.95200000000015,-46.20700000000008,1.9295388276011205,-73.95200000000015,-46.20700000000008,0.9295388276011205
11.4,-73.87700000000015,-46.16000000000008,1.9286837551373524,-73.87700000000015,-46.16000000000008,0.9286837551373524
11.5,-73.80300000000015,-46.113000000000085,1.9278286826735842,-73.80300000000015,-46.113000000000085,0.9278286826735842
11.600000000000001,-73.72900000000016,-46.06600000000009,1.926973610209816,-73.72900000000016,-46.06600000000009,0.9269736102098161
11.700000000000001,-73.65500000000016,-46.01900000000009,1.926118537746048,-73.65500000000016,-46.01900000000009,0.9261185377460479
11.8,-73.58100000000016,-45.972000000000094,1.9252634652822798,-73.58100000000016,-45.972000000000094,0.9252634652822798
11.9,-73.50700000000016,-45.9250000000001,1.9244083928185116,-73.50700000000016,-45.9250000000001,0.9244083928185116
12.0,-73.43300000000016,-45.8790000000001,1.9235533203547435,-73.43300000000016,-45.8790000000001,0.9235533203547435
12.100000000000001,-73.35900000000017,-45.8330000000001,1.9226982478909753,-73.35900000000017,-45.8330000000001,0.9226982478909753
12.200000000000001,-73.28500000000017,-45.7870000000001,1.9218431754272072,-73.28500000000017,-45.7870000000001,0.9218431754272072
12.3,-73.21100000000017,-45.7410000000001,1.920988102963439,-73.21100000000017,-45.7410000000001,0.920988102963439
12.4,-73.13700000000017,-45.6950000000001,1.9201330304996709,-73.13700000000017,-45.6950000000001,0.9201330304996709
12.5,-73.06300000000017,-45.6490000000001,1.9192779580359027,-73.06300000000017,-45.6490000000001,0.9192779580359027
12.600000000000001,-72.98900000000017,-45.6030000000001,1.9184228855721346,-72.98900000000017,-45.6030000000001,0.9184228855721346
12.700000000000001,-72.91500000000018,-45.5570000000001,1.9175678131083664,-72.91500000000018,-45.5570000000001,0.9175678131083664
12.8,-72.84200000000018,-45.5110000000001,1.9167127406445983,-72.84200000000018,-45.5110000000001,0.9167127406445983
12.9,-72.76900000000019,-45.4650000000001,1.9158576681808301,-72.76900000000019,-45.4650000000001,0.9158576681808301
13.0,-72.6960000000002,-45.4190000000001,1.915002595717062,-72.6960000000002,-45.4190000000001,0.915002595717062
13.100000000000001,-72.6230000000002,-45.373000000000104,1.9141475232532938,-72.6230000000002,-45.373000000000104,0.9141475232532938
13.200000000000001,-72.55000000000021,-45.327000000000105,1.9132924507895257,-72.55000000000021,-45.327000000000105,0.9132924507895257
13.3,-72.47700000000022,-45.281000000000105,1.9124373783257576,-72.47700000000022,-45.281000000000105,0.9124373783257576
13.4,-72.40400000000022,-45.235000000000106,1.9115823058619894,-72.40400000000022,-45.235000000000106,0.9115823058619894
13.5,-72.33100000000023,-45.18900000000011,1.9107272333982213,-72.33100000000023,-45.18900000000011,0.9107272333982213
13.600000000000001,-72.25800000000024,-45.14300000000011,1.9098721609344531,-72.25800000000024,-45.14300000000011,0.9098721609344531
13.700000000000001,-72.18500000000024,-45.09700000000011,1.909017088470685,-72.18500000000024,-45.09700000000011,0.909017088470685
13.8,-72.11200000000025,-45.05100000000011,1.9081620160069168,-72.11200000000025,-45.05100000000011,0.9081620160069168
13.9,-72.03900000000026,-45.00500000000011,1.9073069435431487,-72.03900000000026,-45.00500000000011,0.9073069435431487
14.0,-71.96600000000026,-44.95900000000011,1.9064518710793805,-71.96600000000026,-44.95900000000011,0.9064518710793805
14.100000000000001,-71.89300000000027,-44.91300000000011,1.9055967986156124,-71.89300000000027,-44.91300000000011,0.9055967986156124
14.200000000000001,-71.82100000000027,-44.86800000000011,1.9047417261518442,-71.82100000000027,-44.86800000000011,0.9047417261518442
14.3,-71.74900000000027,-44.82300000000011,1.903886653688076,-71.74900000000027,-44.82300000000011,0.9038866536880761
14.4,-71.67700000000026,-44.778000000000105,1.903031581224308,-71.67700000000026,-44.778000000000105,0.9030315812243079
14.5,-71.60500000000026,-44.733000000000104,1.9021765087605398,-71.60500000000026,-44.733000000000104,0.9021765087605398
14.600000000000001,-71.53300000000026,-44.6880000000001,1.9013214362967716,-71.53300000000026,-44.6880000000001,0.9013214362967716
14.700000000000001,-71.46100000000025,-44.6430000000001,1.9004663638330035,-71.46100000000025,-44.6430000000001,0.9004663638330035
14.8,-71.38900000000025,-44.5980000000001,1.8996112913692353,-71.38900000000025,-44.5980000000001,0.8996112913692353
14.9,-71.31700000000025,-44.5530000000001,1.8987562189054672,-71.31700000000025,-44.5530000000001,0.8987562189054672
15.0,-71.24500000000025,-44.508000000000095,1.897901146441699,-71.24500000000025,-44.508000000000095,0.897901146441699
15.100000000000001,-71.17300000000024,-44.46300000000009,1.897046073977931,-71.17300000000024,-44.46300000000009,0.8970460739779309
15.200000000000001,-71.10100000000024,-44.41800000000009,1.8961910015141628,-71.10100000000024,-44.41800000000009,0.8961910015141628
15.3,-71.02900000000024,-44.37300000000009,1.8953359290503946,-71.02900000000024,-44.37300000000009,0.8953359290503946
15.4,-70.95700000000024,-44.32800000000009,1.8944808565866265,-70.95700000000024,-44.32800000000009,0.8944808565866265
15.5,-70.88500000000023,-44.28300000000009,1.8936257841228583,-70.88500000000023,-44.28300000000009,0.8936257841228583
15.600000000000001,-70.81400000000023,-44.238000000000085,1.8927707116590902,-70.81400000000023,-44.238000000000085,0.8927707116590902
15.700000000000001,-70.74300000000024,-44.19300000000008,1.891915639195322,-70.74300000000024,-44.19300000000008,0.891915639195322
15.8,-70.67200000000024,-44.14800000000008,1.8910605667315539,-70.67200000000024,-44.14800000000008,0.8910605667315539
15.9,-70.60100000000024,-44.10300000000008,1.8902054942677857,-70.60100000000024,-44.10300000000008,0.8902054942677857
16.0,-70.53000000000024,-44.05800000000008,1.8893504218040176,-70.53000000000024,-44.05800000000008,0.8893504218040176
16.1,-70.45900000000024,-44.013000000000076,1.8884953493402494,-70.45900000000024,-44.013000000000076,0.8884953493402494
16.2,-70.38800000000025,-43.968000000000075,1.8876402768764813,-70.38800000000025,-43.968000000000075,0.8876402768764813
16.3,-70.31700000000025,-43.92300000000007,1.8867852044127131,-70.31700000000025,-43.92300000000007,0.8867852044127131
16.400000000000002,-70.24600000000025,-43.879000000000076,1.885930131948945,-70.24600000000025,-43.879000000000076,0.885930131948945
16.5,-70.17500000000025,-43.83500000000008,1.8850750594851768,-70.17500000000025,-43.83500000000008,0.8850750594851768
16.6,-70.10400000000025,-43.79100000000008,1.8842199870214087,-70.10400000000025,-43.79100000000008,0.8842199870214087
16.7,-70.03300000000026,-43.747000000000085,1.8833649145576405,-70.03300000000026,-43.747000000000085,0.8833649145576405
16.8,-69.96200000000026,-43.70300000000009,1.8825098420938724,-69.96200000000026,-43.70300000000009,0.8825098420938724
16.900000000000002,-69.89100000000026,-43.65900000000009,1.8816547696301043,-69.89100000000026,-43.65900000000009,0.8816547696301043
17.0,-69.82100000000027,-43.615000000000094,1.880799697166336,-69.82100000000027,-43.615000000000094,0.8807996971663361
17.1,-69.75100000000027,-43.5710000000001,1.8799968802649276,-69.75100000000027,-43.5710000000001,0.8799968802649276
17.2,-69.68100000000028,-43.5270000000001,1.8791940633635191,-69.68100000000028,-43.5270000000001,0.8791940633635191
17.3,-69.61100000000029,-43.483000000000104,1.8783912464621106,-69.61100000000029,-43.483000000000104,0.8783912464621106
17.400000000000002,-69.5410000000003,-43.43900000000011,1.8775884295607022,-69.5410000000003,-43.43900000000011,0.8775884295607022
17.5,-69.4710000000003,-43.39500000000011,1.8767856126592937,-69.4710000000003,-43.39500000000011,0.8767856126592937
17.6,-69.40100000000031,-43.35100000000011,1.8759827957578852,-69.40100000000031,-43.35100000000011,0.8759827957578852
17.7,-69.33100000000032,-43.307000000000116,1.8751799788564767,-69.33100000000032,-43.307000000000116,0.8751799788564767
17.8,-69.26100000000032,-43.26300000000012,1.8743771619550682,-69.26100000000032,-43.26300000000012,0.8743771619550682
17.900000000000002,-69.19100000000033,-43.21900000000012,1.8735743450536597,-69.19100000000033,-43.21900000000012,0.8735743450536597
18.0,-69.12100000000034,-43.175000000000125,1.8727715281522512,-69.12100000000034,-43.175000000000125,0.8727715281522512
18.1,-69.05100000000034,-43.13100000000013,1.8719687112508427,-69.05100000000034,-43.13100000000013,0.8719687112508427
18.2,-68.98100000000035,-43.08700000000013,1.8711658943494343,-68.98100000000035,-43.08700000000013,0.8711658943494343
18.3,-68.91100000000036,-43.043000000000134,1.8703630774480258,-68.91100000000036,-43.043000000000134,0.8703630774480258
18.400000000000002,-68.84200000000035,-42.99900000000014,1.8695602605466173,-68.84200000000035,-42.99900000000014,0.8695602605466173
18.5,-68.77300000000035,-42.95500000000014,1.8687574436452088,-68.77300000000035,-42.95500000000014,0.8687574436452088
18.6,-68.70400000000035,-42.91200000000014,1.8679546267438003,-68.70400000000035,-42.91200000000014,0.8679546267438003
18.7,-68.63500000000035,-42.86900000000014,1.8671518098423918,-68.63500000000035,-42.86900000000014,0.8671518098423918
18.8,-68.56600000000034,-42.82600000000014,1.8663489929409833,-68.56600000000034,-42.82600000000014,0.8663489929409833
18.900000000000002,-68.49700000000034,-42.78300000000014,1.8655461760395748,-68.49700000000034,-42.78300000000014,0.8655461760395748
19.0,-68.42800000000034,-42.740000000000144,1.8647433591381664,-68.42800000000034,-42.740000000000144,0.8647433591381664
19.1,-68.35900000000034,-42.697000000000145,1.8639405422367579,-68.35900000000034,-42.697000000000145,0.8639405422367579
19.200000000000003,-68.29000000000033,-42.654000000000146,1.8631377253353494,-68.29000000000033,-42.654000000000146,0.8631377253353494
19.3,-68.22100000000033,-42.611000000000146,1.862334908433941,-68.22100000000033,-42.611000000000146,0.8623349084339409
19.400000000000002,-68.15200000000033,-42.56800000000015,1.8615320915325324,-68.15200000000033,-42.56800000000015,0.8615320915325324
19.5,-68.08300000000033,-42.52500000000015,1.860729274631124,-68.08300000000033,-42.52500000000015,0.8607292746311239
19.6,-68.01400000000032,-42.48200000000015,1.8599264577297154,-68.01400000000032,-42.48200000000015,0.8599264577297154
19.700000000000003,-67.94500000000032,-42.43900000000015,1.859123640828307,-67.94500000000032,-42.43900000000015,0.859123640828307
19.8,-67.87600000000032,-42.39600000000015,1.8583208239268985,-67.87600000000032,-42.39600000000015,0.8583208239268985
19.900000000000002,-67.80800000000032,-42.35300000000015,1.85751800702549,-67.80800000000032,-42.35300000000015,0.85751800702549
20.0,-67.74000000000032,-42.31000000000015,1.8567151901240815,-67.74000000000032,-42.31000000000015,0.8567151901240815
20.1,-67.67200000000032,-42.26700000000015,1.855912373222673,-67.67200000000032,-42.26700000000015,0.855912373222673
20.200000000000003,-67.60400000000033,-42.22400000000015,1.8551095563212645,-67.60400000000033,-42.22400000000015,0.8551095563212645
20.3,-67.53600000000033,-42.181000000000154,1.854306739419856,-67.53600000000033,-42.181000000000154,0.854306739419856
20.400000000000002,-67.46800000000033,-42.138000000000154,1.8535039225184475,-67.46800000000033,-42.138000000000154,0.8535039225184475
20.5,-67.40000000000033,-42.095000000000155,1.852701105617039,-67.40000000000033,-42.095000000000155,0.852701105617039
20.6,-67.33200000000033,-42.052000000000156,1.8518982887156306,-67.33200000000033,-42.052000000000156,0.8518982887156306
20.700000000000003,-67.26400000000034,-42.00900000000016,1.851095471814222,-67.26400000000034,-42.00900000000016,0.8510954718142221
20.8,-67.19600000000034,-41.96600000000016,1.8502926549128136,-67.19600000000034,-41.96600000000016,0.8502926549128136
20.900000000000002,-67.12800000000034,-41.92300000000016,1.849489838011405,-67.12800000000034,-41.92300000000016,0.8494898380114051
21.0,-67.06000000000034,-41.88100000000016,1.8486870211099966,-67.06000000000034,-41.88100000000016,0.8486870211099966
21.1,-66.99200000000035,-41.839000000000155,1.8478842042085881,-66.99200000000035,-41.839000000000155,0.8478842042085881
21.200000000000003,-66.92400000000035,-41.79700000000015,1.8470813873071796,-66.92400000000035,-41.79700000000015,0.8470813873071796
21.3,-66.85700000000035,-41.75500000000015,1.8462785704057711,-66.85700000000035,-41.75500000000015,0.8462785704057711
21.400000000000002,-66.79000000000036,-41.71300000000015,1.8454757535043627,-66.79000000000036,-41.71300000000015,0.8454757535043627
21.5,-66.72300000000037,-41.67100000000015,1.8446729366029542,-66.72300000000037,-41.67100000000015,0.8446729366029542
21.6,-66.65600000000038,-41.62900000000015,1.8438701197015457,-66.65600000000038,-41.62900000000015,0.8438701197015457
21.700000000000003,-66.58900000000038,-41.587000000000145,1.8430673028001372,-66.58900000000038,-41.587000000000145,0.8430673028001372
21.8,-66.52200000000039,-41.545000000000144,1.8422644858987287,-66.52200000000039,-41.545000000000144,0.8422644858987287
21.900000000000002,-66.4550000000004,-41.50300000000014,1.8414616689973202,-66.4550000000004,-41.50300000000014,0.8414616689973202
22.0,-66.3880000000004,-41.46100000000014,1.8406588520959117,-66.3880000000004,-41.46100000000014,0.8406588520959117
22.1,-66.32100000000041,-41.41900000000014,1.8398560351945032,-66.32100000000041,-41.41900000000014,0.8398560351945032
22.200000000000003,-66.25400000000042,-41.37700000000014,1.8390532182930948,-66.25400000000042,-41.37700000000014,0.8390532182930948
22.3,-66.18700000000042,-41.335000000000136,1.8382504013916863,-66.18700000000042,-41.335000000000136,0.8382504013916863
22.400000000000002,-66.12000000000043,-41.293000000000134,1.8374475844902778,-66.12000000000043,-41.293000000000134,0.8374475844902778
22.5,-66.05300000000044,-41.25100000000013,1.8366447675888693,-66.05300000000044,-41.25100000000013,0.8366447675888693
22.6,-65.98600000000044,-41.20900000000013,1.8358419506874608,-65.98600000000044,-41.20900000000013,0.8358419506874608
22.700000000000003,-65.91900000000045,-41.16700000000013,1.8350391337860523,-65.91900000000045,-41.16700000000013,0.8350391337860523
22.8,-65.85300000000045,-41.12500000000013,1.8342363168846438,-65.85300000000045,-41.12500000000013,0.8342363168846438
22.900000000000002,-65.78700000000045,-41.083000000000126,1.8334334999832353,-65.78700000000045,-41.083000000000126,0.8334334999832353
23.0,-65.72100000000044,-41.041000000000125,1.8326306830818269,-65.72100000000044,-41.041000000000125,0.8326306830818269
23.1,-65.65500000000044,-40.99900000000012,1.8318278661804184,-65.65500000000044,-40.99900000000012,0.8318278661804184
23.200000000000003,-65.58900000000044,-40.95700000000012,1.8310250492790099,-65.58900000000044,-40.95700000000012,0.8310250492790099
23.3,-65.52300000000044,-40.916000000000125,1.8302222323776014,-65.52300000000044,-40.916000000000125,0.8302222323776014
23.400000000000002,-65.45700000000043,-40.87500000000013,1.829419415476193,-65.45700000000043,-40.87500000000013,0.8294194154761929
23.5,-65.39100000000043,-40.83400000000013,1.8286165985747844,-65.39100000000043,-40.83400000000013,0.8286165985747844
23.6,-65.32500000000043,-40.793000000000134,1.827813781673376,-65.32500000000043,-40.793000000000134,0.8278137816733759
23.700000000000003,-65.25900000000043,-40.75200000000014,1.8270109647719674,-65.25900000000043,-40.75200000000014,0.8270109647719674
23.8,-65.19300000000042,-40.71100000000014,1.8262575401144332,-65.19300000000042,-40.71100000000014,0.8262575401144332
23.900000000000002,-65.12700000000042,-40.670000000000144,1.825504115456899,-65.12700000000042,-40.670000000000144,0.825504115456899
24.0,-65.06100000000042,-40.62900000000015,1.8247506907993647,-65.06100000000042,-40.62900000000015,0.8247506907993647
24.1,-64.99500000000042,-40.58800000000015,1.8239972661418304,-64.99500000000042,-40.58800000000015,0.8239972661418304
24.200000000000003,-64.92900000000041,-40.54700000000015,1.8232438414842962,-64.92900000000041,-40.54700000000015,0.8232438414842962
24.3,-64.86400000000042,-40.50600000000016,1.822490416826762,-64.86400000000042,-40.50600000000016,0.8224904168267619
24.400000000000002,-64.79900000000042,-40.46500000000016,1.8217369921692277,-64.79900000000042,-40.46500000000016,0.8217369921692277
24.5,-64.73400000000042,-40.42400000000016,1.8209835675116934,-64.73400000000042,-40.42400000000016,0.8209835675116934
24.6,-64.66900000000042,-40.383000000000166,1.8202301428541592,-64.66900000000042,-40.383000000000166,0.8202301428541592
24.700000000000003,-64.60400000000043,-40.34200000000017,1.819476718196625,-64.60400000000043,-40.34200000000017,0.8194767181966249
24.8,-64.53900000000043,-40.30100000000017,1.8187232935390907,-64.53900000000043,-40.30100000000017,0.8187232935390907
24.900000000000002,-64.47400000000043,-40.260000000000176,1.8179698688815564,-64.47400000000043,-40.260000000000176,0.8179698688815564
25.0,-64.40900000000043,-40.21900000000018,1.8172164442240222,-64.40900000000043,-40.21900000000018,0.8172164442240222
25.1,-64.34400000000043,-40.17800000000018,1.816463019566488,-64.34400000000043,-40.17800000000018,0.8164630195664879
25.200000000000003,-64.27900000000044,-40.137000000000185,1.8157095949089537,-64.27900000000044,-40.137000000000185,0.8157095949089537
25.3,-64.21400000000044,-40.09600000000019,1.8149561702514194,-64.21400000000044,-40.09600000000019,0.8149561702514194
25.400000000000002,-64.14900000000044,-40.05500000000019,1.8142027455938852,-64.14900000000044,-40.05500000000019,0.8142027455938852
25.5,-64.08400000000044,-40.014000000000195,1.813449320936351,-64.08400000000044,-40.014000000000195,0.8134493209363509
25.6,-64.01900000000045,-39.9730000000002,1.8126958962788167,-64.01900000000045,-39.9730000000002,0.8126958962788167
25.700000000000003,-63.95400000000045,-39.9320000000002,1.8119424716212824,-63.95400000000045,-39.9320000000002,0.8119424716212824
25.8,-63.88900000000045,-39.8920000000002,1.8111890469637482,-63.88900000000045,-39.8920000000002,0.8111890469637482
25.900000000000002,-63.82500000000045,-39.8520000000002,1.810435622306214,-63.82500000000045,-39.8520000000002,0.8104356223062139
26.0,-63.76100000000045,-39.812000000000204,1.8096821976486797,-63.76100000000045,-39.812000000000204,0.8096821976486797
26.1,-63.69700000000045,-39.772000000000205,1.8089287729911454,-63.69700000000045,-39.772000000000205,0.8089287729911454
26.200000000000003,-63.63300000000045,-39.732000000000205,1.8081753483336112,-63.63300000000045,-39.732000000000205,0.8081753483336112
26.3,-63.56900000000045,-39.692000000000206,1.807421923676077,-63.56900000000045,-39.692000000000206,0.8074219236760769
26.400000000000002,-63.50500000000045,-39.65200000000021,1.8066684990185427,-63.50500000000045,-39.65200000000021,0.8066684990185427
26.5,-63.44100000000045,-39.61200000000021,1.8059150743610084,-63.44100000000045,-39.61200000000021,0.8059150743610084
26.6,-63.37700000000045,-39.57200000000021,1.8051616497034741,-63.37700000000045,-39.57200000000021,0.8051616497034741
26.700000000000003,-63.31300000000045,-39.53200000000021,1.80440822504594,-63.31300000000045,-39.53200000000021,0.8044082250459399
26.8,-63.24900000000045,-39.49200000000021,1.8036548003884056,-63.24900000000045,-39.49200000000021,0.8036548003884056
26.900000000000002,-63.18500000000045,-39.45200000000021,1.8029013757308714,-63.18500000000045,-39.45200000000021,0.8029013757308714
27.0,-63.12100000000045,-39.41200000000021,1.8021479510733371,-63.12100000000045,-39.41200000000021,0.8021479510733371
27.1,-63.05700000000045,-39.37200000000021,1.8013945264158029,-63.05700000000045,-39.37200000000021,0.8013945264158029
27.200000000000003,-62.99300000000045,-39.332000000000214,1.8006411017582686,-62.99300000000045,-39.332000000000214,0.8006411017582686
27.3,-62.92900000000045,-39.292000000000215,1.7998876771007344,-62.92900000000045,-39.292000000000215,0.7998876771007344
27.400000000000002,-62.86600000000045,-39.252000000000216,1.7991342524432001,-62.86600000000045,-39.252000000000216,0.7991342524432001
27.5,-62.803000000000445,-39.21200000000022,1.7983808277856659,-62.803000000000445,-39.21200000000022,0.7983808277856659
27.6,-62.74000000000044,-39.17200000000022,1.7976274031281316,-62.74000000000044,-39.17200000000022,0.7976274031281316
27.700000000000003,-62.67700000000044,-39.13200000000022,1.7968739784705974,-62.67700000000044,-39.13200000000022,0.7968739784705974
27.8,-62.61400000000044,-39.09200000000022,1.7961205538130631,-62.61400000000044,-39.09200000000022,0.7961205538130631
27.900000000000002,-62.551000000000435,-39.05200000000022,1.7953671291555289,-62.551000000000435,-39.05200000000022,0.7953671291555289
28.0,-62.48800000000043,-39.01200000000022,1.7946137044979946,-62.48800000000043,-39.01200000000022,0.7946137044979946
28.1,-62.42500000000043,-38.97200000000022,1.7938602798404604,-62.42500000000043,-38.97200000000022,0.7938602798404604
28.200000000000003,-62.36200000000043,-38.93200000000022,1.7931068551829261,-62.36200000000043,-38.93200000000022,0.7931068551829261
28.3,-62.299000000000426,-38.89300000000022,1.7923534305253919,-62.299000000000426,-38.89300000000022,0.7923534305253919
28.400000000000002,-62.23600000000042,-38.85400000000022,1.7916000058678576,-62.23600000000042,-38.85400000000022,0.7916000058678576
28.5,-62.17300000000042,-38.81500000000022,1.7908465812103234,-62.17300000000042,-38.81500000000022,0.7908465812103234
28.6,-62.11000000000042,-38.77600000000022,1.790093156552789,-62.11000000000042,-38.77600000000022,0.7900931565527891
28.700000000000003,-62.047000000000416,-38.737000000000215,1.7893397318952549,-62.047000000000416,-38.737000000000215,0.7893397318952549
28.8,-61.984000000000414,-38.698000000000214,1.7885863072377206,-61.984000000000414,-38.698000000000214,0.7885863072377206
28.900000000000002,-61.92100000000041,-38.65900000000021,1.7878328825801864,-61.92100000000041,-38.65900000000021,0.7878328825801864
29.0,-61.859000000000414,-38.62000000000021,1.787079457922652,-61.859000000000414,-38.62000000000021,0.7870794579226521
29.1,-61.797000000000416,-38.58100000000021,1.7863260332651179,-61.797000000000416,-38.58100000000021,0.7863260332651179
29.200000000000003,-61.73500000000042,-38.54200000000021,1.7855726086075836,-61.73500000000042,-38.54200000000021,0.7855726086075836
29.3,-61.67300000000042,-38.503000000000206,1.7848191839500493,-61.67300000000042,-38.503000000000206,0.7848191839500493
29.400000000000002,-61.61100000000042,-38.464000000000205,1.784065759292515,-61.61100000000042,-38.464000000000205,0.7840657592925151
29.5,-61.549000000000426,-38.4250000000002,1.7833123346349808,-61.549000000000426,-38.4250000000002,0.7833123346349808
29.6,-61.48700000000043,-38.3860000000002,1.7825589099774466,-61.48700000000043,-38.3860000000002,0.7825589099774466
29.700000000000003,-61.42500000000043,-38.3470000000002,1.7818054853199123,-61.42500000000043,-38.3470000000002,0.7818054853199123
29.8,-61.36300000000043,-38.3080000000002,1.781052060662378,-61.36300000000043,-38.3080000000002,0.7810520606623781
29.900000000000002,-61.301000000000435,-38.2690000000002,1.7802986360048438,-61.301000000000435,-38.2690000000002,0.7802986360048438
30.0,-61.23900000000044,-38.230000000000196,1.7795452113473096,-61.23900000000044,-38.230000000000196,0.7795452113473096
30.1,-61.17700000000044,-38.191000000000194,1.7787917866897753,-61.17700000000044,-38.191000000000194,0.7787917866897753
30.200000000000003,-61.11500000000044,-38.15200000000019,1.778038362032241,-61.11500000000044,-38.15200000000019,0.7780383620322411
30.3,-61.053000000000445,-38.11300000000019,1.7772849373747068,-61.053000000000445,-38.11300000000019,0.7772849373747068
30.400000000000002,-60.99100000000045,-38.07400000000019,1.7765315127171726,-60.99100000000045,-38.07400000000019,0.7765315127171726
30.5,-60.92900000000045,-38.03500000000019,1.775824846050506,-60.92900000000045,-38.03500000000019,0.775824846050506
30.6,-60.86800000000045,-37.99600000000019,1.7751181793838393,-60.86800000000045,-37.99600000000019,0.7751181793838393
30.700000000000003,-60.80700000000045,-37.957000000000185,1.7744115127171727,-60.80700000000045,-37.957000000000185,0.7744115127171727
30.8,-60.74600000000045,-37.91900000000019,1.773704846050506,-60.74600000000045,-37.91900000000019,0.773704846050506
30.900000000000002,-60.68500000000045,-37.88100000000019,1.7729981793838394,-60.68500000000045,-37.88100000000019,0.7729981793838394
31.0,-60.62400000000045,-37.843000000000195,1.7722915127171728,-60.62400000000045,-37.843000000000195,0.7722915127171728
31.1,-60.56300000000045,-37.8050000000002,1.7715848460505061,-60.56300000000045,-37.8050000000002,0.7715848460505061
31.200000000000003,-60.50200000000045,-37.7670000000002,1.7708781793838395,-60.50200000000045,-37.7670000000002,0.7708781793838395
31.3,-60.44100000000045,-37.729000000000205,1.7701715127171729,-60.44100000000045,-37.729000000000205,0.7701715127171729
31.400000000000002,-60.38000000000045,-37.69100000000021,1.7694648460505062,-60.38000000000045,-37.69100000000021,0.7694648460505062
31.5,-60.31900000000045,-37.65300000000021,1.7687581793838396,-60.31900000000045,-37.65300000000021,0.7687581793838396
31.6,-60.25800000000045,-37.615000000000215,1.768051512717173,-60.25800000000045,-37.615000000000215,0.768051512717173
31.700000000000003,-60.19700000000045,-37.57700000000022,1.7673448460505063,-60.19700000000045,-37.57700000000022,0.7673448460505063
31.8,-60.13600000000045,-37.53900000000022,1.7666381793838397,-60.13600000000045,-37.53900000000022,0.7666381793838397
31.900000000000002,-60.07500000000045,-37.501000000000225,1.765931512717173,-60.07500000000045,-37.501000000000225,0.7659315127171731
32.0,-60.01400000000045,-37.46300000000023,1.7652248460505064,-60.01400000000045,-37.46300000000023,0.7652248460505064
32.1,-59.95300000000045,-37.42500000000023,1.7645181793838398,-59.95300000000045,-37.42500000000023,0.7645181793838398
32.2,-59.89200000000045,-37.387000000000235,1.7638115127171732,-59.89200000000045,-37.387000000000235,0.7638115127171732
32.300000000000004,-59.83200000000045,-37.34900000000024,1.7631048460505065,-59.83200000000045,-37.34900000000024,0.7631048460505065
32.4,-59.772000000000446,-37.31100000000024,1.76239817938384,-59.772000000000446,-37.31100000000024,0.7623981793838399
32.5,-59.712000000000444,-37.273000000000245,1.7616915127171733,-59.712000000000444,-37.273000000000245,0.7616915127171733
32.6,-59.65200000000044,-37.23500000000025,1.7609848460505066,-59.65200000000044,-37.23500000000025,0.7609848460505066
32.7,-59.59200000000044,-37.19700000000025,1.76027817938384,-59.59200000000044,-37.19700000000025,0.76027817938384
32.800000000000004,-59.53200000000044,-37.159000000000255,1.7595715127171734,-59.53200000000044,-37.159000000000255,0.7595715127171734
32.9,-59.472000000000435,-37.12100000000026,1.7588648460505067,-59.472000000000435,-37.12100000000026,0.7588648460505067
33.0,-59.41200000000043,-37.08300000000026,1.7581581793838401,-59.41200000000043,-37.08300000000026,0.7581581793838401
33.1,-59.35200000000043,-37.045000000000265,1.7574515127171735,-59.35200000000043,-37.045000000000265,0.7574515127171735
33.2,-59.29200000000043,-37.00700000000027,1.7567448460505068,-59.29200000000043,-37.00700000000027,0.7567448460505068
33.300000000000004,-59.232000000000426,-36.96900000000027,1.7560381793838402,-59.232000000000426,-36.96900000000027,0.7560381793838402
33.4,-59.17200000000042,-36.931000000000274,1.7553315127171736,-59.17200000000042,-36.931000000000274,0.7553315127171736
33.5,-59.11200000000042,-36.894000000000275,1.754624846050507,-59.11200000000042,-36.894000000000275,0.754624846050507
33.6,-59.05200000000042,-36.857000000000276,1.7539181793838403,-59.05200000000042,-36.857000000000276,0.7539181793838403
33.7,-58.99200000000042,-36.82000000000028,1.7532115127171737,-58.99200000000042,-36.82000000000028,0.7532115127171737
33.800000000000004,-58.932000000000414,-36.78300000000028,1.752504846050507,-58.932000000000414,-36.78300000000028,0.752504846050507
33.9,-58.87300000000042,-36.74600000000028,1.7517981793838404,-58.87300000000042,-36.74600000000028,0.7517981793838404
34.0,-58.81400000000042,-36.70900000000028,1.7510915127171738,-58.81400000000042,-36.70900000000028,0.7510915127171738
34.1,-58.75500000000042,-36.67200000000028,1.7503848460505071,-58.75500000000042,-36.67200000000028,0.7503848460505071
34.2,-58.696000000000424,-36.63500000000028,1.7496781793838405,-58.696000000000424,-36.63500000000028,0.7496781793838405
34.300000000000004,-58.63700000000043,-36.59800000000028,1.7489715127171739,-58.63700000000043,-36.59800000000028,0.7489715127171739
34.4,-58.57800000000043,-36.561000000000284,1.7482648460505072,-58.57800000000043,-36.561000000000284,0.7482648460505072
34.5,-58.51900000000043,-36.524000000000285,1.7475581793838406,-58.51900000000043,-36.524000000000285,0.7475581793838406
34.6,-58.460000000000434,-36.487000000000286,1.746851512717174,-58.460000000000434,-36.487000000000286,0.746851512717174
34.7,-58.40100000000044,-36.45000000000029,1.7461448460505073,-58.40100000000044,-36.45000000000029,0.7461448460505073
34.800000000000004,-58.34200000000044,-36.41300000000029,1.7454381793838407,-58.34200000000044,-36.41300000000029,0.7454381793838407
34.9,-58.28300000000044,-36.37600000000029,1.744731512717174,-58.28300000000044,-36.37600000000029,0.7447315127171741
35.0,-58.224000000000444,-36.33900000000029,1.7440248460505074,-58.224000000000444,-36.33900000000029,0.7440248460505074
35.1,-58.16500000000045,-36.30200000000029,1.7433181793838408,-58.16500000000045,-36.30200000000029,0.7433181793838408
35.2,-58.10600000000045,-36.26500000000029,1.7426115127171742,-58.10600000000045,-36.26500000000029,0.7426115127171742
35.300000000000004,-58.04700000000045,-36.22800000000029,1.7419048460505075,-58.04700000000045,-36.22800000000029,0.7419048460505075
35.4,-57.988000000000454,-36.191000000000294,1.741198179383841,-57.988000000000454,-36.191000000000294,0.7411981793838409
35.5,-57.92900000000046,-36.154000000000295,1.7404915127171743,-57.92900000000046,-36.154000000000295,0.7404915127171743
35.6,-57.87100000000046,-36.117000000000296,1.7397848460505076,-57.87100000000046,-36.117000000000296,0.7397848460505076
35.7,-57.81300000000046,-36.0800000000003,1.739078179383841,-57.81300000000046,-36.0800000000003,0.739078179383841
35.800000000000004,-57.75500000000046,-36.0430000000003,1.7383715127171744,-57.75500000000046,-36.0430000000003,0.7383715127171744
35.9,-57.69700000000046,-36.0060000000003,1.7376648460505077,-57.69700000000046,-36.0060000000003,0.7376648460505077
36.0,-57.63900000000046,-35.9690000000003,1.7369581793838411,-57.63900000000046,-35.9690000000003,0.7369581793838411
36.1,-57.58100000000046,-35.9320000000003,1.7362515127171745,-57.58100000000046,-35.9320000000003,0.7362515127171745
36.2,-57.52300000000046,-35.8960000000003,1.7355448460505079,-57.52300000000046,-35.8960000000003,0.7355448460505079
36.300000000000004,-57.46500000000046,-35.8600000000003,1.7348381793838412,-57.46500000000046,-35.8600000000003,0.7348381793838412
36.4,-57.40700000000046,-35.8240000000003,1.7341315127171746,-57.40700000000046,-35.8240000000003,0.7341315127171746
36.5,-57.34900000000046,-35.788000000000295,1.733424846050508,-57.34900000000046,-35.788000000000295,0.733424846050508
36.6,-57.29100000000046,-35.752000000000294,1.7327181793838413,-57.29100000000046,-35.752000000000294,0.7327181793838413
36.7,-57.23300000000046,-35.71600000000029,1.7320115127171747,-57.23300000000046,-35.71600000000029,0.7320115127171747
36.800000000000004,-57.17500000000046,-35.68000000000029,1.731304846050508,-57.17500000000046,-35.68000000000029,0.731304846050508
36.9,-57.11700000000046,-35.64400000000029,1.7305981793838414,-57.11700000000046,-35.64400000000029,0.7305981793838414
37.0,-57.05900000000046,-35.60800000000029,1.7298915127171748,-57.05900000000046,-35.60800000000029,0.7298915127171748
37.1,-57.00100000000046,-35.57200000000029,1.7291848460505082,-57.00100000000046,-35.57200000000029,0.7291848460505082
37.2,-56.94300000000046,-35.536000000000286,1.7284781793838415,-56.94300000000046,-35.536000000000286,0.7284781793838415
37.300000000000004,-56.88500000000046,-35.500000000000284,1.727815841721504,-56.88500000000046,-35.500000000000284,0.7278158417215039
37.4,-56.82800000000046,-35.46400000000028,1.7271535040591663,-56.82800000000046,-35.46400000000028,0.7271535040591663
37.5,-56.771000000000456,-35.42800000000028,1.7264911663968288,-56.771000000000456,-35.42800000000028,0.7264911663968288
37.6,-56.71400000000045,-35.39200000000028,1.7258288287344912,-56.71400000000045,-35.39200000000028,0.7258288287344912
37.7,-56.65700000000045,-35.35600000000028,1.7251664910721536,-56.65700000000045,-35.35600000000028,0.7251664910721536
37.800000000000004,-56.60000000000045,-35.32000000000028,1.724504153409816,-56.60000000000045,-35.32000000000028,0.724504153409816
37.9,-56.54300000000045,-35.284000000000276,1.7238418157474784,-56.54300000000045,-35.284000000000276,0.7238418157474784
38.0,-56.486000000000445,-35.248000000000275,1.7231794780851408,-56.486000000000445,-35.248000000000275,0.7231794780851408
38.1,-56.42900000000044,-35.21200000000027,1.7225171404228032,-56.42900000000044,-35.21200000000027,0.7225171404228032
38.2,-56.37200000000044,-35.17600000000027,1.7218548027604657,-56.37200000000044,-35.17600000000027,0.7218548027604657
38.300000000000004,-56.31500000000044,-35.14000000000027,1.721192465098128,-56.31500000000044,-35.14000000000027,0.7211924650981281
38.400000000000006,-56.258000000000436,-35.10400000000027,1.7205301274357905,-56.258000000000436,-35.10400000000027,0.7205301274357905
38.5,-56.201000000000434,-35.06800000000027,1.719867789773453,-56.201000000000434,-35.06800000000027,0.7198677897734529
38.6,-56.14400000000043,-35.03200000000027,1.7192054521111153,-56.14400000000043,-35.03200000000027,0.7192054521111153
38.7,-56.08700000000043,-34.996000000000265,1.7185431144487777,-56.08700000000043,-34.996000000000265,0.7185431144487777
38.800000000000004,-56.03000000000043,-34.960000000000264,1.7178807767864401,-56.03000000000043,-34.960000000000264,0.7178807767864401
38.900000000000006,-55.973000000000425,-34.92500000000027,1.7172184391241025,-55.973000000000425,-34.92500000000027,0.7172184391241025
39.0,-55.91600000000042,-34.89000000000027,1.716556101461765,-55.91600000000042,-34.89000000000027,0.716556101461765
39.1,-55.860000000000426,-34.855000000000274,1.7158937637994274,-55.860000000000426,-34.855000000000274,0.7158937637994274
39.2,-55.80400000000043,-34.82000000000028,1.7152314261370898,-55.80400000000043,-34.82000000000028,0.7152314261370898
39.300000000000004,-55.74800000000043,-34.78500000000028,1.7145690884747522,-55.74800000000043,-34.78500000000028,0.7145690884747522
39.400000000000006,-55.692000000000434,-34.750000000000284,1.7139067508124146,-55.692000000000434,-34.750000000000284,0.7139067508124146
39.5,-55.636000000000436,-34.71500000000029,1.713244413150077,-55.636000000000436,-34.71500000000029,0.713244413150077
39.6,-55.58000000000044,-34.68000000000029,1.7125820754877394,-55.58000000000044,-34.68000000000029,0.7125820754877394
39.7,-55.52400000000044,-34.645000000000294,1.7119197378254019,-55.52400000000044,-34.645000000000294,0.7119197378254019
39.800000000000004,-55.468000000000444,-34.6100000000003,1.7112574001630643,-55.468000000000444,-34.6100000000003,0.7112574001630643
39.900000000000006,-55.41200000000045,-34.5750000000003,1.7105950625007267,-55.41200000000045,-34.5750000000003,0.7105950625007267
40.0,-55.35600000000045,-34.540000000000305,1.709932724838389,-55.35600000000045,-34.540000000000305,0.7099327248383891
40.1,-55.30000000000045,-34.50500000000031,1.7092703871760515,-55.30000000000045,-34.50500000000031,0.7092703871760515
40.2,-55.244000000000455,-34.47000000000031,1.708608049513714,-55.244000000000455,-34.47000000000031,0.7086080495137139
40.300000000000004,-55.18800000000046,-34.435000000000315,1.7079457118513763,-55.18800000000046,-34.435000000000315,0.7079457118513763
40.400000000000006,-55.13200000000046,-34.40000000000032,1.7072833741890387,-55.13200000000046,-34.40000000000032,0.7072833741890387
40.5,-55.07600000000046,-34.36500000000032,1.7066210365267012,-55.07600000000046,-34.36500000000032,0.7066210365267012
40.6,-55.020000000000465,-34.330000000000325,1.7059586988643636,-55.020000000000465,-34.330000000000325,0.7059586988643636
40.7,-54.96400000000047,-34.29500000000033,1.705296361202026,-54.96400000000047,-34.29500000000033,0.705296361202026
40.800000000000004,-54.90800000000047,-34.26000000000033,1.7046340235396884,-54.90800000000047,-34.26000000000033,0.7046340235396884
40.900000000000006,-54.85300000000047,-34.225000000000335,1.7039716858773508,-54.85300000000047,-34.225000000000335,0.7039716858773508
41.0,-54.79800000000047,-34.19000000000034,1.7033093482150132,-54.79800000000047,-34.19000000000034,0.7033093482150132
41.1,-54.74300000000047,-34.15500000000034,1.7026470105526756,-54.74300000000047,-34.15500000000034,0.7026470105526756
41.2,-54.68800000000047,-34.120000000000346,1.701984672890338,-54.68800000000047,-34.120000000000346,0.7019846728903381
41.300000000000004,-54.63300000000047,-34.08500000000035,1.7013223352280005,-54.63300000000047,-34.08500000000035,0.7013223352280005
41.400000000000006,-54.57800000000047,-34.05000000000035,1.7006599975656629,-54.57800000000047,-34.05000000000035,0.7006599975656629
41.5,-54.52300000000047,-34.015000000000356,1.6999976599033253,-54.52300000000047,-34.015000000000356,0.6999976599033253
41.6,-54.46800000000047,-33.98000000000036,1.6993353222409877,-54.46800000000047,-33.98000000000036,0.6993353222409877
41.7,-54.41300000000047,-33.94500000000036,1.6986729845786501,-54.41300000000047,-33.94500000000036,0.6986729845786501
41.800000000000004,-54.35800000000047,-33.911000000000364,1.6980106469163125,-54.35800000000047,-33.911000000000364,0.6980106469163125
41.900000000000006,-54.30300000000047,-33.877000000000365,1.697348309253975,-54.30300000000047,-33.877000000000365,0.697348309253975
42.0,-54.248000000000474,-33.843000000000366,1.6966859715916374,-54.248000000000474,-33.843000000000366,0.6966859715916374
42.1,-54.193000000000474,-33.80900000000037,1.6960236339292998,-54.193000000000474,-33.80900000000037,0.6960236339292998
42.2,-54.138000000000474,-33.77500000000037,1.6953612962669622,-54.138000000000474,-33.77500000000037,0.6953612962669622
42.300000000000004,-54.083000000000474,-33.74100000000037,1.6946989586046246,-54.083000000000474,-33.74100000000037,0.6946989586046246
42.400000000000006,-54.028000000000475,-33.70700000000037,1.694036620942287,-54.028000000000475,-33.70700000000037,0.694036620942287
42.5,-53.973000000000475,-33.67300000000037,1.6933742832799494,-53.973000000000475,-33.67300000000037,0.6933742832799494
42.6,-53.918000000000475,-33.63900000000037,1.6927119456176118,-53.918000000000475,-33.63900000000037,0.6927119456176118
42.7,-53.86400000000047,-33.60500000000037,1.6920496079552743,-53.86400000000047,-33.60500000000037,0.6920496079552743
42.800000000000004,-53.81000000000047,-33.571000000000375,1.6913872702929367,-53.81000000000047,-33.571000000000375,0.6913872702929367
42.900000000000006,-53.75600000000047,-33.537000000000376,1.690724932630599,-53.75600000000047,-33.537000000000376,0.6907249326305991
43.0,-53.70200000000047,-33.50300000000038,1.6900625949682615,-53.70200000000047,-33.50300000000038,0.6900625949682615
43.1,-53.648000000000465,-33.46900000000038,1.689400257305924,-53.648000000000465,-33.46900000000038,0.6894002573059239
43.2,-53.59400000000046,-33.43500000000038,1.6887379196435863,-53.59400000000046,-33.43500000000038,0.6887379196435863
43.300000000000004,-53.54000000000046,-33.40100000000038,1.6880755819812487,-53.54000000000046,-33.40100000000038,0.6880755819812487
43.400000000000006,-53.48600000000046,-33.36700000000038,1.6874132443189112,-53.48600000000046,-33.36700000000038,0.6874132443189112
43.5,-53.43200000000046,-33.33300000000038,1.6867509066565736,-53.43200000000046,-33.33300000000038,0.6867509066565736
43.6,-53.378000000000455,-33.29900000000038,1.686088568994236,-53.378000000000455,-33.29900000000038,0.686088568994236
43.7,-53.32400000000045,-33.265000000000384,1.6854262313318984,-53.32400000000045,-33.265000000000384,0.6854262313318984
43.800000000000004,-53.27000000000045,-33.231000000000385,1.6847638936695608,-53.27000000000045,-33.231000000000385,0.6847638936695608
43.900000000000006,-53.21600000000045,-33.197000000000386,1.6841015560072232,-53.21600000000045,-33.197000000000386,0.6841015560072232
44.0,-53.16200000000045,-33.16300000000039,1.6834392183448856,-53.16200000000045,-33.16300000000039,0.6834392183448856
44.1,-53.108000000000445,-33.12900000000039,1.6828189651803287,-53.108000000000445,-33.12900000000039,0.6828189651803287
44.2,-53.05400000000044,-33.09500000000039,1.6821987120157718,-53.05400000000044,-33.09500000000039,0.6821987120157718
44.300000000000004,-53.00000000000044,-33.06100000000039,1.6815784588512148,-53.00000000000044,-33.06100000000039,0.6815784588512148
44.400000000000006,-52.94600000000044,-33.02700000000039,1.6809582056866579,-52.94600000000044,-33.02700000000039,0.6809582056866579
44.5,-52.892000000000436,-32.99300000000039,1.680337952522101,-52.892000000000436,-32.99300000000039,0.6803379525221009
44.6,-52.83900000000044,-32.959000000000394,1.679717699357544,-52.83900000000044,-32.959000000000394,0.679717699357544
44.7,-52.78600000000044,-32.92600000000039,1.679097446192987,-52.78600000000044,-32.92600000000039,0.6790974461929871
44.800000000000004,-52.733000000000445,-32.89300000000039,1.6784771930284301,-52.733000000000445,-32.89300000000039,0.6784771930284301
44.900000000000006,-52.68000000000045,-32.86000000000039,1.6778569398638732,-52.68000000000045,-32.86000000000039,0.6778569398638732
45.0,-52.62700000000045,-32.82700000000039,1.6772366866993162,-52.62700000000045,-32.82700000000039,0.6772366866993162
45.1,-52.57400000000045,-32.79400000000039,1.6766164335347593,-52.57400000000045,-32.79400000000039,0.6766164335347593
45.2,-52.521000000000456,-32.76100000000039,1.6759961803702024,-52.521000000000456,-32.76100000000039,0.6759961803702024
45.300000000000004,-52.46800000000046,-32.728000000000385,1.6753759272056454,-52.46800000000046,-32.728000000000385,0.6753759272056454
45.400000000000006,-52.41500000000046,-32.695000000000384,1.6747556740410885,-52.41500000000046,-32.695000000000384,0.6747556740410885
45.5,-52.362000000000464,-32.66200000000038,1.6741354208765316,-52.362000000000464,-32.66200000000038,0.6741354208765316
45.6,-52.30900000000047,-32.62900000000038,1.6735151677119746,-52.30900000000047,-32.62900000000038,0.6735151677119746
45.7,-52.25600000000047,-32.59600000000038,1.6728949145474177,-52.25600000000047,-32.59600000000038,0.6728949145474177
45.800000000000004,-52.20300000000047,-32.56300000000038,1.6722746613828607,-52.20300000000047,-32.56300000000038,0.6722746613828607
45.900000000000006,-52.150000000000475,-32.53000000000038,1.6716544082183038,-52.150000000000475,-32.53000000000038,0.6716544082183038
46.0,-52.09700000000048,-32.49700000000038,1.6710341550537469,-52.09700000000048,-32.49700000000038,0.6710341550537469
46.1,-52.04400000000048,-32.464000000000375,1.67041390188919,-52.04400000000048,-32.464000000000375,0.6704139018891899
46.2,-51.99100000000048,-32.431000000000374,1.669793648724633,-51.99100000000048,-32.431000000000374,0.669793648724633
46.300000000000004,-51.938000000000486,-32.39800000000037,1.669173395560076,-51.938000000000486,-32.39800000000037,0.669173395560076
46.400000000000006,-51.886000000000486,-32.36500000000037,1.668553142395519,-51.886000000000486,-32.36500000000037,0.6685531423955191
46.5,-51.834000000000486,-32.33200000000037,1.6679328892309622,-51.834000000000486,-32.33200000000037,0.6679328892309622
46.6,-51.78200000000049,-32.29900000000037,1.6673126360664052,-51.78200000000049,-32.29900000000037,0.6673126360664052
46.7,-51.73000000000049,-32.26600000000037,1.6666923829018483,-51.73000000000049,-32.26600000000037,0.6666923829018483
46.800000000000004,-51.67800000000049,-32.23300000000037,1.6660721297372914,-51.67800000000049,-32.23300000000037,0.6660721297372914
46.900000000000006,-51.62600000000049,-32.200000000000365,1.6654518765727344,-51.62600000000049,-32.200000000000365,0.6654518765727344
47.0,-51.57400000000049,-32.167000000000364,1.6648316234081775,-51.57400000000049,-32.167000000000364,0.6648316234081775
47.1,-51.52200000000049,-32.13400000000036,1.6642113702436205,-51.52200000000049,-32.13400000000036,0.6642113702436205
47.2,-51.47000000000049,-32.10100000000036,1.6635911170790636,-51.47000000000049,-32.10100000000036,0.6635911170790636
47.300000000000004,-51.41800000000049,-32.06800000000036,1.6629708639145067,-51.41800000000049,-32.06800000000036,0.6629708639145067
47.400000000000006,-51.36600000000049,-32.03500000000036,1.6623506107499497,-51.36600000000049,-32.03500000000036,0.6623506107499497
47.5,-51.31400000000049,-32.00200000000036,1.6617303575853928,-51.31400000000049,-32.00200000000036,0.6617303575853928
47.6,-51.26200000000049,-31.969000000000356,1.6611101044208358,-51.26200000000049,-31.969000000000356,0.6611101044208358
47.7,-51.21000000000049,-31.936000000000355,1.660489851256279,-51.21000000000049,-31.936000000000355,0.6604898512562789
47.800000000000004,-51.15800000000049,-31.904000000000355,1.659869598091722,-51.15800000000049,-31.904000000000355,0.659869598091722
47.900000000000006,-51.10600000000049,-31.872000000000355,1.659249344927165,-51.10600000000049,-31.872000000000355,0.659249344927165
48.0,-51.05400000000049,-31.840000000000355,1.658629091762608,-51.05400000000049,-31.840000000000355,0.6586290917626081
48.1,-51.00200000000049,-31.808000000000355,1.6580088385980511,-51.00200000000049,-31.808000000000355,0.6580088385980511
48.2,-50.95000000000049,-31.776000000000355,1.6573885854334942,-50.95000000000049,-31.776000000000355,0.6573885854334942
48.300000000000004,-50.89800000000049,-31.744000000000355,1.6567683322689373,-50.89800000000049,-31.744000000000355,0.6567683322689373
48.400000000000006,-50.84700000000049,-31.712000000000355,1.6561480791043803,-50.84700000000049,-31.712000000000355,0.6561480791043803
48.5,-50.79600000000049,-31.680000000000355,1.6555278259398234,-50.79600000000049,-31.680000000000355,0.6555278259398234
48.6,-50.74500000000049,-31.648000000000355,1.6549075727752665,-50.74500000000049,-31.648000000000355,0.6549075727752665
48.7,-50.694000000000486,-31.616000000000355,1.6542873196107095,-50.694000000000486,-31.616000000000355,0.6542873196107095
48.800000000000004,-50.643000000000484,-31.584000000000355,1.6536670664461526,-50.643000000000484,-31.584000000000355,0.6536670664461526
48.900000000000006,-50.59200000000048,-31.552000000000355,1.6530468132815956,-50.59200000000048,-31.552000000000355,0.6530468132815956
49.0,-50.54100000000048,-31.520000000000355,1.6524265601170387,-50.54100000000048,-31.520000000000355,0.6524265601170387
49.1,-50.49000000000048,-31.488000000000355,1.6518063069524818,-50.49000000000048,-31.488000000000355,0.6518063069524818
49.2,-50.439000000000476,-31.456000000000355,1.6511860537879248,-50.439000000000476,-31.456000000000355,0.6511860537879248
49.300000000000004,-50.388000000000474,-31.424000000000355,1.6505658006233679,-50.388000000000474,-31.424000000000355,0.6505658006233679
49.400000000000006,-50.33700000000047,-31.392000000000355,1.649945547458811,-50.33700000000047,-31.392000000000355,0.649945547458811
49.5,-50.28600000000047,-31.360000000000355,1.649325294294254,-50.28600000000047,-31.360000000000355,0.649325294294254
49.6,-50.23500000000047,-31.328000000000355,1.648705041129697,-50.23500000000047,-31.328000000000355,0.6487050411296971
49.7,-50.18400000000047,-31.296000000000355,1.6480847879651401,-50.18400000000047,-31.296000000000355,0.6480847879651401
49.800000000000004,-50.133000000000465,-31.264000000000355,1.6474645348005832,-50.133000000000465,-31.264000000000355,0.6474645348005832
49.900000000000006,-50.08200000000046,-31.232000000000355,1.6468442816360263,-50.08200000000046,-31.232000000000355,0.6468442816360263
50.0,-50.03100000000046,-31.200000000000355,1.6462240284714693,-50.03100000000046,-31.200000000000355,0.6462240284714693
50.1,-49.98000000000046,-31.168000000000355,1.6456037753069124,-49.98000000000046,-31.168000000000355,0.6456037753069124
50.2,-49.92900000000046,-31.136000000000355,1.6449835221423554,-49.92900000000046,-31.136000000000355,0.6449835221423554
50.300000000000004,-49.87900000000046,-31.104000000000354,1.6443632689777985,-49.87900000000046,-31.104000000000354,0.6443632689777985
50.400000000000006,-49.82900000000046,-31.072000000000354,1.6437430158132416,-49.82900000000046,-31.072000000000354,0.6437430158132416
50.5,-49.779000000000465,-31.040000000000354,1.6431227626486846,-49.779000000000465,-31.040000000000354,0.6431227626486846
50.6,-49.72900000000047,-31.008000000000354,1.6425025094841277,-49.72900000000047,-31.008000000000354,0.6425025094841277
50.7,-49.67900000000047,-30.976000000000354,1.6418822563195707,-49.67900000000047,-30.976000000000354,0.6418822563195707
50.800000000000004,-49.629000000000474,-30.944000000000354,1.6412620031550138,-49.629000000000474,-30.944000000000354,0.6412620031550138
50.900000000000006,-49.57900000000048,-30.913000000000356,1.6406417499904569,-49.57900000000048,-30.913000000000356,0.6406417499904569
51.0,-49.52900000000048,-30.882000000000357,1.6400214968259,-49.52900000000048,-30.882000000000357,0.6400214968258999
51.1,-49.47900000000048,-30.851000000000358,1.6394412499123197,-49.47900000000048,-30.851000000000358,0.6394412499123197
51.2,-49.429000000000485,-30.82000000000036,1.6388610029987394,-49.429000000000485,-30.82000000000036,0.6388610029987394
51.300000000000004,-49.37900000000049,-30.78900000000036,1.638280756085159,-49.37900000000049,-30.78900000000036,0.6382807560851591
51.400000000000006,-49.32900000000049,-30.75800000000036,1.6377005091715788,-49.32900000000049,-30.75800000000036,0.6377005091715788
51.5,-49.279000000000494,-30.727000000000363,1.6371202622579986,-49.279000000000494,-30.727000000000363,0.6371202622579986
51.6,-49.2290000000005,-30.696000000000364,1.6365400153444183,-49.2290000000005,-30.696000000000364,0.6365400153444183
51.7,-49.1790000000005,-30.665000000000365,1.635959768430838,-49.1790000000005,-30.665000000000365,0.635959768430838
51.800000000000004,-49.1290000000005,-30.634000000000366,1.6353795215172577,-49.1290000000005,-30.634000000000366,0.6353795215172577
51.900000000000006,-49.079000000000505,-30.603000000000367,1.6347992746036775,-49.079000000000505,-30.603000000000367,0.6347992746036775
52.0,-49.02900000000051,-30.57200000000037,1.6342190276900972,-49.02900000000051,-30.57200000000037,0.6342190276900972
52.1,-48.97900000000051,-30.54100000000037,1.633638780776517,-48.97900000000051,-30.54100000000037,0.6336387807765169
52.2,-48.929000000000514,-30.51000000000037,1.6330585338629366,-48.929000000000514,-30.51000000000037,0.6330585338629366
52.300000000000004,-48.880000000000514,-30.479000000000372,1.6324782869493564,-48.880000000000514,-30.479000000000372,0.6324782869493564
52.400000000000006,-48.831000000000515,-30.448000000000373,1.631898040035776,-48.831000000000515,-30.448000000000373,0.6318980400357761
52.5,-48.782000000000515,-30.417000000000375,1.6313177931221958,-48.782000000000515,-30.417000000000375,0.6313177931221958
52.6,-48.733000000000516,-30.386000000000376,1.6307375462086156,-48.733000000000516,-30.386000000000376,0.6307375462086156
52.7,-48.684000000000516,-30.355000000000377,1.6301572992950353,-48.684000000000516,-30.355000000000377,0.6301572992950353
52.800000000000004,-48.63500000000052,-30.324000000000378,1.629577052381455,-48.63500000000052,-30.324000000000378,0.629577052381455
52.900000000000006,-48.58600000000052,-30.29300000000038,1.6289968054678747,-48.58600000000052,-30.29300000000038,0.6289968054678747
53.0,-48.53700000000052,-30.26200000000038,1.6284165585542945,-48.53700000000052,-30.26200000000038,0.6284165585542945
53.1,-48.48800000000052,-30.231000000000382,1.6278363116407142,-48.48800000000052,-30.231000000000382,0.6278363116407142
53.2,-48.43900000000052,-30.200000000000383,1.627256064727134,-48.43900000000052,-30.200000000000383,0.6272560647271339
53.300000000000004,-48.39000000000052,-30.169000000000384,1.6266758178135536,-48.39000000000052,-30.169000000000384,0.6266758178135536
53.400000000000006,-48.34100000000052,-30.138000000000385,1.6260955708999734,-48.34100000000052,-30.138000000000385,0.6260955708999734
53.5,-48.29200000000052,-30.107000000000387,1.625515323986393,-48.29200000000052,-30.107000000000387,0.6255153239863931
53.6,-48.24300000000052,-30.076000000000388,1.6249350770728128,-48.24300000000052,-30.076000000000388,0.6249350770728128
53.7,-48.19400000000052,-30.04500000000039,1.6243548301592325,-48.19400000000052,-30.04500000000039,0.6243548301592325
53.800000000000004,-48.14500000000052,-30.01400000000039,1.6237745832456523,-48.14500000000052,-30.01400000000039,0.6237745832456523
53.900000000000006,-48.09600000000052,-29.98300000000039,1.623194336332072,-48.09600000000052,-29.98300000000039,0.623194336332072
54.0,-48.04700000000052,-29.952000000000393,1.6226140894184917,-48.04700000000052,-29.952000000000393,0.6226140894184917
54.1,-47.99800000000052,-29.92200000000039,1.6220338425049114,-47.99800000000052,-29.92200000000039,0.6220338425049114
54.2,-47.949000000000524,-29.89200000000039,1.6214535955913312,-47.949000000000524,-29.89200000000039,0.6214535955913312
54.300000000000004,-47.90100000000052,-29.86200000000039,1.620873348677751,-47.90100000000052,-29.86200000000039,0.6208733486777509
54.400000000000006,-47.85300000000052,-29.832000000000388,1.6202931017641706,-47.85300000000052,-29.832000000000388,0.6202931017641706
54.5,-47.80500000000052,-29.802000000000387,1.6197128548505904,-47.80500000000052,-29.802000000000387,0.6197128548505904
54.6,-47.75700000000052,-29.772000000000386,1.61913260793701,-47.75700000000052,-29.772000000000386,0.6191326079370101
54.7,-47.709000000000515,-29.742000000000385,1.6185523610234298,-47.709000000000515,-29.742000000000385,0.6185523610234298
54.800000000000004,-47.66100000000051,-29.712000000000383,1.6179721141098495,-47.66100000000051,-29.712000000000383,0.6179721141098495
54.900000000000006,-47.61300000000051,-29.682000000000382,1.6173918671962693,-47.61300000000051,-29.682000000000382,0.6173918671962693
55.0,-47.56500000000051,-29.65200000000038,1.616811620282689,-47.56500000000051,-29.65200000000038,0.616811620282689
55.1,-47.51700000000051,-29.62200000000038,1.6162313733691087,-47.51700000000051,-29.62200000000038,0.6162313733691087
55.2,-47.469000000000506,-29.59200000000038,1.6156511264555284,-47.469000000000506,-29.59200000000038,0.6156511264555284
55.300000000000004,-47.421000000000504,-29.562000000000378,1.6150708795419482,-47.421000000000504,-29.562000000000378,0.6150708795419482
55.400000000000006,-47.3730000000005,-29.532000000000377,1.614490632628368,-47.3730000000005,-29.532000000000377,0.6144906326283679
55.5,-47.3250000000005,-29.502000000000375,1.6139103857147876,-47.3250000000005,-29.502000000000375,0.6139103857147876
55.6,-47.2770000000005,-29.472000000000374,1.6133301388012073,-47.2770000000005,-29.472000000000374,0.6133301388012073
55.7,-47.2290000000005,-29.442000000000373,1.612749891887627,-47.2290000000005,-29.442000000000373,0.6127498918876271
55.800000000000004,-47.181000000000495,-29.412000000000372,1.6121696449740468,-47.181000000000495,-29.412000000000372,0.6121696449740468
55.900000000000006,-47.13300000000049,-29.38200000000037,1.6115893980604665,-47.13300000000049,-29.38200000000037,0.6115893980604665
56.0,-47.08500000000049,-29.35200000000037,1.6110091511468863,-47.08500000000049,-29.35200000000037,0.6110091511468863
56.1,-47.03700000000049,-29.32200000000037,1.610428904233306,-47.03700000000049,-29.32200000000037,0.610428904233306
56.2,-46.98900000000049,-29.292000000000368,1.6098486573197257,-46.98900000000049,-29.292000000000368,0.6098486573197257
56.300000000000004,-46.941000000000486,-29.262000000000366,1.6092684104061454,-46.941000000000486,-29.262000000000366,0.6092684104061454
56.400000000000006,-46.89400000000049,-29.232000000000365,1.6086881634925652,-46.89400000000049,-29.232000000000365,0.6086881634925652
56.5,-46.84700000000049,-29.202000000000364,1.6081079165789849,-46.84700000000049,-29.202000000000364,0.6081079165789849
56.6,-46.800000000000495,-29.172000000000363,1.6075276696654046,-46.800000000000495,-29.172000000000363,0.6075276696654046
56.7,-46.7530000000005,-29.142000000000362,1.6069474227518243,-46.7530000000005,-29.142000000000362,0.6069474227518243
56.800000000000004,-46.7060000000005,-29.11200000000036,1.606367175838244,-46.7060000000005,-29.11200000000036,0.6063671758382441
56.900000000000006,-46.6590000000005,-29.08200000000036,1.6057869289246638,-46.6590000000005,-29.08200000000036,0.6057869289246638
57.0,-46.612000000000506,-29.05200000000036,1.6052066820110835,-46.612000000000506,-29.05200000000036,0.6052066820110835
57.1,-46.56500000000051,-29.022000000000357,1.6046264350975032,-46.56500000000051,-29.022000000000357,0.6046264350975032
57.2,-46.51800000000051,-28.992000000000356,1.604046188183923,-46.51800000000051,-28.992000000000356,0.604046188183923
57.300000000000004,-46.471000000000515,-28.962000000000355,1.6034659412703427,-46.471000000000515,-28.962000000000355,0.6034659412703427
57.400000000000006,-46.42400000000052,-28.933000000000355,1.6028856943567624,-46.42400000000052,-28.933000000000355,0.6028856943567624
57.5,-46.37700000000052,-28.904000000000355,1.6023054474431822,-46.37700000000052,-28.904000000000355,0.6023054474431822
57.6,-46.330000000000524,-28.875000000000355,1.6017252005296019,-46.330000000000524,-28.875000000000355,0.6017252005296019
57.7,-46.28300000000053,-28.846000000000355,1.6011449536160216,-46.28300000000053,-28.846000000000355,0.6011449536160216
57.800000000000004,-46.23600000000053,-28.817000000000355,1.6005647067024413,-46.23600000000053,-28.817000000000355,0.6005647067024413
57.900000000000006,-46.18900000000053,-28.788000000000356,1.599984459788861,-46.18900000000053,-28.788000000000356,0.5999844597888611
58.0,-46.142000000000536,-28.759000000000356,1.5994042128752808,-46.142000000000536,-28.759000000000356,0.5994042128752808
58.1,-46.09500000000054,-28.730000000000356,1.598862044200582,-46.09500000000054,-28.730000000000356,0.5988620442005821
58.2,-46.04800000000054,-28.701000000000356,1.5983198755258834,-46.04800000000054,-28.701000000000356,0.5983198755258834
58.300000000000004,-46.001000000000545,-28.672000000000356,1.5977777068511847,-46.001000000000545,-28.672000000000356,0.5977777068511847
58.400000000000006,-45.95400000000055,-28.643000000000356,1.597235538176486,-45.95400000000055,-28.643000000000356,0.597235538176486
58.5,-45.90700000000055,-28.614000000000356,1.5966933695017873,-45.90700000000055,-28.614000000000356,0.5966933695017873
58.6,-45.86100000000055,-28.585000000000356,1.5961512008270886,-45.86100000000055,-28.585000000000356,0.5961512008270886
58.7,-45.81500000000055,-28.556000000000356,1.59560903215239,-45.81500000000055,-28.556000000000356,0.5956090321523899
58.800000000000004,-45.76900000000055,-28.527000000000356,1.5950668634776912,-45.76900000000055,-28.527000000000356,0.5950668634776912
58.900000000000006,-45.72300000000055,-28.498000000000356,1.5945246948029925,-45.72300000000055,-28.498000000000356,0.5945246948029925
59.0,-45.677000000000554,-28.469000000000356,1.5939825261282938,-45.677000000000554,-28.469000000000356,0.5939825261282938
59.1,-45.631000000000554,-28.440000000000357,1.5934403574535951,-45.631000000000554,-28.440000000000357,0.5934403574535951
59.2,-45.585000000000555,-28.411000000000357,1.5928981887788964,-45.585000000000555,-28.411000000000357,0.5928981887788964
59.300000000000004,-45.539000000000556,-28.382000000000357,1.5923560201041977,-45.539000000000556,-28.382000000000357,0.5923560201041977
59.400000000000006,-45.493000000000556,-28.353000000000357,1.591813851429499,-45.493000000000556,-28.353000000000357,0.591813851429499
59.5,-45.44700000000056,-28.324000000000357,1.5912716827548004,-45.44700000000056,-28.324000000000357,0.5912716827548004
59.6,-45.40100000000056,-28.295000000000357,1.5907295140801017,-45.40100000000056,-28.295000000000357,0.5907295140801017
59.7,-45.35500000000056,-28.266000000000357,1.590187345405403,-45.35500000000056,-28.266000000000357,0.590187345405403
59.800000000000004,-45.30900000000056,-28.237000000000357,1.5896451767307043,-45.30900000000056,-28.237000000000357,0.5896451767307043
59.900000000000006,-45.26300000000056,-28.208000000000357,1.5891030080560056,-45.26300000000056,-28.208000000000357,0.5891030080560056
60.0,-45.21700000000056,-28.179000000000357,1.5885608393813069,-45.21700000000056,-28.179000000000357,0.5885608393813069
60.1,-45.17100000000056,-28.150000000000357,1.5880186707066082,-45.17100000000056,-28.150000000000357,0.5880186707066082
60.2,-45.12500000000056,-28.121000000000357,1.5874765020319095,-45.12500000000056,-28.121000000000357,0.5874765020319095
60.300000000000004,-45.07900000000056,-28.092000000000358,1.5869343333572108,-45.07900000000056,-28.092000000000358,0.5869343333572108
60.400000000000006,-45.03300000000056,-28.063000000000358,1.586392164682512,-45.03300000000056,-28.063000000000358,0.5863921646825121
60.5,-44.98700000000056,-28.034000000000358,1.5858499960078134,-44.98700000000056,-28.034000000000358,0.5858499960078134
60.6,-44.941000000000564,-28.005000000000358,1.5853078273331147,-44.941000000000564,-28.005000000000358,0.5853078273331147
60.7,-44.89600000000056,-27.976000000000358,1.584765658658416,-44.89600000000056,-27.976000000000358,0.584765658658416
60.800000000000004,-44.85100000000056,-27.947000000000358,1.5842234899837173,-44.85100000000056,-27.947000000000358,0.5842234899837173
60.900000000000006,-44.80600000000056,-27.91900000000036,1.5836813213090186,-44.80600000000056,-27.91900000000036,0.5836813213090186
61.0,-44.76100000000056,-27.89100000000036,1.58313915263432,-44.76100000000056,-27.89100000000036,0.5831391526343199
61.1,-44.716000000000555,-27.863000000000362,1.5825969839596212,-44.716000000000555,-27.863000000000362,0.5825969839596212
61.2,-44.671000000000554,-27.835000000000363,1.5820548152849225,-44.671000000000554,-27.835000000000363,0.5820548152849225
61.300000000000004,-44.62600000000055,-27.807000000000365,1.5815126466102238,-44.62600000000055,-27.807000000000365,0.5815126466102238
61.400000000000006,-44.58100000000055,-27.779000000000366,1.5809704779355251,-44.58100000000055,-27.779000000000366,0.5809704779355251
61.5,-44.53600000000055,-27.751000000000367,1.5804283092608264,-44.53600000000055,-27.751000000000367,0.5804283092608264
61.6,-44.49100000000055,-27.72300000000037,1.5798861405861278,-44.49100000000055,-27.72300000000037,0.5798861405861278
61.7,-44.446000000000545,-27.69500000000037,1.579343971911429,-44.446000000000545,-27.69500000000037,0.5793439719114291
61.800000000000004,-44.40100000000054,-27.66700000000037,1.5788018032367304,-44.40100000000054,-27.66700000000037,0.5788018032367304
61.900000000000006,-44.35600000000054,-27.639000000000372,1.5782596345620317,-44.35600000000054,-27.639000000000372,0.5782596345620317
62.0,-44.31100000000054,-27.611000000000374,1.577717465887333,-44.31100000000054,-27.611000000000374,0.577717465887333
62.1,-44.26600000000054,-27.583000000000375,1.5771752972126343,-44.26600000000054,-27.583000000000375,0.5771752972126343
62.2,-44.22100000000054,-27.555000000000376,1.5766331285379356,-44.22100000000054,-27.555000000000376,0.5766331285379356
62.300000000000004,-44.176000000000535,-27.527000000000378,1.5760909598632369,-44.176000000000535,-27.527000000000378,0.5760909598632369
62.400000000000006,-44.13100000000053,-27.49900000000038,1.5755487911885382,-44.13100000000053,-27.49900000000038,0.5755487911885382
62.5,-44.08600000000053,-27.47100000000038,1.5750066225138395,-44.08600000000053,-27.47100000000038,0.5750066225138395
62.6,-44.04100000000053,-27.44300000000038,1.5744644538391408,-44.04100000000053,-27.44300000000038,0.5744644538391408
62.7,-43.99600000000053,-27.415000000000383,1.573922285164442,-43.99600000000053,-27.415000000000383,0.5739222851644421
62.800000000000004,-43.951000000000526,-27.387000000000384,1.5733801164897434,-43.951000000000526,-27.387000000000384,0.5733801164897434
62.900000000000006,-43.90700000000053,-27.359000000000385,1.5728379478150447,-43.90700000000053,-27.359000000000385,0.5728379478150447
63.0,-43.86300000000053,-27.331000000000387,1.572295779140346,-43.86300000000053,-27.331000000000387,0.572295779140346
63.1,-43.819000000000536,-27.303000000000388,1.5717536104656473,-43.819000000000536,-27.303000000000388,0.5717536104656473
63.2,-43.77500000000054,-27.27500000000039,1.5712114417909486,-43.77500000000054,-27.27500000000039,0.5712114417909486
63.300000000000004,-43.73100000000054,-27.24700000000039,1.57066927311625,-43.73100000000054,-27.24700000000039,0.5706692731162499
63.400000000000006,-43.687000000000545,-27.219000000000392,1.5701271044415512,-43.687000000000545,-27.219000000000392,0.5701271044415512
63.5,-43.64300000000055,-27.191000000000393,1.5695849357668525,-43.64300000000055,-27.191000000000393,0.5695849357668525
63.6,-43.59900000000055,-27.163000000000395,1.5690427670921538,-43.59900000000055,-27.163000000000395,0.5690427670921538
63.7,-43.555000000000554,-27.135000000000396,1.5685005984174551,-43.555000000000554,-27.135000000000396,0.5685005984174551
63.800000000000004,-43.51100000000056,-27.107000000000397,1.5679584297427565,-43.51100000000056,-27.107000000000397,0.5679584297427565
63.900000000000006,-43.46700000000056,-27.0790000000004,1.5674162610680578,-43.46700000000056,-27.0790000000004,0.5674162610680578
64.0,-43.42300000000056,-27.0510000000004,1.566874092393359,-43.42300000000056,-27.0510000000004,0.5668740923933591
64.10000000000001,-43.379000000000566,-27.0230000000004,1.5663319237186604,-43.379000000000566,-27.0230000000004,0.5663319237186604
64.2,-43.33500000000057,-26.995000000000402,1.5657897550439617,-43.33500000000057,-26.995000000000402,0.5657897550439617
64.3,-43.29100000000057,-26.967000000000404,1.565247586369263,-43.29100000000057,-26.967000000000404,0.565247586369263
64.4,-43.247000000000575,-26.940000000000403,1.5647054176945643,-43.247000000000575,-26.940000000000403,0.5647054176945643
64.5,-43.20300000000058,-26.9130000000004,1.5641632490198656,-43.20300000000058,-26.9130000000004,0.5641632490198656
64.60000000000001,-43.15900000000058,-26.8860000000004,1.563621080345167,-43.15900000000058,-26.8860000000004,0.5636210803451669
64.7,-43.115000000000585,-26.8590000000004,1.5630789116704682,-43.115000000000585,-26.8590000000004,0.5630789116704682
64.8,-43.07100000000059,-26.8320000000004,1.5625367429957695,-43.07100000000059,-26.8320000000004,0.5625367429957695
64.9,-43.02700000000059,-26.805000000000398,1.5619945743210708,-43.02700000000059,-26.805000000000398,0.5619945743210708
65.0,-42.983000000000594,-26.778000000000397,1.561452405646372,-42.983000000000594,-26.778000000000397,0.5614524056463721
65.10000000000001,-42.9390000000006,-26.751000000000396,1.5609102369716734,-42.9390000000006,-26.751000000000396,0.5609102369716734
65.2,-42.8960000000006,-26.724000000000395,1.5603680682969747,-42.8960000000006,-26.724000000000395,0.5603680682969747
65.3,-42.8530000000006,-26.697000000000394,1.5598621859440336,-42.8530000000006,-26.697000000000394,0.5598621859440336
65.4,-42.8100000000006,-26.670000000000393,1.5593563035910925,-42.8100000000006,-26.670000000000393,0.5593563035910925
65.5,-42.7670000000006,-26.64300000000039,1.5588504212381513,-42.7670000000006,-26.64300000000039,0.5588504212381513
65.60000000000001,-42.7240000000006,-26.61600000000039,1.5583445388852102,-42.7240000000006,-26.61600000000039,0.5583445388852102
65.7,-42.6810000000006,-26.58900000000039,1.557838656532269,-42.6810000000006,-26.58900000000039,0.557838656532269
65.8,-42.6380000000006,-26.56200000000039,1.557332774179328,-42.6380000000006,-26.56200000000039,0.5573327741793279
65.9,-42.5950000000006,-26.535000000000387,1.5568268918263868,-42.5950000000006,-26.535000000000387,0.5568268918263868
66.0,-42.552000000000604,-26.508000000000386,1.5563210094734456,-42.552000000000604,-26.508000000000386,0.5563210094734456
66.10000000000001,-42.509000000000604,-26.481000000000385,1.5558151271205045,-42.509000000000604,-26.481000000000385,0.5558151271205045
66.2,-42.466000000000605,-26.454000000000384,1.5553092447675634,-42.466000000000605,-26.454000000000384,0.5553092447675634
66.3,-42.423000000000606,-26.427000000000383,1.5548033624146222,-42.423000000000606,-26.427000000000383,0.5548033624146222
66.4,-42.38000000000061,-26.400000000000382,1.5542974800616811,-42.38000000000061,-26.400000000000382,0.5542974800616811
66.5,-42.33700000000061,-26.37300000000038,1.55379159770874,-42.33700000000061,-26.37300000000038,0.55379159770874
66.60000000000001,-42.29400000000061,-26.34600000000038,1.5532857153557988,-42.29400000000061,-26.34600000000038,0.5532857153557988
66.7,-42.25100000000061,-26.31900000000038,1.5527798330028577,-42.25100000000061,-26.31900000000038,0.5527798330028577
66.8,-42.20800000000061,-26.292000000000378,1.5522739506499166,-42.20800000000061,-26.292000000000378,0.5522739506499166
66.9,-42.16500000000061,-26.265000000000377,1.5517680682969754,-42.16500000000061,-26.265000000000377,0.5517680682969754
67.0,-42.12200000000061,-26.238000000000376,1.5512621859440343,-42.12200000000061,-26.238000000000376,0.5512621859440343
67.10000000000001,-42.07900000000061,-26.211000000000375,1.5507563035910932,-42.07900000000061,-26.211000000000375,0.5507563035910932
67.2,-42.03600000000061,-26.184000000000374,1.550250421238152,-42.03600000000061,-26.184000000000374,0.550250421238152
67.3,-41.99300000000061,-26.157000000000373,1.549744538885211,-41.99300000000061,-26.157000000000373,0.5497445388852109
67.4,-41.950000000000614,-26.130000000000372,1.5492386565322698,-41.950000000000614,-26.130000000000372,0.5492386565322698
67.5,-41.90800000000061,-26.10300000000037,1.5487327741793286,-41.90800000000061,-26.10300000000037,0.5487327741793286
67.60000000000001,-41.86600000000061,-26.07600000000037,1.5482268918263875,-41.86600000000061,-26.07600000000037,0.5482268918263875
67.7,-41.82400000000061,-26.04900000000037,1.5477210094734464,-41.82400000000061,-26.04900000000037,0.5477210094734464
67.8,-41.78200000000061,-26.022000000000368,1.5472151271205052,-41.78200000000061,-26.022000000000368,0.5472151271205052
67.9,-41.740000000000606,-25.995000000000367,1.546709244767564,-41.740000000000606,-25.995000000000367,0.5467092447675641
68.0,-41.698000000000604,-25.968000000000366,1.546203362414623,-41.698000000000604,-25.968000000000366,0.546203362414623
68.10000000000001,-41.6560000000006,-25.942000000000366,1.5456974800616818,-41.6560000000006,-25.942000000000366,0.5456974800616818
68.2,-41.6140000000006,-25.916000000000366,1.5451915977087407,-41.6140000000006,-25.916000000000366,0.5451915977087407
68.3,-41.5720000000006,-25.890000000000366,1.5446857153557996,-41.5720000000006,-25.890000000000366,0.5446857153557996
68.4,-41.5300000000006,-25.864000000000367,1.5441798330028584,-41.5300000000006,-25.864000000000367,0.5441798330028584
68.5,-41.488000000000596,-25.838000000000367,1.5436739506499173,-41.488000000000596,-25.838000000000367,0.5436739506499173
68.60000000000001,-41.446000000000595,-25.812000000000367,1.5431680682969762,-41.446000000000595,-25.812000000000367,0.5431680682969762
68.7,-41.40400000000059,-25.786000000000367,1.542662185944035,-41.40400000000059,-25.786000000000367,0.542662185944035
68.8,-41.36200000000059,-25.760000000000367,1.542156303591094,-41.36200000000059,-25.760000000000367,0.5421563035910939
68.9,-41.32000000000059,-25.734000000000368,1.5416504212381528,-41.32000000000059,-25.734000000000368,0.5416504212381528
69.0,-41.27800000000059,-25.708000000000368,1.5411445388852116,-41.27800000000059,-25.708000000000368,0.5411445388852116
69.10000000000001,-41.23600000000059,-25.682000000000368,1.5406386565322705,-41.23600000000059,-25.682000000000368,0.5406386565322705
69.2,-41.194000000000585,-25.65600000000037,1.5401327741793294,-41.194000000000585,-25.65600000000037,0.5401327741793294
69.3,-41.152000000000584,-25.63000000000037,1.5396268918263882,-41.152000000000584,-25.63000000000037,0.5396268918263882
69.4,-41.11000000000058,-25.60400000000037,1.539121009473447,-41.11000000000058,-25.60400000000037,0.5391210094734471
69.5,-41.06800000000058,-25.57800000000037,1.538615127120506,-41.06800000000058,-25.57800000000037,0.538615127120506
69.60000000000001,-41.02600000000058,-25.55200000000037,1.5381092447675648,-41.02600000000058,-25.55200000000037,0.5381092447675648
69.7,-40.98400000000058,-25.52600000000037,1.5376033624146237,-40.98400000000058,-25.52600000000037,0.5376033624146237
69.8,-40.942000000000576,-25.50000000000037,1.5370974800616826,-40.942000000000576,-25.50000000000037,0.5370974800616826
69.9,-40.90100000000058,-25.47400000000037,1.5365915977087414,-40.90100000000058,-25.47400000000037,0.5365915977087414
70.0,-40.86000000000058,-25.44800000000037,1.5360857153558003,-40.86000000000058,-25.44800000000037,0.5360857153558003
70.10000000000001,-40.819000000000585,-25.42200000000037,1.5355798330028592,-40.819000000000585,-25.42200000000037,0.5355798330028592
70.2,-40.77800000000059,-25.39600000000037,1.535073950649918,-40.77800000000059,-25.39600000000037,0.535073950649918
70.3,-40.73700000000059,-25.37000000000037,1.534568068296977,-40.73700000000059,-25.37000000000037,0.5345680682969769
70.4,-40.696000000000595,-25.34400000000037,1.5340621859440358,-40.696000000000595,-25.34400000000037,0.5340621859440358
70.5,-40.6550000000006,-25.31800000000037,1.5335563035910946,-40.6550000000006,-25.31800000000037,0.5335563035910946
70.60000000000001,-40.6140000000006,-25.29200000000037,1.5330504212381535,-40.6140000000006,-25.29200000000037,0.5330504212381535
70.7,-40.573000000000604,-25.26600000000037,1.5325445388852124,-40.573000000000604,-25.26600000000037,0.5325445388852124
70.8,-40.53200000000061,-25.24000000000037,1.5320386565322712,-40.53200000000061,-25.24000000000037,0.5320386565322712
70.9,-40.49100000000061,-25.21400000000037,1.53153277417933,-40.49100000000061,-25.21400000000037,0.5315327741793301
71.0,-40.450000000000614,-25.188000000000372,1.531026891826389,-40.450000000000614,-25.188000000000372,0.531026891826389
71.10000000000001,-40.40900000000062,-25.162000000000372,1.5305210094734478,-40.40900000000062,-25.162000000000372,0.5305210094734478
71.2,-40.36800000000062,-25.136000000000372,1.5300151271205067,-40.36800000000062,-25.136000000000372,0.5300151271205067
71.3,-40.32700000000062,-25.110000000000372,1.5295092447675656,-40.32700000000062,-25.110000000000372,0.5295092447675656
71.4,-40.28600000000063,-25.084000000000373,1.5290033624146244,-40.28600000000063,-25.084000000000373,0.5290033624146244
71.5,-40.24500000000063,-25.058000000000373,1.5284974800616833,-40.24500000000063,-25.058000000000373,0.5284974800616833
71.60000000000001,-40.20400000000063,-25.032000000000373,1.5279915977087422,-40.20400000000063,-25.032000000000373,0.5279915977087422
71.7,-40.163000000000636,-25.006000000000373,1.527485715355801,-40.163000000000636,-25.006000000000373,0.527485715355801
71.8,-40.12200000000064,-24.980000000000373,1.5269798330028599,-40.12200000000064,-24.980000000000373,0.5269798330028599
71.9,-40.08100000000064,-24.954000000000374,1.5264739506499188,-40.08100000000064,-24.954000000000374,0.5264739506499188
72.0,-40.040000000000646,-24.929000000000375,1.5259680682969776,-40.040000000000646,-24.929000000000375,0.5259680682969776
72.10000000000001,-39.99900000000065,-24.904000000000377,1.5254621859440365,-39.99900000000065,-24.904000000000377,0.5254621859440365
72.2,-39.95800000000065,-24.879000000000378,1.5249563035910954,-39.95800000000065,-24.879000000000378,0.5249563035910954
72.3,-39.91800000000065,-24.85400000000038,1.5244504212381542,-39.91800000000065,-24.85400000000038,0.5244504212381542
72.4,-39.878000000000654,-24.82900000000038,1.523944538885213,-39.878000000000654,-24.82900000000038,0.5239445388852131
72.5,-39.838000000000655,-24.804000000000382,1.523438656532272,-39.838000000000655,-24.804000000000382,0.523438656532272
72.60000000000001,-39.798000000000656,-24.779000000000384,1.5229327741793308,-39.798000000000656,-24.779000000000384,0.5229327741793308
72.7,-39.758000000000656,-24.754000000000385,1.5224615098115146,-39.758000000000656,-24.754000000000385,0.5224615098115146
72.8,-39.71800000000066,-24.729000000000386,1.5219902454436984,-39.71800000000066,-24.729000000000386,0.5219902454436984
72.9,-39.67800000000066,-24.704000000000388,1.5215189810758822,-39.67800000000066,-24.704000000000388,0.5215189810758822
73.0,-39.63800000000066,-24.67900000000039,1.521047716708066,-39.63800000000066,-24.67900000000039,0.521047716708066
73.10000000000001,-39.59800000000066,-24.65400000000039,1.5205764523402499,-39.59800000000066,-24.65400000000039,0.5205764523402499
73.2,-39.55800000000066,-24.629000000000392,1.5201051879724337,-39.55800000000066,-24.629000000000392,0.5201051879724337
73.3,-39.51800000000066,-24.604000000000394,1.5196339236046175,-39.51800000000066,-24.604000000000394,0.5196339236046175
73.4,-39.47800000000066,-24.579000000000395,1.5191626592368013,-39.47800000000066,-24.579000000000395,0.5191626592368013
73.5,-39.43800000000066,-24.554000000000396,1.518691394868985,-39.43800000000066,-24.554000000000396,0.5186913948689851
73.60000000000001,-39.398000000000664,-24.529000000000398,1.5182201305011689,-39.398000000000664,-24.529000000000398,0.5182201305011689
73.7,-39.358000000000665,-24.5040000000004,1.5177488661333527,-39.358000000000665,-24.5040000000004,0.5177488661333527
73.8,-39.318000000000666,-24.4790000000004,1.5172776017655365,-39.318000000000666,-24.4790000000004,0.5172776017655365
73.9,-39.27800000000067,-24.454000000000402,1.5168063373977203,-39.27800000000067,-24.454000000000402,0.5168063373977203
74.0,-39.23800000000067,-24.429000000000404,1.5163350730299041,-39.23800000000067,-24.429000000000404,0.5163350730299041
74.10000000000001,-39.19800000000067,-24.404000000000405,1.515863808662088,-39.19800000000067,-24.404000000000405,0.5158638086620879
74.2,-39.15800000000067,-24.379000000000406,1.5153925442942717,-39.15800000000067,-24.379000000000406,0.5153925442942717
74.3,-39.11800000000067,-24.354000000000408,1.5149212799264555,-39.11800000000067,-24.354000000000408,0.5149212799264555
74.4,-39.07800000000067,-24.32900000000041,1.5144500155586393,-39.07800000000067,-24.32900000000041,0.5144500155586393
74.5,-39.03800000000067,-24.30400000000041,1.5139787511908231,-39.03800000000067,-24.30400000000041,0.5139787511908231
74.60000000000001,-38.99800000000067,-24.279000000000412,1.513507486823007,-38.99800000000067,-24.279000000000412,0.513507486823007
74.7,-38.95800000000067,-24.254000000000413,1.5130362224551908,-38.95800000000067,-24.254000000000413,0.5130362224551908
74.8,-38.91900000000067,-24.229000000000415,1.5125649580873746,-38.91900000000067,-24.229000000000415,0.5125649580873746
74.9,-38.88000000000067,-24.204000000000416,1.5120936937195584,-38.88000000000067,-24.204000000000416,0.5120936937195584
75.0,-38.84100000000067,-24.179000000000418,1.5116224293517422,-38.84100000000067,-24.179000000000418,0.5116224293517422
75.10000000000001,-38.80200000000067,-24.15400000000042,1.511151164983926,-38.80200000000067,-24.15400000000042,0.511151164983926
75.2,-38.763000000000666,-24.12900000000042,1.5106799006161098,-38.763000000000666,-24.12900000000042,0.5106799006161098
75.3,-38.724000000000665,-24.104000000000422,1.5102086362482936,-38.724000000000665,-24.104000000000422,0.5102086362482936
75.4,-38.68500000000066,-24.079000000000423,1.5097373718804774,-38.68500000000066,-24.079000000000423,0.5097373718804774
75.5,-38.64600000000066,-24.054000000000425,1.5092661075126612,-38.64600000000066,-24.054000000000425,0.5092661075126612
75.60000000000001,-38.60700000000066,-24.029000000000426,1.508794843144845,-38.60700000000066,-24.029000000000426,0.508794843144845
75.7,-38.56800000000066,-24.004000000000428,1.5083235787770288,-38.56800000000066,-24.004000000000428,0.5083235787770288
75.8,-38.52900000000066,-23.97900000000043,1.5078523144092126,-38.52900000000066,-23.97900000000043,0.5078523144092126
75.9,-38.490000000000656,-23.95400000000043,1.5073810500413964,-38.490000000000656,-23.95400000000043,0.5073810500413964
76.0,-38.451000000000654,-23.93000000000043,1.5069097856735802,-38.451000000000654,-23.93000000000043,0.5069097856735802
76.10000000000001,-38.41200000000065,-23.90600000000043,1.506438521305764,-38.41200000000065,-23.90600000000043,0.5064385213057641
76.2,-38.37300000000065,-23.882000000000428,1.5059672569379479,-38.37300000000065,-23.882000000000428,0.5059672569379479
76.3,-38.33400000000065,-23.858000000000427,1.5054959925701317,-38.33400000000065,-23.858000000000427,0.5054959925701317
76.4,-38.29500000000065,-23.834000000000426,1.5050247282023155,-38.29500000000065,-23.834000000000426,0.5050247282023155
76.5,-38.25600000000065,-23.810000000000425,1.5045534638344993,-38.25600000000065,-23.810000000000425,0.5045534638344993
76.60000000000001,-38.217000000000645,-23.786000000000424,1.504082199466683,-38.217000000000645,-23.786000000000424,0.5040821994666831
76.7,-38.178000000000644,-23.762000000000423,1.503610935098867,-38.178000000000644,-23.762000000000423,0.5036109350988669
76.80000000000001,-38.13900000000064,-23.738000000000422,1.5031396707310507,-38.13900000000064,-23.738000000000422,0.5031396707310507
76.9,-38.10000000000064,-23.71400000000042,1.5026684063632345,-38.10000000000064,-23.71400000000042,0.5026684063632345
77.0,-38.06100000000064,-23.69000000000042,1.5021971419954183,-38.06100000000064,-23.69000000000042,0.5021971419954183
77.10000000000001,-38.02200000000064,-23.66600000000042,1.5017258776276021,-38.02200000000064,-23.66600000000042,0.5017258776276021
77.2,-37.98300000000064,-23.64200000000042,1.501254613259786,-37.98300000000064,-23.64200000000042,0.5012546132597859
77.30000000000001,-37.944000000000635,-23.618000000000418,1.5007833488919697,-37.944000000000635,-23.618000000000418,0.5007833488919697
77.4,-37.90600000000064,-23.594000000000417,1.5003120845241535,-37.90600000000064,-23.594000000000417,0.5003120845241535
77.5,-37.86800000000064,-23.570000000000416,1.4998408201563374,-37.86800000000064,-23.570000000000416,0.49984082015633735
77.60000000000001,-37.830000000000645,-23.546000000000415,1.4993695557885212,-37.830000000000645,-23.546000000000415,0.49936955578852116
77.7,-37.79200000000065,-23.522000000000414,1.498898291420705,-37.79200000000065,-23.522000000000414,0.49889829142070496
77.80000000000001,-37.75400000000065,-23.498000000000413,1.4984270270528888,-37.75400000000065,-23.498000000000413,0.49842702705288877
77.9,-37.716000000000655,-23.474000000000412,1.4979557626850726,-37.716000000000655,-23.474000000000412,0.4979557626850726
78.0,-37.67800000000066,-23.45000000000041,1.4974844983172564,-37.67800000000066,-23.45000000000041,0.4974844983172564
78.10000000000001,-37.64000000000066,-23.42600000000041,1.4970132339494402,-37.64000000000066,-23.42600000000041,0.4970132339494402
78.2,-37.602000000000665,-23.40200000000041,1.496541969581624,-37.602000000000665,-23.40200000000041,0.496541969581624
78.30000000000001,-37.56400000000067,-23.37800000000041,1.4960707052138078,-37.56400000000067,-23.37800000000041,0.4960707052138078
78.4,-37.52600000000067,-23.354000000000408,1.4955994408459916,-37.52600000000067,-23.354000000000408,0.4955994408459916
78.5,-37.488000000000675,-23.330000000000407,1.4951281764781754,-37.488000000000675,-23.330000000000407,0.4951281764781754
78.60000000000001,-37.45000000000068,-23.306000000000406,1.4946569121103592,-37.45000000000068,-23.306000000000406,0.4946569121103592
78.7,-37.41200000000068,-23.282000000000405,1.494185647742543,-37.41200000000068,-23.282000000000405,0.49418564774254303
78.80000000000001,-37.374000000000684,-23.258000000000404,1.4937143833747268,-37.374000000000684,-23.258000000000404,0.49371438337472684
78.9,-37.33600000000069,-23.234000000000403,1.4932431190069106,-37.33600000000069,-23.234000000000403,0.49324311900691065
79.0,-37.29800000000069,-23.210000000000402,1.4927718546390945,-37.29800000000069,-23.210000000000402,0.49277185463909445
79.10000000000001,-37.260000000000694,-23.1860000000004,1.4923005902712783,-37.260000000000694,-23.1860000000004,0.49230059027127826
79.2,-37.2220000000007,-23.1620000000004,1.491829325903462,-37.2220000000007,-23.1620000000004,0.49182932590346207
79.30000000000001,-37.1840000000007,-23.1380000000004,1.4913580615356459,-37.1840000000007,-23.1380000000004,0.4913580615356459
79.4,-37.146000000000704,-23.1140000000004,1.4908867971678297,-37.146000000000704,-23.1140000000004,0.4908867971678297
79.5,-37.10800000000071,-23.090000000000398,1.4904155328000135,-37.10800000000071,-23.090000000000398,0.4904155328000135
79.60000000000001,-37.07000000000071,-23.066000000000397,1.4899442684321973,-37.07000000000071,-23.066000000000397,0.4899442684321973
79.7,-37.032000000000714,-23.042000000000396,1.489473004064381,-37.032000000000714,-23.042000000000396,0.4894730040643811
79.80000000000001,-36.99400000000072,-23.018000000000395,1.489001739696565,-36.99400000000072,-23.018000000000395,0.4890017396965649
79.9,-36.95600000000072,-22.994000000000394,1.4885304753287487,-36.95600000000072,-22.994000000000394,0.4885304753287487
80.0,-36.91900000000072,-22.970000000000393,1.4880592109609325,-36.91900000000072,-22.970000000000393,0.4880592109609325
80.10000000000001,-36.88200000000072,-22.947000000000394,1.4875879465931163,-36.88200000000072,-22.947000000000394,0.48758794659311633
80.2,-36.845000000000724,-22.924000000000394,1.4871497443459254,-36.845000000000724,-22.924000000000394,0.4871497443459254
80.30000000000001,-36.808000000000725,-22.901000000000394,1.4867115420987345,-36.808000000000725,-22.901000000000394,0.48671154209873446
80.4,-36.771000000000726,-22.878000000000394,1.4862733398515435,-36.771000000000726,-22.878000000000394,0.48627333985154353
80.5,-36.73400000000073,-22.855000000000395,1.4858351376043526,-36.73400000000073,-22.855000000000395,0.4858351376043526
80.60000000000001,-36.69700000000073,-22.832000000000395,1.4853969353571617,-36.69700000000073,-22.832000000000395,0.48539693535716166
80.7,-36.66000000000073,-22.809000000000395,1.4849587331099707,-36.66000000000073,-22.809000000000395,0.48495873310997073
80.80000000000001,-36.62300000000073,-22.786000000000396,1.4845205308627798,-36.62300000000073,-22.786000000000396,0.4845205308627798
80.9,-36.58600000000073,-22.763000000000396,1.4840823286155889,-36.58600000000073,-22.763000000000396,0.48408232861558886
81.0,-36.54900000000073,-22.740000000000396,1.483644126368398,-36.54900000000073,-22.740000000000396,0.48364412636839793
81.10000000000001,-36.51200000000073,-22.717000000000397,1.483205924121207,-36.51200000000073,-22.717000000000397,0.483205924121207
81.2,-36.47500000000073,-22.694000000000397,1.482767721874016,-36.47500000000073,-22.694000000000397,0.48276772187401606
81.30000000000001,-36.438000000000734,-22.671000000000397,1.4823295196268251,-36.438000000000734,-22.671000000000397,0.48232951962682513
81.4,-36.401000000000735,-22.648000000000398,1.4818913173796342,-36.401000000000735,-22.648000000000398,0.4818913173796342
81.5,-36.364000000000736,-22.625000000000398,1.4814531151324433,-36.364000000000736,-22.625000000000398,0.48145311513244327
81.60000000000001,-36.32700000000074,-22.602000000000398,1.4810149128852523,-36.32700000000074,-22.602000000000398,0.48101491288525233
81.7,-36.29000000000074,-22.5790000000004,1.4805767106380614,-36.29000000000074,-22.5790000000004,0.4805767106380614
81.80000000000001,-36.25300000000074,-22.5560000000004,1.4801385083908705,-36.25300000000074,-22.5560000000004,0.48013850839087047
81.9,-36.21600000000074,-22.5330000000004,1.4797003061436795,-36.21600000000074,-22.5330000000004,0.47970030614367953
82.0,-36.17900000000074,-22.5100000000004,1.4792621038964886,-36.17900000000074,-22.5100000000004,0.4792621038964886
82.10000000000001,-36.14200000000074,-22.4870000000004,1.4788239016492977,-36.14200000000074,-22.4870000000004,0.47882390164929767
82.2,-36.10500000000074,-22.4640000000004,1.4783856994021067,-36.10500000000074,-22.4640000000004,0.47838569940210673
82.30000000000001,-36.068000000000744,-22.4410000000004,1.4779474971549158,-36.068000000000744,-22.4410000000004,0.4779474971549158
82.4,-36.031000000000745,-22.4180000000004,1.4775092949077249,-36.031000000000745,-22.4180000000004,0.47750929490772487
82.5,-35.994000000000746,-22.3950000000004,1.477071092660534,-35.994000000000746,-22.3950000000004,0.47707109266053394
82.60000000000001,-35.95700000000075,-22.3720000000004,1.476632890413343,-35.95700000000075,-22.3720000000004,0.476632890413343
82.7,-35.921000000000745,-22.3490000000004,1.476194688166152,-35.921000000000745,-22.3490000000004,0.47619468816615207
82.80000000000001,-35.885000000000744,-22.326000000000402,1.4757564859189611,-35.885000000000744,-22.326000000000402,0.47575648591896114
82.9,-35.84900000000074,-22.303000000000402,1.4753182836717702,-35.84900000000074,-22.303000000000402,0.4753182836717702
83.0,-35.81300000000074,-22.280000000000403,1.4748800814245793,-35.81300000000074,-22.280000000000403,0.47488008142457927
83.10000000000001,-35.77700000000074,-22.257000000000403,1.4744418791773883,-35.77700000000074,-22.257000000000403,0.47444187917738834
83.2,-35.74100000000074,-22.234000000000403,1.4740036769301974,-35.74100000000074,-22.234000000000403,0.4740036769301974
83.30000000000001,-35.70500000000074,-22.211000000000404,1.4735654746830065,-35.70500000000074,-22.211000000000404,0.47356547468300647
83.4,-35.669000000000736,-22.188000000000404,1.4731272724358155,-35.669000000000736,-22.188000000000404,0.47312727243581554
83.5,-35.633000000000735,-22.165000000000404,1.4726890701886246,-35.633000000000735,-22.165000000000404,0.4726890701886246
83.60000000000001,-35.59700000000073,-22.142000000000404,1.4722508679414337,-35.59700000000073,-22.142000000000404,0.47225086794143367
83.7,-35.56100000000073,-22.119000000000405,1.4718126656942427,-35.56100000000073,-22.119000000000405,0.47181266569424274
83.80000000000001,-35.52500000000073,-22.096000000000405,1.4713744634470518,-35.52500000000073,-22.096000000000405,0.4713744634470518
83.9,-35.48900000000073,-22.073000000000405,1.4709362611998609,-35.48900000000073,-22.073000000000405,0.4709362611998609
84.0,-35.45300000000073,-22.050000000000406,1.47049805895267,-35.45300000000073,-22.050000000000406,0.47049805895266994
84.10000000000001,-35.417000000000726,-22.027000000000406,1.470059856705479,-35.417000000000726,-22.027000000000406,0.470059856705479
84.2,-35.381000000000725,-22.004000000000406,1.469621654458288,-35.381000000000725,-22.004000000000406,0.4696216544582881
84.30000000000001,-35.345000000000724,-21.981000000000407,1.4691834522110971,-35.345000000000724,-21.981000000000407,0.46918345221109714
84.4,-35.30900000000072,-21.958000000000407,1.4687452499639062,-35.30900000000072,-21.958000000000407,0.4687452499639062
84.5,-35.27300000000072,-21.93600000000041,1.4683070477167153,-35.27300000000072,-21.93600000000041,0.4683070477167153
84.60000000000001,-35.23700000000072,-21.91400000000041,1.4678688454695243,-35.23700000000072,-21.91400000000041,0.46786884546952434
84.7,-35.20100000000072,-21.89200000000041,1.4674306432223334,-35.20100000000072,-21.89200000000041,0.4674306432223334
84.80000000000001,-35.16500000000072,-21.870000000000413,1.4669924409751425,-35.16500000000072,-21.870000000000413,0.4669924409751425
84.9,-35.129000000000715,-21.848000000000415,1.4665542387279515,-35.129000000000715,-21.848000000000415,0.46655423872795154
85.0,-35.093000000000714,-21.826000000000416,1.4661160364807606,-35.093000000000714,-21.826000000000416,0.4661160364807606
85.10000000000001,-35.05700000000071,-21.804000000000418,1.4656778342335697,-35.05700000000071,-21.804000000000418,0.4656778342335697
85.2,-35.02100000000071,-21.78200000000042,1.4652396319863787,-35.02100000000071,-21.78200000000042,0.46523963198637874
85.30000000000001,-34.98500000000071,-21.76000000000042,1.4648014297391878,-34.98500000000071,-21.76000000000042,0.4648014297391878
85.4,-34.94900000000071,-21.738000000000422,1.4643632274919969,-34.94900000000071,-21.738000000000422,0.4643632274919969
85.5,-34.91400000000071,-21.716000000000424,1.463925025244806,-34.91400000000071,-21.716000000000424,0.46392502524480594
85.60000000000001,-34.879000000000715,-21.694000000000425,1.463486822997615,-34.879000000000715,-21.694000000000425,0.463486822997615
85.7,-34.84400000000072,-21.672000000000427,1.463048620750424,-34.84400000000072,-21.672000000000427,0.4630486207504241
85.80000000000001,-34.80900000000072,-21.65000000000043,1.4626104185032331,-34.80900000000072,-21.65000000000043,0.46261041850323315
85.9,-34.774000000000726,-21.62800000000043,1.4621722162560422,-34.774000000000726,-21.62800000000043,0.4621722162560422
86.0,-34.73900000000073,-21.60600000000043,1.4617340140088513,-34.73900000000073,-21.60600000000043,0.4617340140088513
86.10000000000001,-34.70400000000073,-21.584000000000433,1.4612958117616603,-34.70400000000073,-21.584000000000433,0.46129581176166035
86.2,-34.669000000000736,-21.562000000000435,1.4608576095144694,-34.669000000000736,-21.562000000000435,0.4608576095144694
86.30000000000001,-34.63400000000074,-21.540000000000436,1.4604194072672785,-34.63400000000074,-21.540000000000436,0.4604194072672785
86.4,-34.59900000000074,-21.518000000000438,1.4599812050200875,-34.59900000000074,-21.518000000000438,0.45998120502008755
86.5,-34.564000000000746,-21.49600000000044,1.4595430027728966,-34.564000000000746,-21.49600000000044,0.4595430027728966
86.60000000000001,-34.52900000000075,-21.47400000000044,1.4591048005257057,-34.52900000000075,-21.47400000000044,0.4591048005257057
86.7,-34.49400000000075,-21.452000000000442,1.4586665982785147,-34.49400000000075,-21.452000000000442,0.45866659827851475
86.80000000000001,-34.459000000000756,-21.430000000000444,1.4582283960313238,-34.459000000000756,-21.430000000000444,0.4582283960313238
86.9,-34.42400000000076,-21.408000000000445,1.4577901937841329,-34.42400000000076,-21.408000000000445,0.4577901937841329
87.0,-34.38900000000076,-21.386000000000447,1.457351991536942,-34.38900000000076,-21.386000000000447,0.45735199153694195
87.10000000000001,-34.35400000000077,-21.36400000000045,1.456913789289751,-34.35400000000077,-21.36400000000045,0.456913789289751
87.2,-34.31900000000077,-21.34200000000045,1.45647558704256,-34.31900000000077,-21.34200000000045,0.4564755870425601
87.30000000000001,-34.28400000000077,-21.32000000000045,1.4560373847953691,-34.28400000000077,-21.32000000000045,0.45603738479536915
87.4,-34.24900000000078,-21.298000000000453,1.4555991825481782,-34.24900000000078,-21.298000000000453,0.4555991825481782
87.5,-34.21400000000078,-21.276000000000455,1.4551609803009873,-34.21400000000078,-21.276000000000455,0.4551609803009873
87.60000000000001,-34.179000000000784,-21.254000000000456,1.4547227780537964,-34.179000000000784,-21.254000000000456,0.45472277805379635
87.7,-34.14400000000079,-21.232000000000458,1.4542845758066054,-34.14400000000079,-21.232000000000458,0.4542845758066054
87.80000000000001,-34.10900000000079,-21.21000000000046,1.4538463735594145,-34.10900000000079,-21.21000000000046,0.4538463735594145
87.9,-34.074000000000794,-21.18800000000046,1.4534397801528212,-34.074000000000794,-21.18800000000046,0.45343978015282116
88.0,-34.0390000000008,-21.166000000000462,1.4530331867462278,-34.0390000000008,-21.166000000000462,0.45303318674622783
88.10000000000001,-34.0040000000008,-21.144000000000464,1.4526265933396345,-34.0040000000008,-21.144000000000464,0.4526265933396345
88.2,-33.969000000000804,-21.122000000000465,1.4522199999330412,-33.969000000000804,-21.122000000000465,0.4522199999330412
88.30000000000001,-33.93400000000081,-21.100000000000467,1.4518134065264479,-33.93400000000081,-21.100000000000467,0.45181340652644786
88.4,-33.90000000000081,-21.07800000000047,1.4514068131198545,-33.90000000000081,-21.07800000000047,0.45140681311985453
88.5,-33.86600000000081,-21.05600000000047,1.4510002197132612,-33.86600000000081,-21.05600000000047,0.4510002197132612
88.60000000000001,-33.83200000000081,-21.03400000000047,1.4505936263066679,-33.83200000000081,-21.03400000000047,0.4505936263066679
88.7,-33.79800000000081,-21.012000000000473,1.4501870329000746,-33.79800000000081,-21.012000000000473,0.45018703290007456
88.80000000000001,-33.76400000000081,-20.990000000000475,1.4497804394934812,-33.76400000000081,-20.990000000000475,0.44978043949348123
88.9,-33.730000000000814,-20.968000000000476,1.449373846086888,-33.730000000000814,-20.968000000000476,0.4493738460868879
89.0,-33.696000000000815,-20.947000000000475,1.4489672526802946,-33.696000000000815,-20.947000000000475,0.4489672526802946
89.10000000000001,-33.662000000000816,-20.926000000000474,1.4485606592737013,-33.662000000000816,-20.926000000000474,0.44856065927370126
89.2,-33.62800000000082,-20.905000000000474,1.448154065867108,-33.62800000000082,-20.905000000000474,0.44815406586710793
89.30000000000001,-33.59400000000082,-20.884000000000473,1.4477474724605146,-33.59400000000082,-20.884000000000473,0.4477474724605146
89.4,-33.56000000000082,-20.863000000000472,1.4473408790539213,-33.56000000000082,-20.863000000000472,0.4473408790539213
89.5,-33.52600000000082,-20.84200000000047,1.446934285647328,-33.52600000000082,-20.84200000000047,0.44693428564732796
89.60000000000001,-33.49200000000082,-20.82100000000047,1.4465276922407346,-33.49200000000082,-20.82100000000047,0.44652769224073463
89.7,-33.45800000000082,-20.80000000000047,1.4461210988341413,-33.45800000000082,-20.80000000000047,0.4461210988341413
89.80000000000001,-33.424000000000824,-20.77900000000047,1.445714505427548,-33.424000000000824,-20.77900000000047,0.445714505427548
89.9,-33.390000000000825,-20.758000000000468,1.4453079120209547,-33.390000000000825,-20.758000000000468,0.44530791202095465
90.0,-33.356000000000826,-20.737000000000467,1.4449013186143613,-33.356000000000826,-20.737000000000467,0.44490131861436133
90.10000000000001,-33.32200000000083,-20.716000000000466,1.444494725207768,-33.32200000000083,-20.716000000000466,0.444494725207768
90.2,-33.28800000000083,-20.695000000000466,1.4440881318011747,-33.28800000000083,-20.695000000000466,0.4440881318011747
90.30000000000001,-33.25400000000083,-20.674000000000465,1.4436815383945814,-33.25400000000083,-20.674000000000465,0.44368153839458135
90.4,-33.22000000000083,-20.653000000000464,1.443274944987988,-33.22000000000083,-20.653000000000464,0.44327494498798803
90.5,-33.18600000000083,-20.632000000000463,1.4428683515813947,-33.18600000000083,-20.632000000000463,0.4428683515813947
90.60000000000001,-33.15200000000083,-20.611000000000463,1.4424617581748014,-33.15200000000083,-20.611000000000463,0.4424617581748014
90.7,-33.11800000000083,-20.59000000000046,1.442055164768208,-33.11800000000083,-20.59000000000046,0.44205516476820805
90.80000000000001,-33.084000000000835,-20.56900000000046,1.4416485713616147,-33.084000000000835,-20.56900000000046,0.44164857136161473
90.9,-33.050000000000836,-20.54800000000046,1.4412419779550214,-33.050000000000836,-20.54800000000046,0.4412419779550214
91.0,-33.01600000000084,-20.52700000000046,1.440835384548428,-33.01600000000084,-20.52700000000046,0.4408353845484281
91.10000000000001,-32.98200000000084,-20.50600000000046,1.4404287911418348,-32.98200000000084,-20.50600000000046,0.44042879114183475
91.2,-32.94800000000084,-20.485000000000458,1.4400221977352414,-32.94800000000084,-20.485000000000458,0.4400221977352414
91.30000000000001,-32.91500000000084,-20.464000000000457,1.439615604328648,-32.91500000000084,-20.464000000000457,0.4396156043286481
91.4,-32.882000000000836,-20.443000000000456,1.4392090109220548,-32.882000000000836,-20.443000000000456,0.4392090109220548
91.5,-32.849000000000835,-20.422000000000455,1.4388024175154615,-32.849000000000835,-20.422000000000455,0.43880241751546145
91.60000000000001,-32.816000000000834,-20.401000000000455,1.4383958241088681,-32.816000000000834,-20.401000000000455,0.4383958241088681
91.7,-32.78300000000083,-20.380000000000454,1.4379892307022748,-32.78300000000083,-20.380000000000454,0.4379892307022748
91.80000000000001,-32.75000000000083,-20.359000000000453,1.4375826372956815,-32.75000000000083,-20.359000000000453,0.4375826372956815
91.9,-32.71700000000083,-20.338000000000452,1.4371760438890882,-32.71700000000083,-20.338000000000452,0.43717604388908815
92.0,-32.68400000000083,-20.31700000000045,1.4367694504824948,-32.68400000000083,-20.31700000000045,0.4367694504824948
92.10000000000001,-32.65100000000083,-20.29600000000045,1.4363628570759015,-32.65100000000083,-20.29600000000045,0.4363628570759015
92.2,-32.618000000000826,-20.27500000000045,1.4359562636693082,-32.618000000000826,-20.27500000000045,0.4359562636693082
92.30000000000001,-32.585000000000825,-20.25400000000045,1.4355496702627148,-32.585000000000825,-20.25400000000045,0.43554967026271485
92.4,-32.552000000000824,-20.233000000000448,1.4351430768561215,-32.552000000000824,-20.233000000000448,0.4351430768561215
92.5,-32.51900000000082,-20.212000000000447,1.4347364834495282,-32.51900000000082,-20.212000000000447,0.4347364834495282
92.60000000000001,-32.48600000000082,-20.191000000000447,1.4343298900429349,-32.48600000000082,-20.191000000000447,0.4343298900429349
92.7,-32.45300000000082,-20.170000000000446,1.4339232966363415,-32.45300000000082,-20.170000000000446,0.43392329663634155
92.80000000000001,-32.42000000000082,-20.149000000000445,1.4335167032297482,-32.42000000000082,-20.149000000000445,0.4335167032297482
92.9,-32.38700000000082,-20.128000000000444,1.433110109823155,-32.38700000000082,-20.128000000000444,0.4331101098231549
93.0,-32.354000000000816,-20.107000000000443,1.4327035164165616,-32.354000000000816,-20.107000000000443,0.4327035164165616
93.10000000000001,-32.321000000000815,-20.086000000000443,1.4322969230099682,-32.321000000000815,-20.086000000000443,0.43229692300996825
93.2,-32.288000000000814,-20.065000000000442,1.431890329603375,-32.288000000000814,-20.065000000000442,0.4318903296033749
93.30000000000001,-32.25500000000081,-20.04400000000044,1.4314837361967816,-32.25500000000081,-20.04400000000044,0.4314837361967816
93.4,-32.22200000000081,-20.02300000000044,1.4310771427901883,-32.22200000000081,-20.02300000000044,0.4310771427901883
93.5,-32.18900000000081,-20.00200000000044,1.430670549383595,-32.18900000000081,-20.00200000000044,0.43067054938359495
93.60000000000001,-32.15600000000081,-19.98100000000044,1.4302639559770016,-32.15600000000081,-19.98100000000044,0.4302639559770016
93.7,-32.12300000000081,-19.960000000000438,1.4298573625704083,-32.12300000000081,-19.960000000000438,0.4298573625704083
93.80000000000001,-32.090000000000806,-19.94000000000044,1.429450769163815,-32.090000000000806,-19.94000000000044,0.42945076916381497
93.9,-32.057000000000805,-19.92000000000044,1.4290441757572216,-32.057000000000805,-19.92000000000044,0.42904417575722165
94.0,-32.024000000000804,-19.90000000000044,1.4286375823506283,-32.024000000000804,-19.90000000000044,0.4286375823506283
94.10000000000001,-31.991000000000803,-19.88000000000044,1.428230988944035,-31.991000000000803,-19.88000000000044,0.428230988944035
94.2,-31.9580000000008,-19.86000000000044,1.4278243955374417,-31.9580000000008,-19.86000000000044,0.42782439553744167
94.30000000000001,-31.9260000000008,-19.84000000000044,1.4274178021308483,-31.9260000000008,-19.84000000000044,0.42741780213084835
94.4,-31.8940000000008,-19.82000000000044,1.427011208724255,-31.8940000000008,-19.82000000000044,0.427011208724255
94.5,-31.8620000000008,-19.80000000000044,1.4266046153176617,-31.8620000000008,-19.80000000000044,0.4266046153176617
94.60000000000001,-31.8300000000008,-19.78000000000044,1.4261980219110684,-31.8300000000008,-19.78000000000044,0.42619802191106837
94.7,-31.7980000000008,-19.760000000000442,1.425791428504475,-31.7980000000008,-19.760000000000442,0.42579142850447504
94.80000000000001,-31.7660000000008,-19.740000000000443,1.4253848350978817,-31.7660000000008,-19.740000000000443,0.4253848350978817
94.9,-31.7340000000008,-19.720000000000443,1.4249782416912884,-31.7340000000008,-19.720000000000443,0.4249782416912884
95.0,-31.7020000000008,-19.700000000000443,1.424571648284695,-31.7020000000008,-19.700000000000443,0.42457164828469507
95.10000000000001,-31.6700000000008,-19.680000000000444,1.4241650548781017,-31.6700000000008,-19.680000000000444,0.42416505487810174
95.2,-31.6380000000008,-19.660000000000444,1.4237584614715084,-31.6380000000008,-19.660000000000444,0.4237584614715084
95.30000000000001,-31.6060000000008,-19.640000000000445,1.423351868064915,-31.6060000000008,-19.640000000000445,0.4233518680649151
95.4,-31.5740000000008,-19.620000000000445,1.4229452746583218,-31.5740000000008,-19.620000000000445,0.42294527465832177
95.5,-31.5420000000008,-19.600000000000446,1.4225386812517284,-31.5420000000008,-19.600000000000446,0.42253868125172844
95.60000000000001,-31.5100000000008,-19.580000000000446,1.4221320878451351,-31.5100000000008,-19.580000000000446,0.4221320878451351
95.7,-31.4780000000008,-19.560000000000446,1.4217254944385418,-31.4780000000008,-19.560000000000446,0.4217254944385418
95.80000000000001,-31.4460000000008,-19.540000000000447,1.4213491503525202,-31.4460000000008,-19.540000000000447,0.4213491503525202
95.9,-31.4140000000008,-19.520000000000447,1.4209728062664986,-31.4140000000008,-19.520000000000447,0.4209728062664986
96.0,-31.3820000000008,-19.500000000000448,1.420596462180477,-31.3820000000008,-19.500000000000448,0.42059646218047697
96.10000000000001,-31.3500000000008,-19.480000000000448,1.4202201180944554,-31.3500000000008,-19.480000000000448,0.42022011809445536
96.2,-31.3180000000008,-19.46000000000045,1.4198437740084338,-31.3180000000008,-19.46000000000045,0.41984377400843376
96.30000000000001,-31.2860000000008,-19.44000000000045,1.4194674299224121,-31.2860000000008,-19.44000000000045,0.41946742992241215
96.4,-31.2540000000008,-19.42000000000045,1.4190910858363905,-31.2540000000008,-19.42000000000045,0.41909108583639054
96.5,-31.2220000000008,-19.40000000000045,1.418714741750369,-31.2220000000008,-19.40000000000045,0.41871474175036894
96.60000000000001,-31.1900000000008,-19.38000000000045,1.4183383976643473,-31.1900000000008,-19.38000000000045,0.41833839766434733
96.7,-31.1580000000008,-19.36000000000045,1.4179620535783257,-31.1580000000008,-19.36000000000045,0.4179620535783257
96.80000000000001,-31.1260000000008,-19.34000000000045,1.4175857094923041,-31.1260000000008,-19.34000000000045,0.4175857094923041
96.9,-31.0940000000008,-19.32000000000045,1.4172093654062825,-31.0940000000008,-19.32000000000045,0.4172093654062825
97.0,-31.0620000000008,-19.300000000000452,1.416833021320261,-31.0620000000008,-19.300000000000452,0.4168330213202609
97.10000000000001,-31.0300000000008,-19.280000000000452,1.4164566772342393,-31.0300000000008,-19.280000000000452,0.4164566772342393
97.2,-30.9980000000008,-19.260000000000453,1.4160803331482177,-30.9980000000008,-19.260000000000453,0.4160803331482177
97.30000000000001,-30.9660000000008,-19.240000000000453,1.415703989062196,-30.9660000000008,-19.240000000000453,0.4157039890621961
97.4,-30.9350000000008,-19.220000000000454,1.4153276449761745,-30.9350000000008,-19.220000000000454,0.41532764497617447
97.5,-30.904000000000803,-19.200000000000454,1.4149513008901529,-30.904000000000803,-19.200000000000454,0.41495130089015286
97.60000000000001,-30.873000000000804,-19.180000000000454,1.4145749568041313,-30.873000000000804,-19.180000000000454,0.41457495680413126
97.7,-30.842000000000805,-19.160000000000455,1.4141986127181096,-30.842000000000805,-19.160000000000455,0.41419861271810965
97.80000000000001,-30.811000000000806,-19.140000000000455,1.413822268632088,-30.811000000000806,-19.140000000000455,0.41382226863208804
97.9,-30.780000000000808,-19.120000000000456,1.4134459245460664,-30.780000000000808,-19.120000000000456,0.41344592454606643
98.0,-30.74900000000081,-19.100000000000456,1.4130695804600448,-30.74900000000081,-19.100000000000456,0.4130695804600448
98.10000000000001,-30.71800000000081,-19.080000000000457,1.4126932363740232,-30.71800000000081,-19.080000000000457,0.4126932363740232
98.2,-30.68700000000081,-19.060000000000457,1.4123168922880016,-30.68700000000081,-19.060000000000457,0.4123168922880016
98.30000000000001,-30.656000000000812,-19.040000000000457,1.41194054820198,-30.656000000000812,-19.040000000000457,0.41194054820198
98.4,-30.625000000000814,-19.020000000000458,1.4115642041159584,-30.625000000000814,-19.020000000000458,0.4115642041159584
98.5,-30.594000000000815,-19.00000000000046,1.4111878600299368,-30.594000000000815,-19.00000000000046,0.4111878600299368
98.60000000000001,-30.563000000000816,-18.98000000000046,1.4108115159439152,-30.563000000000816,-18.98000000000046,0.4108115159439152
98.7,-30.532000000000817,-18.96000000000046,1.4104351718578936,-30.532000000000817,-18.96000000000046,0.4104351718578936
98.80000000000001,-30.50100000000082,-18.94100000000046,1.410058827771872,-30.50100000000082,-18.94100000000046,0.41005882777187197
98.9,-30.47000000000082,-18.922000000000462,1.4096824836858504,-30.47000000000082,-18.922000000000462,0.40968248368585036
99.0,-30.43900000000082,-18.903000000000464,1.4093061395998288,-30.43900000000082,-18.903000000000464,0.40930613959982876
99.10000000000001,-30.408000000000822,-18.884000000000466,1.4089297955138071,-30.408000000000822,-18.884000000000466,0.40892979551380715
99.2,-30.377000000000823,-18.865000000000467,1.4085534514277855,-30.377000000000823,-18.865000000000467,0.40855345142778554
99.30000000000001,-30.346000000000824,-18.84600000000047,1.408177107341764,-30.346000000000824,-18.84600000000047,0.40817710734176393
99.4,-30.315000000000826,-18.82700000000047,1.4078007632557423,-30.315000000000826,-18.82700000000047,0.4078007632557423
99.5,-30.284000000000827,-18.808000000000472,1.4074244191697207,-30.284000000000827,-18.808000000000472,0.4074244191697207
99.60000000000001,-30.253000000000828,-18.789000000000474,1.4070480750836991,-30.253000000000828,-18.789000000000474,0.4070480750836991
99.7,-30.22200000000083,-18.770000000000476,1.4066717309976775,-30.22200000000083,-18.770000000000476,0.4066717309976775
99.80000000000001,-30.19100000000083,-18.751000000000477,1.406295386911656,-30.19100000000083,-18.751000000000477,0.4062953869116559
99.9,-30.16000000000083,-18.73200000000048,1.4059190428256343,-30.16000000000083,-18.73200000000048,0.4059190428256343
100.0,-30.129000000000833,-18.71300000000048,1.4055426987396127,-30.129000000000833,-18.71300000000048,0.4055426987396127
100.10000000000001,-30.098000000000834,-18.694000000000482,1.405166354653591,-30.098000000000834,-18.694000000000482,0.4051663546535911
100.2,-30.067000000000835,-18.675000000000484,1.4047900105675695,-30.067000000000835,-18.675000000000484,0.40479001056756947
100.30000000000001,-30.036000000000836,-18.656000000000486,1.4044136664815479,-30.036000000000836,-18.656000000000486,0.40441366648154786
100.4,-30.005000000000837,-18.637000000000487,1.4040373223955263,-30.005000000000837,-18.637000000000487,0.40403732239552625
100.5,-29.97400000000084,-18.61800000000049,1.4036609783095046,-29.97400000000084,-18.61800000000049,0.40366097830950465
100.60000000000001,-29.94300000000084,-18.59900000000049,1.403284634223483,-29.94300000000084,-18.59900000000049,0.40328463422348304
100.7,-29.91300000000084,-18.580000000000492,1.4029082901374614,-29.91300000000084,-18.580000000000492,0.40290829013746143
100.80000000000001,-29.883000000000838,-18.561000000000494,1.4025319460514398,-29.883000000000838,-18.561000000000494,0.4025319460514398
100.9,-29.853000000000836,-18.542000000000495,1.4021556019654182,-29.853000000000836,-18.542000000000495,0.4021556019654182
101.0,-29.823000000000835,-18.523000000000497,1.4017792578793966,-29.823000000000835,-18.523000000000497,0.4017792578793966
101.10000000000001,-29.793000000000834,-18.5040000000005,1.401402913793375,-29.793000000000834,-18.5040000000005,0.401402913793375
101.2,-29.763000000000833,-18.4850000000005,1.4010265697073534,-29.763000000000833,-18.4850000000005,0.4010265697073534
101.30000000000001,-29.733000000000832,-18.466000000000502,1.4006502256213318,-29.733000000000832,-18.466000000000502,0.4006502256213318
101.4,-29.70300000000083,-18.447000000000504,1.4002738815353102,-29.70300000000083,-18.447000000000504,0.4002738815353102
101.5,-29.67300000000083,-18.428000000000505,1.3998975374492886,-29.67300000000083,-18.428000000000505,0.3998975374492886
101.60000000000001,-29.64300000000083,-18.409000000000507,1.399521193363267,-29.64300000000083,-18.409000000000507,0.39952119336326697
101.7,-29.613000000000827,-18.39000000000051,1.3991448492772454,-29.613000000000827,-18.39000000000051,0.39914484927724536
101.80000000000001,-29.583000000000826,-18.37100000000051,1.3987685051912238,-29.583000000000826,-18.37100000000051,0.39876850519122375
101.9,-29.553000000000825,-18.352000000000512,1.3983921611052021,-29.553000000000825,-18.352000000000512,0.39839216110520215
102.0,-29.523000000000824,-18.333000000000514,1.3980158170191805,-29.523000000000824,-18.333000000000514,0.39801581701918054
102.10000000000001,-29.493000000000823,-18.314000000000515,1.397639472933159,-29.493000000000823,-18.314000000000515,0.39763947293315893
102.2,-29.46300000000082,-18.295000000000517,1.3972631288471373,-29.46300000000082,-18.295000000000517,0.3972631288471373
102.30000000000001,-29.43300000000082,-18.27600000000052,1.3968867847611157,-29.43300000000082,-18.27600000000052,0.3968867847611157
102.4,-29.40300000000082,-18.25700000000052,1.3965104406750941,-29.40300000000082,-18.25700000000052,0.3965104406750941
102.5,-29.37300000000082,-18.238000000000522,1.3961340965890725,-29.37300000000082,-18.238000000000522,0.3961340965890725
102.60000000000001,-29.343000000000817,-18.219000000000523,1.395757752503051,-29.343000000000817,-18.219000000000523,0.3957577525030509
102.7,-29.313000000000816,-18.200000000000525,1.3953814084170293,-29.313000000000816,-18.200000000000525,0.3953814084170293
102.80000000000001,-29.283000000000815,-18.181000000000527,1.3950050643310077,-29.283000000000815,-18.181000000000527,0.3950050643310077
102.9,-29.253000000000814,-18.16200000000053,1.394628720244986,-29.253000000000814,-18.16200000000053,0.3946287202449861
103.0,-29.223000000000813,-18.14300000000053,1.3942523761589645,-29.223000000000813,-18.14300000000053,0.39425237615896447
103.10000000000001,-29.19300000000081,-18.12400000000053,1.3938760320729429,-29.19300000000081,-18.12400000000053,0.39387603207294286
103.2,-29.16300000000081,-18.105000000000533,1.3934996879869213,-29.16300000000081,-18.105000000000533,0.39349968798692125
103.30000000000001,-29.13300000000081,-18.086000000000535,1.3931233439008996,-29.13300000000081,-18.086000000000535,0.39312334390089965
103.4,-29.103000000000808,-18.067000000000537,1.392746999814878,-29.103000000000808,-18.067000000000537,0.39274699981487804
103.5,-29.073000000000807,-18.04800000000054,1.3923706557288564,-29.073000000000807,-18.04800000000054,0.39237065572885643
103.60000000000001,-29.043000000000806,-18.02900000000054,1.3919943116428348,-29.043000000000806,-18.02900000000054,0.3919943116428348
103.7,-29.013000000000805,-18.01000000000054,1.3916179675568132,-29.013000000000805,-18.01000000000054,0.3916179675568132
103.80000000000001,-28.983000000000803,-17.991000000000543,1.3912416234707916,-28.983000000000803,-17.991000000000543,0.3912416234707916
103.9,-28.953000000000802,-17.972000000000545,1.39086527938477,-28.953000000000802,-17.972000000000545,0.39086527938477
104.0,-28.924000000000802,-17.954000000000544,1.3905179109637174,-28.924000000000802,-17.954000000000544,0.39051791096371735
104.10000000000001,-28.895000000000802,-17.936000000000544,1.3901705425426647,-28.895000000000802,-17.936000000000544,0.3901705425426647
104.2,-28.866000000000803,-17.918000000000543,1.389823174121612,-28.866000000000803,-17.918000000000543,0.38982317412161205
104.30000000000001,-28.837000000000803,-17.900000000000542,1.3894758057005594,-28.837000000000803,-17.900000000000542,0.3894758057005594
104.4,-28.808000000000803,-17.88200000000054,1.3891284372795067,-28.808000000000803,-17.88200000000054,0.38912843727950674
104.5,-28.779000000000803,-17.86400000000054,1.388781068858454,-28.779000000000803,-17.86400000000054,0.3887810688584541
104.60000000000001,-28.750000000000803,-17.84600000000054,1.3884337004374014,-28.750000000000803,-17.84600000000054,0.38843370043740144
104.7,-28.721000000000803,-17.82800000000054,1.3880863320163488,-28.721000000000803,-17.82800000000054,0.3880863320163488
104.80000000000001,-28.692000000000803,-17.81000000000054,1.3877389635952961,-28.692000000000803,-17.81000000000054,0.38773896359529614
104.9,-28.663000000000803,-17.792000000000538,1.3873915951742435,-28.663000000000803,-17.792000000000538,0.3873915951742435
105.0,-28.634000000000803,-17.774000000000537,1.3870442267531908,-28.634000000000803,-17.774000000000537,0.38704422675319083
105.10000000000001,-28.605000000000803,-17.756000000000537,1.3866968583321382,-28.605000000000803,-17.756000000000537,0.3866968583321382
105.2,-28.576000000000803,-17.738000000000536,1.3863494899110855,-28.576000000000803,-17.738000000000536,0.38634948991108553
105.30000000000001,-28.547000000000804,-17.720000000000535,1.3860021214900329,-28.547000000000804,-17.720000000000535,0.3860021214900329
105.4,-28.518000000000804,-17.702000000000535,1.3856547530689802,-28.518000000000804,-17.702000000000535,0.3856547530689802
105.5,-28.489000000000804,-17.684000000000534,1.3853073846479276,-28.489000000000804,-17.684000000000534,0.3853073846479276
105.60000000000001,-28.460000000000804,-17.666000000000533,1.384960016226875,-28.460000000000804,-17.666000000000533,0.3849600162268749
105.7,-28.431000000000804,-17.648000000000533,1.3846126478058223,-28.431000000000804,-17.648000000000533,0.38461264780582227
105.80000000000001,-28.402000000000804,-17.630000000000532,1.3842652793847696,-28.402000000000804,-17.630000000000532,0.3842652793847696
105.9,-28.373000000000804,-17.61200000000053,1.383917910963717,-28.373000000000804,-17.61200000000053,0.38391791096371697
106.0,-28.344000000000804,-17.59400000000053,1.3835705425426643,-28.344000000000804,-17.59400000000053,0.3835705425426643
106.10000000000001,-28.315000000000804,-17.57600000000053,1.3832231741216117,-28.315000000000804,-17.57600000000053,0.38322317412161166
106.2,-28.286000000000804,-17.55800000000053,1.382875805700559,-28.286000000000804,-17.55800000000053,0.382875805700559
106.30000000000001,-28.257000000000804,-17.54000000000053,1.3825284372795064,-28.257000000000804,-17.54000000000053,0.38252843727950636
106.4,-28.228000000000804,-17.522000000000528,1.3821810688584537,-28.228000000000804,-17.522000000000528,0.3821810688584537
106.5,-28.199000000000805,-17.504000000000527,1.381833700437401,-28.199000000000805,-17.504000000000527,0.38183370043740106
106.60000000000001,-28.170000000000805,-17.486000000000526,1.3814863320163484,-28.170000000000805,-17.486000000000526,0.3814863320163484
106.7,-28.141000000000805,-17.468000000000526,1.3811389635952958,-28.141000000000805,-17.468000000000526,0.38113896359529575
106.80000000000001,-28.112000000000805,-17.450000000000525,1.380791595174243,-28.112000000000805,-17.450000000000525,0.3807915951742431
106.9,-28.083000000000805,-17.432000000000524,1.3804442267531905,-28.083000000000805,-17.432000000000524,0.38044422675319045
107.0,-28.054000000000805,-17.414000000000524,1.3800968583321378,-28.054000000000805,-17.414000000000524,0.3800968583321378
107.10000000000001,-28.025000000000805,-17.396000000000523,1.3797494899110851,-28.025000000000805,-17.396000000000523,0.37974948991108515
107.2,-27.996000000000805,-17.378000000000522,1.3794021214900325,-27.996000000000805,-17.378000000000522,0.3794021214900325
107.30000000000001,-27.967000000000805,-17.36000000000052,1.3790547530689798,-27.967000000000805,-17.36000000000052,0.37905475306897984
107.4,-27.939000000000807,-17.34200000000052,1.3787073846479272,-27.939000000000807,-17.34200000000052,0.3787073846479272
107.5,-27.911000000000808,-17.32400000000052,1.3783600162268745,-27.911000000000808,-17.32400000000052,0.37836001622687454
107.60000000000001,-27.88300000000081,-17.30600000000052,1.3780126478058219,-27.88300000000081,-17.30600000000052,0.3780126478058219
107.7,-27.85500000000081,-17.28800000000052,1.3776652793847692,-27.85500000000081,-17.28800000000052,0.37766527938476924
107.80000000000001,-27.82700000000081,-17.27000000000052,1.3773179109637166,-27.82700000000081,-17.27000000000052,0.3773179109637166
107.9,-27.799000000000813,-17.252000000000518,1.376970542542664,-27.799000000000813,-17.252000000000518,0.37697054254266393
108.0,-27.771000000000814,-17.234000000000517,1.3766231741216113,-27.771000000000814,-17.234000000000517,0.3766231741216113
108.10000000000001,-27.743000000000816,-17.216000000000516,1.3762758057005586,-27.743000000000816,-17.216000000000516,0.37627580570055863
108.2,-27.715000000000817,-17.198000000000516,1.375928437279506,-27.715000000000817,-17.198000000000516,0.375928437279506
108.30000000000001,-27.68700000000082,-17.180000000000515,1.3755810688584533,-27.68700000000082,-17.180000000000515,0.3755810688584533
108.4,-27.65900000000082,-17.162000000000514,1.3752337004374007,-27.65900000000082,-17.162000000000514,0.3752337004374007
108.5,-27.63100000000082,-17.144000000000513,1.374886332016348,-27.63100000000082,-17.144000000000513,0.374886332016348
108.60000000000001,-27.603000000000822,-17.126000000000513,1.3745389635952954,-27.603000000000822,-17.126000000000513,0.37453896359529537
108.7,-27.575000000000824,-17.108000000000512,1.3741915951742427,-27.575000000000824,-17.108000000000512,0.3741915951742427
108.80000000000001,-27.547000000000825,-17.09000000000051,1.37384422675319,-27.547000000000825,-17.09000000000051,0.37384422675319007
108.9,-27.519000000000826,-17.07200000000051,1.3734968583321374,-27.519000000000826,-17.07200000000051,0.3734968583321374
109.0,-27.491000000000827,-17.05400000000051,1.3731494899110848,-27.491000000000827,-17.05400000000051,0.37314948991108476
109.10000000000001,-27.46300000000083,-17.03600000000051,1.3728021214900321,-27.46300000000083,-17.03600000000051,0.3728021214900321
109.2,-27.43500000000083,-17.01800000000051,1.3724547530689795,-27.43500000000083,-17.01800000000051,0.37245475306897946
109.30000000000001,-27.40700000000083,-17.000000000000508,1.3721073846479268,-27.40700000000083,-17.000000000000508,0.3721073846479268
109.4,-27.379000000000833,-16.982000000000507,1.3717600162268742,-27.379000000000833,-16.982000000000507,0.37176001622687416
109.5,-27.351000000000834,-16.964000000000507,1.3714126478058215,-27.351000000000834,-16.964000000000507,0.3714126478058215
109.60000000000001,-27.323000000000835,-16.947000000000507,1.3710652793847689,-27.323000000000835,-16.947000000000507,0.37106527938476885
109.7,-27.295000000000837,-16.930000000000508,1.3707179109637162,-27.295000000000837,-16.930000000000508,0.3707179109637162
109.80000000000001,-27.267000000000838,-16.91300000000051,1.3703705425426636,-27.267000000000838,-16.91300000000051,0.37037054254266355
109.9,-27.23900000000084,-16.89600000000051,1.370023174121611,-27.23900000000084,-16.89600000000051,0.3700231741216109
110.0,-27.21100000000084,-16.87900000000051,1.3696758057005582,-27.21100000000084,-16.87900000000051,0.36967580570055825
110.10000000000001,-27.183000000000842,-16.86200000000051,1.3693284372795056,-27.183000000000842,-16.86200000000051,0.3693284372795056
110.2,-27.155000000000843,-16.84500000000051,1.368981068858453,-27.155000000000843,-16.84500000000051,0.36898106885845294
110.30000000000001,-27.127000000000844,-16.82800000000051,1.3686337004374003,-27.127000000000844,-16.82800000000051,0.3686337004374003
110.4,-27.099000000000846,-16.81100000000051,1.3682863320163476,-27.099000000000846,-16.81100000000051,0.36828633201634764
110.5,-27.071000000000847,-16.794000000000512,1.367938963595295,-27.071000000000847,-16.794000000000512,0.367938963595295
110.60000000000001,-27.04300000000085,-16.777000000000513,1.3675915951742423,-27.04300000000085,-16.777000000000513,0.36759159517424234
110.7,-27.01500000000085,-16.760000000000513,1.3672442267531897,-27.01500000000085,-16.760000000000513,0.3672442267531897
110.80000000000001,-26.98700000000085,-16.743000000000514,1.366896858332137,-26.98700000000085,-16.743000000000514,0.36689685833213703
110.9,-26.959000000000852,-16.726000000000514,1.3665494899110844,-26.959000000000852,-16.726000000000514,0.3665494899110844
111.0,-26.93200000000085,-16.709000000000515,1.3662021214900317,-26.93200000000085,-16.709000000000515,0.36620212149003173
111.10000000000001,-26.90500000000085,-16.692000000000515,1.365854753068979,-26.90500000000085,-16.692000000000515,0.3658547530689791
111.2,-26.87800000000085,-16.675000000000516,1.3655073846479264,-26.87800000000085,-16.675000000000516,0.3655073846479264
111.30000000000001,-26.851000000000848,-16.658000000000516,1.3651600162268738,-26.851000000000848,-16.658000000000516,0.3651600162268738
111.4,-26.824000000000847,-16.641000000000517,1.3648126478058211,-26.824000000000847,-16.641000000000517,0.3648126478058211
111.5,-26.797000000000846,-16.624000000000517,1.3644652793847685,-26.797000000000846,-16.624000000000517,0.36446527938476847
111.60000000000001,-26.770000000000845,-16.607000000000518,1.3641179109637158,-26.770000000000845,-16.607000000000518,0.3641179109637158
111.7,-26.743000000000844,-16.59000000000052,1.3637705425426632,-26.743000000000844,-16.59000000000052,0.36377054254266317
111.80000000000001,-26.716000000000843,-16.57300000000052,1.3634231741216105,-26.716000000000843,-16.57300000000052,0.3634231741216105
111.9,-26.689000000000842,-16.55600000000052,1.3630758057005579,-26.689000000000842,-16.55600000000052,0.36307580570055786
112.0,-26.66200000000084,-16.53900000000052,1.3627284372795052,-26.66200000000084,-16.53900000000052,0.3627284372795052
112.10000000000001,-26.63500000000084,-16.52200000000052,1.3623810688584526,-26.63500000000084,-16.52200000000052,0.36238106885845256
112.2,-26.60800000000084,-16.50500000000052,1.3620337004374,-26.60800000000084,-16.50500000000052,0.3620337004373999
112.30000000000001,-26.581000000000838,-16.488000000000522,1.3616863320163473,-26.581000000000838,-16.488000000000522,0.36168633201634726
112.4,-26.554000000000837,-16.471000000000522,1.3613389635952946,-26.554000000000837,-16.471000000000522,0.3613389635952946
112.5,-26.527000000000836,-16.454000000000523,1.3610193759664286,-26.527000000000836,-16.454000000000523,0.36101937596642864
112.60000000000001,-26.500000000000835,-16.437000000000523,1.3606997883375627,-26.500000000000835,-16.437000000000523,0.36069978833756267
112.7,-26.473000000000834,-16.420000000000524,1.3603802007086967,-26.473000000000834,-16.420000000000524,0.3603802007086967
112.80000000000001,-26.446000000000833,-16.403000000000524,1.3600606130798307,-26.446000000000833,-16.403000000000524,0.3600606130798307
112.9,-26.419000000000832,-16.386000000000525,1.3597410254509648,-26.419000000000832,-16.386000000000525,0.35974102545096476
113.0,-26.39200000000083,-16.369000000000526,1.3594214378220988,-26.39200000000083,-16.369000000000526,0.3594214378220988
113.10000000000001,-26.36500000000083,-16.352000000000526,1.3591018501932328,-26.36500000000083,-16.352000000000526,0.3591018501932328
113.2,-26.33800000000083,-16.335000000000527,1.3587822625643668,-26.33800000000083,-16.335000000000527,0.35878226256436685
113.30000000000001,-26.311000000000828,-16.318000000000527,1.3584626749355009,-26.311000000000828,-16.318000000000527,0.3584626749355009
113.4,-26.284000000000827,-16.301000000000528,1.358143087306635,-26.284000000000827,-16.301000000000528,0.3581430873066349
113.5,-26.257000000000826,-16.28400000000053,1.357823499677769,-26.257000000000826,-16.28400000000053,0.35782349967776894
113.60000000000001,-26.230000000000825,-16.26700000000053,1.357503912048903,-26.230000000000825,-16.26700000000053,0.35750391204890297
113.7,-26.203000000000824,-16.25000000000053,1.357184324420037,-26.203000000000824,-16.25000000000053,0.357184324420037
113.80000000000001,-26.176000000000823,-16.23300000000053,1.356864736791171,-26.176000000000823,-16.23300000000053,0.35686473679117103
113.9,-26.14900000000082,-16.21600000000053,1.356545149162305,-26.14900000000082,-16.21600000000053,0.35654514916230506
114.0,-26.12200000000082,-16.19900000000053,1.356225561533439,-26.12200000000082,-16.19900000000053,0.3562255615334391
114.10000000000001,-26.09500000000082,-16.18200000000053,1.3559059739045731,-26.09500000000082,-16.18200000000053,0.3559059739045731
114.2,-26.06800000000082,-16.165000000000532,1.3555863862757072,-26.06800000000082,-16.165000000000532,0.35558638627570716
114.30000000000001,-26.041000000000817,-16.148000000000533,1.3552667986468412,-26.041000000000817,-16.148000000000533,0.3552667986468412
114.4,-26.014000000000816,-16.131000000000533,1.3549472110179752,-26.014000000000816,-16.131000000000533,0.3549472110179752
114.5,-25.987000000000815,-16.114000000000534,1.3546276233891092,-25.987000000000815,-16.114000000000534,0.35462762338910925
114.60000000000001,-25.960000000000814,-16.097000000000534,1.3543080357602433,-25.960000000000814,-16.097000000000534,0.3543080357602433
114.7,-25.934000000000815,-16.080000000000535,1.3539884481313773,-25.934000000000815,-16.080000000000535,0.3539884481313773
114.80000000000001,-25.908000000000815,-16.063000000000535,1.3536688605025113,-25.908000000000815,-16.063000000000535,0.35366886050251134
114.9,-25.882000000000815,-16.046000000000536,1.3533492728736454,-25.882000000000815,-16.046000000000536,0.35334927287364537
115.0,-25.856000000000815,-16.029000000000536,1.3530296852447794,-25.856000000000815,-16.029000000000536,0.3530296852447794
115.10000000000001,-25.830000000000815,-16.012000000000537,1.3527100976159134,-25.830000000000815,-16.012000000000537,0.35271009761591343
115.2,-25.804000000000816,-15.995000000000537,1.3523905099870475,-25.804000000000816,-15.995000000000537,0.35239050998704746
115.30000000000001,-25.778000000000816,-15.978000000000538,1.3520709223581815,-25.778000000000816,-15.978000000000538,0.3520709223581815
115.4,-25.752000000000816,-15.962000000000538,1.3517513347293155,-25.752000000000816,-15.962000000000538,0.3517513347293155
115.5,-25.726000000000816,-15.946000000000538,1.3514317471004496,-25.726000000000816,-15.946000000000538,0.35143174710044955
115.60000000000001,-25.700000000000816,-15.930000000000538,1.3511121594715836,-25.700000000000816,-15.930000000000538,0.3511121594715836
115.7,-25.674000000000817,-15.914000000000538,1.3507925718427176,-25.674000000000817,-15.914000000000538,0.3507925718427176
115.80000000000001,-25.648000000000817,-15.898000000000538,1.3504729842138516,-25.648000000000817,-15.898000000000538,0.35047298421385165
115.9,-25.622000000000817,-15.882000000000538,1.3501533965849857,-25.622000000000817,-15.882000000000538,0.3501533965849857
116.0,-25.596000000000817,-15.866000000000538,1.3498338089561197,-25.596000000000817,-15.866000000000538,0.3498338089561197
116.10000000000001,-25.570000000000817,-15.850000000000538,1.3495142213272537,-25.570000000000817,-15.850000000000538,0.34951422132725374
116.2,-25.544000000000818,-15.834000000000538,1.3491946336983878,-25.544000000000818,-15.834000000000538,0.34919463369838777
116.30000000000001,-25.518000000000818,-15.818000000000538,1.3488750460695218,-25.518000000000818,-15.818000000000538,0.3488750460695218
116.4,-25.492000000000818,-15.802000000000538,1.3485554584406558,-25.492000000000818,-15.802000000000538,0.34855545844065583
116.5,-25.466000000000818,-15.786000000000538,1.3482358708117899,-25.466000000000818,-15.786000000000538,0.34823587081178986
116.60000000000001,-25.44000000000082,-15.770000000000538,1.347916283182924,-25.44000000000082,-15.770000000000538,0.3479162831829239
116.7,-25.41400000000082,-15.754000000000538,1.347596695554058,-25.41400000000082,-15.754000000000538,0.3475966955540579
116.80000000000001,-25.38800000000082,-15.738000000000538,1.347277107925192,-25.38800000000082,-15.738000000000538,0.34727710792519195
116.9,-25.36200000000082,-15.722000000000538,1.346957520296326,-25.36200000000082,-15.722000000000538,0.346957520296326
117.0,-25.33600000000082,-15.706000000000538,1.34663793266746,-25.33600000000082,-15.706000000000538,0.34663793266746
117.10000000000001,-25.31000000000082,-15.690000000000538,1.346318345038594,-25.31000000000082,-15.690000000000538,0.34631834503859404
117.2,-25.28400000000082,-15.674000000000538,1.345998757409728,-25.28400000000082,-15.674000000000538,0.3459987574097281
117.30000000000001,-25.25800000000082,-15.658000000000538,1.345679169780862,-25.25800000000082,-15.658000000000538,0.3456791697808621
117.4,-25.23200000000082,-15.642000000000538,1.3453595821519961,-25.23200000000082,-15.642000000000538,0.34535958215199614
117.5,-25.20600000000082,-15.626000000000538,1.3450399945231302,-25.20600000000082,-15.626000000000538,0.34503999452313017
117.60000000000001,-25.18000000000082,-15.610000000000538,1.3447204068942642,-25.18000000000082,-15.610000000000538,0.3447204068942642
117.7,-25.15400000000082,-15.594000000000538,1.3444008192653982,-25.15400000000082,-15.594000000000538,0.34440081926539823
117.80000000000001,-25.12800000000082,-15.578000000000538,1.3440812316365323,-25.12800000000082,-15.578000000000538,0.34408123163653226
117.9,-25.10200000000082,-15.562000000000538,1.3437616440076663,-25.10200000000082,-15.562000000000538,0.3437616440076663
118.0,-25.07600000000082,-15.546000000000538,1.3434420563788003,-25.07600000000082,-15.546000000000538,0.3434420563788003
118.10000000000001,-25.05000000000082,-15.530000000000538,1.3431224687499344,-25.05000000000082,-15.530000000000538,0.34312246874993435
118.2,-25.02400000000082,-15.514000000000538,1.3428028811210684,-25.02400000000082,-15.514000000000538,0.3428028811210684
118.30000000000001,-24.998000000000822,-15.498000000000538,1.3424832934922024,-24.998000000000822,-15.498000000000538,0.3424832934922024
118.4,-24.972000000000822,-15.482000000000538,1.3421637058633364,-24.972000000000822,-15.482000000000538,0.34216370586333644
118.5,-24.947000000000823,-15.466000000000538,1.3418441182344705,-24.947000000000823,-15.466000000000538,0.3418441182344705
118.60000000000001,-24.922000000000825,-15.450000000000538,1.3415245306056045,-24.922000000000825,-15.450000000000538,0.3415245306056045
118.7,-24.897000000000826,-15.434000000000538,1.3412049429767385,-24.897000000000826,-15.434000000000538,0.34120494297673853
118.80000000000001,-24.872000000000828,-15.418000000000537,1.3408853553478726,-24.872000000000828,-15.418000000000537,0.34088535534787257
118.9,-24.84700000000083,-15.402000000000537,1.3405657677190066,-24.84700000000083,-15.402000000000537,0.3405657677190066
119.0,-24.82200000000083,-15.386000000000537,1.3402461800901406,-24.82200000000083,-15.386000000000537,0.3402461800901406
119.10000000000001,-24.797000000000832,-15.370000000000537,1.3399265924612747,-24.797000000000832,-15.370000000000537,0.33992659246127466
119.2,-24.772000000000833,-15.354000000000537,1.3396070048324087,-24.772000000000833,-15.354000000000537,0.3396070048324087
119.30000000000001,-24.747000000000835,-15.338000000000537,1.3392874172035427,-24.747000000000835,-15.338000000000537,0.3392874172035427
119.4,-24.722000000000836,-15.322000000000537,1.3389678295746767,-24.722000000000836,-15.322000000000537,0.33896782957467675
119.5,-24.697000000000838,-15.306000000000537,1.3386482419458108,-24.697000000000838,-15.306000000000537,0.3386482419458108
119.60000000000001,-24.67200000000084,-15.290000000000537,1.3383286543169448,-24.67200000000084,-15.290000000000537,0.3383286543169448
119.7,-24.64700000000084,-15.274000000000537,1.3380090666880788,-24.64700000000084,-15.274000000000537,0.33800906668807884
119.80000000000001,-24.622000000000842,-15.258000000000537,1.3376894790592129,-24.622000000000842,-15.258000000000537,0.33768947905921287
119.9,-24.597000000000843,-15.242000000000537,1.337369891430347,-24.597000000000843,-15.242000000000537,0.3373698914303469
120.0,-24.572000000000845,-15.226000000000537,1.337050303801481,-24.572000000000845,-15.226000000000537,0.33705030380148093
120.10000000000001,-24.547000000000846,-15.210000000000537,1.336730716172615,-24.547000000000846,-15.210000000000537,0.33673071617261496
120.2,-24.522000000000848,-15.194000000000537,1.336411128543749,-24.522000000000848,-15.194000000000537,0.336411128543749
120.30000000000001,-24.49700000000085,-15.178000000000537,1.336091540914883,-24.49700000000085,-15.178000000000537,0.336091540914883
120.4,-24.47200000000085,-15.162000000000537,1.335771953286017,-24.47200000000085,-15.162000000000537,0.33577195328601706
120.5,-24.447000000000852,-15.146000000000537,1.335452365657151,-24.447000000000852,-15.146000000000537,0.3354523656571511
120.60000000000001,-24.422000000000853,-15.130000000000537,1.3351327780282851,-24.422000000000853,-15.130000000000537,0.3351327780282851
120.7,-24.397000000000855,-15.114000000000537,1.3348131903994191,-24.397000000000855,-15.114000000000537,0.33481319039941915
120.80000000000001,-24.372000000000856,-15.098000000000537,1.3344936027705532,-24.372000000000856,-15.098000000000537,0.3344936027705532
120.9,-24.347000000000858,-15.082000000000537,1.3341740151416872,-24.347000000000858,-15.082000000000537,0.3341740151416872
121.0,-24.32200000000086,-15.066000000000537,1.3338544275128212,-24.32200000000086,-15.066000000000537,0.33385442751282124
121.10000000000001,-24.29700000000086,-15.050000000000537,1.3335348398839553,-24.29700000000086,-15.050000000000537,0.33353483988395527
121.2,-24.27200000000086,-15.034000000000537,1.3332152522550893,-24.27200000000086,-15.034000000000537,0.3332152522550893
121.30000000000001,-24.247000000000863,-15.018000000000537,1.3328956646262233,-24.247000000000863,-15.018000000000537,0.33289566462622333
121.4,-24.222000000000865,-15.002000000000537,1.332602735333294,-24.222000000000865,-15.002000000000537,0.3326027353332941
121.5,-24.197000000000866,-14.986000000000537,1.3323098060403649,-24.197000000000866,-14.986000000000537,0.33230980604036486
121.60000000000001,-24.172000000000867,-14.970000000000537,1.3320168767474356,-24.172000000000867,-14.970000000000537,0.33201687674743563
121.7,-24.14700000000087,-14.955000000000537,1.3317239474545064,-24.14700000000087,-14.955000000000537,0.3317239474545064
121.80000000000001,-24.12200000000087,-14.940000000000536,1.3314310181615772,-24.12200000000087,-14.940000000000536,0.33143101816157716
121.9,-24.09700000000087,-14.925000000000535,1.331138088868648,-24.09700000000087,-14.925000000000535,0.33113808886864793
122.0,-24.072000000000873,-14.910000000000535,1.3308451595757187,-24.072000000000873,-14.910000000000535,0.3308451595757187
122.10000000000001,-24.047000000000875,-14.895000000000534,1.3305522302827895,-24.047000000000875,-14.895000000000534,0.33055223028278946
122.2,-24.022000000000876,-14.880000000000534,1.3302593009898602,-24.022000000000876,-14.880000000000534,0.3302593009898602
122.30000000000001,-23.997000000000877,-14.865000000000533,1.329966371696931,-23.997000000000877,-14.865000000000533,0.329966371696931
122.4,-23.97200000000088,-14.850000000000533,1.3296734424040018,-23.97200000000088,-14.850000000000533,0.32967344240400176
122.5,-23.948000000000878,-14.835000000000532,1.3293805131110725,-23.948000000000878,-14.835000000000532,0.3293805131110725
122.60000000000001,-23.924000000000877,-14.820000000000531,1.3290875838181433,-23.924000000000877,-14.820000000000531,0.3290875838181433
122.7,-23.900000000000876,-14.80500000000053,1.328794654525214,-23.900000000000876,-14.80500000000053,0.32879465452521406
122.80000000000001,-23.876000000000875,-14.79000000000053,1.3285017252322848,-23.876000000000875,-14.79000000000053,0.3285017252322848
122.9,-23.852000000000874,-14.77500000000053,1.3282087959393556,-23.852000000000874,-14.77500000000053,0.3282087959393556
123.0,-23.828000000000873,-14.76000000000053,1.3279158666464264,-23.828000000000873,-14.76000000000053,0.32791586664642636
123.10000000000001,-23.804000000000872,-14.745000000000529,1.3276229373534971,-23.804000000000872,-14.745000000000529,0.3276229373534971
123.2,-23.78000000000087,-14.730000000000528,1.327330008060568,-23.78000000000087,-14.730000000000528,0.3273300080605679
123.30000000000001,-23.75600000000087,-14.715000000000527,1.3270370787676387,-23.75600000000087,-14.715000000000527,0.32703707876763866
123.4,-23.73200000000087,-14.700000000000527,1.3267441494747094,-23.73200000000087,-14.700000000000527,0.3267441494747094
123.5,-23.70800000000087,-14.685000000000526,1.3264512201817802,-23.70800000000087,-14.685000000000526,0.3264512201817802
123.60000000000001,-23.684000000000868,-14.670000000000526,1.326158290888851,-23.684000000000868,-14.670000000000526,0.32615829088885095
123.7,-23.660000000000867,-14.655000000000525,1.3258653615959217,-23.660000000000867,-14.655000000000525,0.3258653615959217
123.80000000000001,-23.636000000000866,-14.640000000000525,1.3255724323029925,-23.636000000000866,-14.640000000000525,0.3255724323029925
123.9,-23.612000000000865,-14.625000000000524,1.3252795030100633,-23.612000000000865,-14.625000000000524,0.32527950301006325
124.0,-23.588000000000864,-14.610000000000523,1.324986573717134,-23.588000000000864,-14.610000000000523,0.324986573717134
124.10000000000001,-23.564000000000863,-14.595000000000523,1.3246936444242048,-23.564000000000863,-14.595000000000523,0.3246936444242048
124.2,-23.540000000000862,-14.580000000000522,1.3244007151312756,-23.540000000000862,-14.580000000000522,0.32440071513127555
124.30000000000001,-23.51600000000086,-14.565000000000522,1.3241077858383463,-23.51600000000086,-14.565000000000522,0.3241077858383463
124.4,-23.49200000000086,-14.550000000000521,1.323814856545417,-23.49200000000086,-14.550000000000521,0.3238148565454171
124.5,-23.46800000000086,-14.53500000000052,1.3235219272524879,-23.46800000000086,-14.53500000000052,0.32352192725248785
124.60000000000001,-23.44400000000086,-14.52000000000052,1.3232289979595586,-23.44400000000086,-14.52000000000052,0.3232289979595586
124.7,-23.420000000000858,-14.50500000000052,1.3229360686666294,-23.420000000000858,-14.50500000000052,0.3229360686666294
124.80000000000001,-23.396000000000857,-14.490000000000519,1.3226431393737001,-23.396000000000857,-14.490000000000519,0.32264313937370015
124.9,-23.372000000000856,-14.475000000000518,1.322350210080771,-23.372000000000856,-14.475000000000518,0.3223502100807709
125.0,-23.348000000000855,-14.460000000000518,1.3220572807878417,-23.348000000000855,-14.460000000000518,0.3220572807878417
125.10000000000001,-23.324000000000854,-14.445000000000517,1.3217643514949124,-23.324000000000854,-14.445000000000517,0.32176435149491245
125.2,-23.300000000000853,-14.430000000000517,1.3214714222019832,-23.300000000000853,-14.430000000000517,0.3214714222019832
125.30000000000001,-23.276000000000852,-14.415000000000516,1.321178492909054,-23.276000000000852,-14.415000000000516,0.321178492909054
125.4,-23.25200000000085,-14.400000000000515,1.3208855636161247,-23.25200000000085,-14.400000000000515,0.32088556361612475
125.5,-23.22800000000085,-14.385000000000515,1.3205926343231955,-23.22800000000085,-14.385000000000515,0.3205926343231955
125.60000000000001,-23.20400000000085,-14.370000000000514,1.3202997050302663,-23.20400000000085,-14.370000000000514,0.3202997050302663
125.7,-23.18000000000085,-14.355000000000514,1.320006775737337,-23.18000000000085,-14.355000000000514,0.32000677573733705
125.80000000000001,-23.156000000000848,-14.340000000000513,1.3197138464444078,-23.156000000000848,-14.340000000000513,0.3197138464444078
125.9,-23.132000000000847,-14.325000000000513,1.3194209171514786,-23.132000000000847,-14.325000000000513,0.3194209171514786
126.0,-23.108000000000846,-14.310000000000512,1.3191279878585493,-23.108000000000846,-14.310000000000512,0.31912798785854934
126.10000000000001,-23.084000000000845,-14.295000000000512,1.31883505856562,-23.084000000000845,-14.295000000000512,0.3188350585656201
126.2,-23.060000000000844,-14.280000000000511,1.3185421292726909,-23.060000000000844,-14.280000000000511,0.3185421292726909
126.30000000000001,-23.036000000000843,-14.26500000000051,1.3182491999797616,-23.036000000000843,-14.26500000000051,0.31824919997976164
126.4,-23.012000000000842,-14.25000000000051,1.3179562706868324,-23.012000000000842,-14.25000000000051,0.3179562706868324
126.5,-22.98800000000084,-14.23500000000051,1.3176633413939032,-22.98800000000084,-14.23500000000051,0.3176633413939032
126.60000000000001,-22.96400000000084,-14.220000000000509,1.317370412100974,-22.96400000000084,-14.220000000000509,0.31737041210097394
126.7,-22.94100000000084,-14.205000000000508,1.3170774828080447,-22.94100000000084,-14.205000000000508,0.3170774828080447
126.80000000000001,-22.91800000000084,-14.190000000000508,1.3167845535151155,-22.91800000000084,-14.190000000000508,0.3167845535151155
126.9,-22.89500000000084,-14.175000000000507,1.3164916242221862,-22.89500000000084,-14.175000000000507,0.31649162422218624
127.0,-22.872000000000842,-14.160000000000506,1.316198694929257,-22.872000000000842,-14.160000000000506,0.316198694929257
127.10000000000001,-22.849000000000842,-14.145000000000506,1.3159057656363278,-22.849000000000842,-14.145000000000506,0.3159057656363278
127.2,-22.826000000000843,-14.130000000000505,1.3156128363433985,-22.826000000000843,-14.130000000000505,0.31561283634339854
127.30000000000001,-22.803000000000843,-14.115000000000505,1.3153199070504693,-22.803000000000843,-14.115000000000505,0.3153199070504693
127.4,-22.780000000000843,-14.100000000000504,1.31502697775754,-22.780000000000843,-14.100000000000504,0.31502697775754007
127.5,-22.757000000000843,-14.085000000000504,1.3147340484646108,-22.757000000000843,-14.085000000000504,0.31473404846461084
127.60000000000001,-22.734000000000844,-14.070000000000503,1.3144411191716816,-22.734000000000844,-14.070000000000503,0.3144411191716816
127.7,-22.711000000000844,-14.055000000000502,1.3141481898787524,-22.711000000000844,-14.055000000000502,0.31414818987875237
127.80000000000001,-22.688000000000844,-14.040000000000502,1.3138552605858231,-22.688000000000844,-14.040000000000502,0.31385526058582314
127.9,-22.665000000000845,-14.025000000000501,1.313562331292894,-22.665000000000845,-14.025000000000501,0.3135623312928939
128.0,-22.642000000000845,-14.0100000000005,1.3132694019999647,-22.642000000000845,-14.0100000000005,0.31326940199996467
128.1,-22.619000000000845,-13.9950000000005,1.3129764727070354,-22.619000000000845,-13.9950000000005,0.31297647270703544
128.20000000000002,-22.596000000000846,-13.9800000000005,1.3126835434141062,-22.596000000000846,-13.9800000000005,0.3126835434141062
128.3,-22.573000000000846,-13.9660000000005,1.312390614121177,-22.573000000000846,-13.9660000000005,0.31239061412117697
128.4,-22.550000000000846,-13.952000000000501,1.3120976848282477,-22.550000000000846,-13.952000000000501,0.31209768482824773
128.5,-22.527000000000847,-13.938000000000502,1.3118047555353185,-22.527000000000847,-13.938000000000502,0.3118047555353185
128.6,-22.504000000000847,-13.924000000000502,1.3115118262423893,-22.504000000000847,-13.924000000000502,0.31151182624238927
128.70000000000002,-22.481000000000847,-13.910000000000503,1.31121889694946,-22.481000000000847,-13.910000000000503,0.31121889694946003
128.8,-22.458000000000848,-13.896000000000504,1.3109259676565308,-22.458000000000848,-13.896000000000504,0.3109259676565308
128.9,-22.435000000000848,-13.882000000000504,1.3106330383636016,-22.435000000000848,-13.882000000000504,0.31063303836360157
129.0,-22.412000000000848,-13.868000000000505,1.3103401090706723,-22.412000000000848,-13.868000000000505,0.31034010907067233
129.1,-22.38900000000085,-13.854000000000505,1.310047179777743,-22.38900000000085,-13.854000000000505,0.3100471797777431
129.20000000000002,-22.36600000000085,-13.840000000000506,1.3097542504848139,-22.36600000000085,-13.840000000000506,0.30975425048481386
129.3,-22.34300000000085,-13.826000000000507,1.3094613211918846,-22.34300000000085,-13.826000000000507,0.30946132119188463
129.4,-22.32000000000085,-13.812000000000507,1.3091683918989554,-22.32000000000085,-13.812000000000507,0.3091683918989554
129.5,-22.29700000000085,-13.798000000000508,1.3088754626060262,-22.29700000000085,-13.798000000000508,0.30887546260602616
129.6,-22.27400000000085,-13.784000000000509,1.308582533313097,-22.27400000000085,-13.784000000000509,0.30858253331309693
129.70000000000002,-22.25100000000085,-13.77000000000051,1.3082896040201677,-22.25100000000085,-13.77000000000051,0.3082896040201677
129.8,-22.22800000000085,-13.75600000000051,1.3079966747272385,-22.22800000000085,-13.75600000000051,0.30799667472723846
129.9,-22.20500000000085,-13.74200000000051,1.3077037454343092,-22.20500000000085,-13.74200000000051,0.30770374543430923
130.0,-22.18200000000085,-13.728000000000511,1.30741081614138,-22.18200000000085,-13.728000000000511,0.30741081614138
130.1,-22.15900000000085,-13.714000000000512,1.3071178868484508,-22.15900000000085,-13.714000000000512,0.30711788684845076
130.20000000000002,-22.136000000000852,-13.700000000000513,1.3068249575555215,-22.136000000000852,-13.700000000000513,0.3068249575555215
130.3,-22.113000000000852,-13.686000000000513,1.3065320282625923,-22.113000000000852,-13.686000000000513,0.3065320282625923
130.4,-22.090000000000853,-13.672000000000514,1.306239098969663,-22.090000000000853,-13.672000000000514,0.30623909896966306
130.5,-22.067000000000853,-13.658000000000515,1.3059461696767338,-22.067000000000853,-13.658000000000515,0.3059461696767338
130.6,-22.044000000000853,-13.644000000000515,1.3056532403838046,-22.044000000000853,-13.644000000000515,0.3056532403838046
130.70000000000002,-22.021000000000853,-13.630000000000516,1.3053859136511314,-22.021000000000853,-13.630000000000516,0.30538591365113144
130.8,-21.998000000000854,-13.616000000000517,1.3051185869184583,-21.998000000000854,-13.616000000000517,0.3051185869184583
130.9,-21.975000000000854,-13.602000000000517,1.3048512601857851,-21.975000000000854,-13.602000000000517,0.3048512601857851
131.0,-21.953000000000856,-13.588000000000518,1.304583933453112,-21.953000000000856,-13.588000000000518,0.30458393345311197
131.1,-21.931000000000857,-13.574000000000519,1.3043166067204388,-21.931000000000857,-13.574000000000519,0.3043166067204388
131.20000000000002,-21.90900000000086,-13.56000000000052,1.3040492799877657,-21.90900000000086,-13.56000000000052,0.30404927998776565
131.3,-21.88700000000086,-13.54600000000052,1.3037819532550925,-21.88700000000086,-13.54600000000052,0.3037819532550925
131.4,-21.86500000000086,-13.53200000000052,1.3035146265224193,-21.86500000000086,-13.53200000000052,0.30351462652241934
131.5,-21.843000000000863,-13.518000000000521,1.3032472997897462,-21.843000000000863,-13.518000000000521,0.3032472997897462
131.6,-21.821000000000865,-13.504000000000522,1.302979973057073,-21.821000000000865,-13.504000000000522,0.302979973057073
131.70000000000002,-21.799000000000866,-13.490000000000522,1.3027126463243999,-21.799000000000866,-13.490000000000522,0.30271264632439987
131.8,-21.777000000000868,-13.476000000000523,1.3024453195917267,-21.777000000000868,-13.476000000000523,0.3024453195917267
131.9,-21.75500000000087,-13.462000000000524,1.3021779928590536,-21.75500000000087,-13.462000000000524,0.30217799285905356
132.0,-21.73300000000087,-13.448000000000524,1.3019106661263804,-21.73300000000087,-13.448000000000524,0.3019106661263804
132.1,-21.711000000000872,-13.434000000000525,1.3016433393937072,-21.711000000000872,-13.434000000000525,0.30164333939370724
132.20000000000002,-21.689000000000874,-13.420000000000526,1.301376012661034,-21.689000000000874,-13.420000000000526,0.3013760126610341
132.3,-21.667000000000876,-13.406000000000526,1.301108685928361,-21.667000000000876,-13.406000000000526,0.30110868592836093
132.4,-21.645000000000877,-13.392000000000527,1.3008413591956878,-21.645000000000877,-13.392000000000527,0.3008413591956878
132.5,-21.62300000000088,-13.378000000000528,1.3005740324630146,-21.62300000000088,-13.378000000000528,0.3005740324630146
132.6,-21.60100000000088,-13.364000000000528,1.3003067057303415,-21.60100000000088,-13.364000000000528,0.30030670573034146
132.70000000000002,-21.57900000000088,-13.350000000000529,1.3000393789976683,-21.57900000000088,-13.350000000000529,0.3000393789976683
132.8,-21.557000000000883,-13.33600000000053,1.2997720522649951,-21.557000000000883,-13.33600000000053,0.29977205226499515
132.9,-21.535000000000885,-13.32200000000053,1.299504725532322,-21.535000000000885,-13.32200000000053,0.299504725532322
133.0,-21.513000000000886,-13.308000000000531,1.2992373987996488,-21.513000000000886,-13.308000000000531,0.29923739879964883
133.1,-21.491000000000888,-13.294000000000532,1.2989700720669757,-21.491000000000888,-13.294000000000532,0.2989700720669757
133.20000000000002,-21.46900000000089,-13.280000000000532,1.2987027453343025,-21.46900000000089,-13.280000000000532,0.2987027453343025
133.3,-21.44700000000089,-13.266000000000533,1.2984354186016294,-21.44700000000089,-13.266000000000533,0.29843541860162937
133.4,-21.425000000000892,-13.252000000000534,1.2981680918689562,-21.425000000000892,-13.252000000000534,0.2981680918689562
133.5,-21.403000000000894,-13.238000000000534,1.297900765136283,-21.403000000000894,-13.238000000000534,0.29790076513628305
133.6,-21.381000000000896,-13.224000000000535,1.29763343840361,-21.381000000000896,-13.224000000000535,0.2976334384036099
133.70000000000002,-21.359000000000897,-13.210000000000536,1.2973661116709367,-21.359000000000897,-13.210000000000536,0.29736611167093674
133.8,-21.3370000000009,-13.196000000000536,1.2970987849382636,-21.3370000000009,-13.196000000000536,0.2970987849382636
133.9,-21.3150000000009,-13.182000000000537,1.2968314582055904,-21.3150000000009,-13.182000000000537,0.2968314582055904
134.0,-21.2930000000009,-13.168000000000537,1.2965641314729173,-21.2930000000009,-13.168000000000537,0.29656413147291727
134.1,-21.271000000000903,-13.154000000000538,1.2962968047402441,-21.271000000000903,-13.154000000000538,0.2962968047402441
134.20000000000002,-21.249000000000905,-13.140000000000539,1.296029478007571,-21.249000000000905,-13.140000000000539,0.29602947800757096
134.3,-21.227000000000906,-13.12600000000054,1.2957621512748978,-21.227000000000906,-13.12600000000054,0.2957621512748978
134.4,-21.205000000000908,-13.11200000000054,1.2954948245422246,-21.205000000000908,-13.11200000000054,0.29549482454222464
134.5,-21.18300000000091,-13.09800000000054,1.2952274978095515,-21.18300000000091,-13.09800000000054,0.2952274978095515
134.6,-21.16100000000091,-13.084000000000541,1.2949601710768783,-21.16100000000091,-13.084000000000541,0.29496017107687833
134.70000000000002,-21.139000000000912,-13.070000000000542,1.2946928443442052,-21.139000000000912,-13.070000000000542,0.2946928443442052
134.8,-21.117000000000914,-13.056000000000543,1.294425517611532,-21.117000000000914,-13.056000000000543,0.294425517611532
134.9,-21.095000000000915,-13.042000000000543,1.2941581908788589,-21.095000000000915,-13.042000000000543,0.29415819087885886
135.0,-21.073000000000917,-13.028000000000544,1.2938908641461857,-21.073000000000917,-13.028000000000544,0.2938908641461857
135.1,-21.05100000000092,-13.014000000000545,1.2936235374135125,-21.05100000000092,-13.014000000000545,0.29362353741351255
135.20000000000002,-21.02900000000092,-13.000000000000545,1.2933562106808394,-21.02900000000092,-13.000000000000545,0.2933562106808394
135.3,-21.00700000000092,-12.986000000000546,1.2930888839481662,-21.00700000000092,-12.986000000000546,0.29308888394816623
135.4,-20.985000000000923,-12.972000000000547,1.292821557215493,-20.985000000000923,-12.972000000000547,0.2928215572154931
135.5,-20.963000000000925,-12.959000000000547,1.29255423048282,-20.963000000000925,-12.959000000000547,0.2925542304828199
135.6,-20.942000000000924,-12.946000000000547,1.2922869037501468,-20.942000000000924,-12.946000000000547,0.29228690375014676
135.70000000000002,-20.921000000000923,-12.933000000000547,1.2920195770174736,-20.921000000000923,-12.933000000000547,0.2920195770174736
135.8,-20.900000000000922,-12.920000000000547,1.2917522502848005,-20.900000000000922,-12.920000000000547,0.29175225028480045
135.9,-20.87900000000092,-12.907000000000547,1.2914849235521273,-20.87900000000092,-12.907000000000547,0.2914849235521273
136.0,-20.85800000000092,-12.894000000000547,1.2912175968194541,-20.85800000000092,-12.894000000000547,0.29121759681945414
136.1,-20.83700000000092,-12.881000000000547,1.290950270086781,-20.83700000000092,-12.881000000000547,0.290950270086781
136.20000000000002,-20.81600000000092,-12.868000000000547,1.2906829433541078,-20.81600000000092,-12.868000000000547,0.2906829433541078
136.3,-20.79500000000092,-12.855000000000548,1.2904156166214347,-20.79500000000092,-12.855000000000548,0.29041561662143467
136.4,-20.774000000000918,-12.842000000000548,1.2901482898887615,-20.774000000000918,-12.842000000000548,0.2901482898887615
136.5,-20.753000000000917,-12.829000000000548,1.2898809631560884,-20.753000000000917,-12.829000000000548,0.28988096315608836
136.6,-20.732000000000916,-12.816000000000548,1.2896136364234152,-20.732000000000916,-12.816000000000548,0.2896136364234152
136.70000000000002,-20.711000000000915,-12.803000000000548,1.289346309690742,-20.711000000000915,-12.803000000000548,0.28934630969074204
136.8,-20.690000000000914,-12.790000000000548,1.2890789829580689,-20.690000000000914,-12.790000000000548,0.2890789829580689
136.9,-20.669000000000914,-12.777000000000548,1.2888116562253957,-20.669000000000914,-12.777000000000548,0.28881165622539573
137.0,-20.648000000000913,-12.764000000000548,1.2885443294927226,-20.648000000000913,-12.764000000000548,0.2885443294927226
137.1,-20.627000000000912,-12.751000000000548,1.2882770027600494,-20.627000000000912,-12.751000000000548,0.2882770027600494
137.20000000000002,-20.60600000000091,-12.738000000000548,1.2880096760273763,-20.60600000000091,-12.738000000000548,0.28800967602737626
137.3,-20.58500000000091,-12.725000000000549,1.287742349294703,-20.58500000000091,-12.725000000000549,0.2877423492947031
137.4,-20.56400000000091,-12.712000000000549,1.28747502256203,-20.56400000000091,-12.712000000000549,0.28747502256202995
137.5,-20.54300000000091,-12.699000000000549,1.2872076958293568,-20.54300000000091,-12.699000000000549,0.2872076958293568
137.6,-20.522000000000908,-12.686000000000549,1.2869403690966836,-20.522000000000908,-12.686000000000549,0.28694036909668363
137.70000000000002,-20.501000000000907,-12.673000000000549,1.2866730423640105,-20.501000000000907,-12.673000000000549,0.2866730423640105
137.8,-20.480000000000906,-12.660000000000549,1.2864057156313373,-20.480000000000906,-12.660000000000549,0.2864057156313373
137.9,-20.459000000000906,-12.64700000000055,1.2861383888986642,-20.459000000000906,-12.64700000000055,0.28613838889866416
138.0,-20.438000000000905,-12.63400000000055,1.285871062165991,-20.438000000000905,-12.63400000000055,0.285871062165991
138.1,-20.417000000000904,-12.62100000000055,1.2856037354333179,-20.417000000000904,-12.62100000000055,0.28560373543331785
138.20000000000002,-20.396000000000903,-12.60800000000055,1.2853364087006447,-20.396000000000903,-12.60800000000055,0.2853364087006447
138.3,-20.375000000000902,-12.59500000000055,1.2850690819679715,-20.375000000000902,-12.59500000000055,0.28506908196797154
138.4,-20.3540000000009,-12.58200000000055,1.2848017552352984,-20.3540000000009,-12.58200000000055,0.2848017552352984
138.5,-20.3330000000009,-12.56900000000055,1.2845344285026252,-20.3330000000009,-12.56900000000055,0.2845344285026252
138.6,-20.3120000000009,-12.55600000000055,1.284267101769952,-20.3120000000009,-12.55600000000055,0.28426710176995207
138.70000000000002,-20.2910000000009,-12.54300000000055,1.283999775037279,-20.2910000000009,-12.54300000000055,0.2839997750372789
138.8,-20.2700000000009,-12.53000000000055,1.2837324483046058,-20.2700000000009,-12.53000000000055,0.28373244830460576
138.9,-20.249000000000898,-12.51700000000055,1.2834651215719326,-20.249000000000898,-12.51700000000055,0.2834651215719326
139.0,-20.228000000000897,-12.50400000000055,1.2831977948392594,-20.228000000000897,-12.50400000000055,0.28319779483925944
139.1,-20.207000000000896,-12.49100000000055,1.2829304681065863,-20.207000000000896,-12.49100000000055,0.2829304681065863
139.20000000000002,-20.186000000000895,-12.47800000000055,1.2826631413739131,-20.186000000000895,-12.47800000000055,0.28266314137391313
139.3,-20.165000000000894,-12.46500000000055,1.28239581464124,-20.165000000000894,-12.46500000000055,0.28239581464124
139.4,-20.144000000000894,-12.45200000000055,1.2821284879085668,-20.144000000000894,-12.45200000000055,0.2821284879085668
139.5,-20.123000000000893,-12.43900000000055,1.2818611611758937,-20.123000000000893,-12.43900000000055,0.28186116117589366
139.6,-20.102000000000892,-12.42600000000055,1.2815938344432205,-20.102000000000892,-12.42600000000055,0.2815938344432205
139.70000000000002,-20.08100000000089,-12.413000000000551,1.2813265077105473,-20.08100000000089,-12.413000000000551,0.28132650771054735
139.8,-20.06000000000089,-12.400000000000551,1.2810591809778742,-20.06000000000089,-12.400000000000551,0.2810591809778742
139.9,-20.03900000000089,-12.387000000000551,1.280791854245201,-20.03900000000089,-12.387000000000551,0.28079185424520103
140.0,-20.01800000000089,-12.374000000000551,1.2805245275125279,-20.01800000000089,-12.374000000000551,0.2805245275125279
140.1,-19.997000000000888,-12.361000000000551,1.2802572007798547,-19.997000000000888,-12.361000000000551,0.2802572007798547
140.20000000000002,-19.976000000000887,-12.348000000000551,1.2799898740471816,-19.976000000000887,-12.348000000000551,0.27998987404718156
140.3,-19.956000000000888,-12.335000000000552,1.2797225473145084,-19.956000000000888,-12.335000000000552,0.2797225473145084
140.4,-19.936000000000888,-12.322000000000552,1.2794798288679066,-19.936000000000888,-12.322000000000552,0.27947982886790657
140.5,-19.91600000000089,-12.309000000000552,1.2792371104213047,-19.91600000000089,-12.309000000000552,0.2792371104213047
140.6,-19.89600000000089,-12.296000000000552,1.2789943919747029,-19.89600000000089,-12.296000000000552,0.2789943919747029
140.70000000000002,-19.87600000000089,-12.283000000000552,1.278751673528101,-19.87600000000089,-12.283000000000552,0.27875167352810104
140.8,-19.85600000000089,-12.270000000000552,1.2785089550814992,-19.85600000000089,-12.270000000000552,0.2785089550814992
140.9,-19.83600000000089,-12.257000000000552,1.2782662366348974,-19.83600000000089,-12.257000000000552,0.27826623663489736
141.0,-19.81600000000089,-12.244000000000552,1.2780235181882955,-19.81600000000089,-12.244000000000552,0.2780235181882955
141.1,-19.79600000000089,-12.231000000000552,1.2777807997416937,-19.79600000000089,-12.231000000000552,0.2777807997416937
141.20000000000002,-19.77600000000089,-12.218000000000552,1.2775380812950918,-19.77600000000089,-12.218000000000552,0.27753808129509183
141.3,-19.756000000000892,-12.205000000000553,1.27729536284849,-19.756000000000892,-12.205000000000553,0.27729536284849
141.4,-19.736000000000892,-12.192000000000553,1.2770526444018881,-19.736000000000892,-12.192000000000553,0.27705264440188815
141.5,-19.716000000000893,-12.179000000000553,1.2768099259552863,-19.716000000000893,-12.179000000000553,0.2768099259552863
141.6,-19.696000000000893,-12.166000000000553,1.2765672075086845,-19.696000000000893,-12.166000000000553,0.27656720750868447
141.70000000000002,-19.676000000000894,-12.153000000000553,1.2763244890620826,-19.676000000000894,-12.153000000000553,0.2763244890620826
141.8,-19.656000000000894,-12.140000000000553,1.2760817706154808,-19.656000000000894,-12.140000000000553,0.2760817706154808
141.9,-19.636000000000895,-12.127000000000553,1.275839052168879,-19.636000000000895,-12.127000000000553,0.27583905216887894
142.0,-19.616000000000895,-12.114000000000553,1.275596333722277,-19.616000000000895,-12.114000000000553,0.2755963337222771
142.1,-19.596000000000895,-12.101000000000553,1.2753536152756753,-19.596000000000895,-12.101000000000553,0.27535361527567526
142.20000000000002,-19.576000000000896,-12.088000000000553,1.2751108968290734,-19.576000000000896,-12.088000000000553,0.2751108968290734
142.3,-19.556000000000896,-12.075000000000554,1.2748681783824716,-19.556000000000896,-12.075000000000554,0.2748681783824716
142.4,-19.536000000000897,-12.062000000000554,1.2746254599358697,-19.536000000000897,-12.062000000000554,0.27462545993586973
142.5,-19.516000000000897,-12.049000000000554,1.274382741489268,-19.516000000000897,-12.049000000000554,0.2743827414892679
142.6,-19.496000000000898,-12.036000000000554,1.274140023042666,-19.496000000000898,-12.036000000000554,0.27414002304266605
142.70000000000002,-19.476000000000898,-12.023000000000554,1.2738973045960642,-19.476000000000898,-12.023000000000554,0.2738973045960642
142.8,-19.4560000000009,-12.010000000000554,1.2736545861494624,-19.4560000000009,-12.010000000000554,0.27365458614946236
142.9,-19.4360000000009,-11.997000000000554,1.2734118677028605,-19.4360000000009,-11.997000000000554,0.2734118677028605
143.0,-19.4160000000009,-11.984000000000554,1.2731691492562587,-19.4160000000009,-11.984000000000554,0.2731691492562587
143.1,-19.3960000000009,-11.972000000000554,1.2729264308096568,-19.3960000000009,-11.972000000000554,0.27292643080965684
143.20000000000002,-19.3760000000009,-11.960000000000553,1.272683712363055,-19.3760000000009,-11.960000000000553,0.272683712363055
143.3,-19.3560000000009,-11.948000000000553,1.2724409939164532,-19.3560000000009,-11.948000000000553,0.27244099391645316
143.4,-19.3360000000009,-11.936000000000552,1.2721982754698513,-19.3360000000009,-11.936000000000552,0.2721982754698513
143.5,-19.3160000000009,-11.924000000000552,1.2719555570232495,-19.3160000000009,-11.924000000000552,0.2719555570232495
143.6,-19.2960000000009,-11.912000000000551,1.2717128385766476,-19.2960000000009,-11.912000000000551,0.27171283857664763
143.70000000000002,-19.276000000000902,-11.900000000000551,1.2714701201300458,-19.276000000000902,-11.900000000000551,0.2714701201300458
143.8,-19.256000000000903,-11.88800000000055,1.271227401683444,-19.256000000000903,-11.88800000000055,0.27122740168344395
143.9,-19.236000000000903,-11.87600000000055,1.270984683236842,-19.236000000000903,-11.87600000000055,0.2709846832368421
144.0,-19.216000000000903,-11.86400000000055,1.2707419647902403,-19.216000000000903,-11.86400000000055,0.27074196479024026
144.1,-19.196000000000904,-11.85200000000055,1.2704992463436384,-19.196000000000904,-11.85200000000055,0.2704992463436384
144.20000000000002,-19.176000000000904,-11.840000000000549,1.2702565278970366,-19.176000000000904,-11.840000000000549,0.2702565278970366
144.3,-19.156000000000905,-11.828000000000548,1.2700138094504347,-19.156000000000905,-11.828000000000548,0.27001380945043474
144.4,-19.136000000000905,-11.816000000000548,1.269771091003833,-19.136000000000905,-11.816000000000548,0.2697710910038329
144.5,-19.116000000000906,-11.804000000000547,1.269528372557231,-19.116000000000906,-11.804000000000547,0.26952837255723106
144.6,-19.096000000000906,-11.792000000000547,1.2692856541106292,-19.096000000000906,-11.792000000000547,0.2692856541106292
144.70000000000002,-19.076000000000906,-11.780000000000546,1.2690429356640274,-19.076000000000906,-11.780000000000546,0.26904293566402737
144.8,-19.056000000000907,-11.768000000000546,1.2688002172174255,-19.056000000000907,-11.768000000000546,0.26880021721742553
144.9,-19.036000000000907,-11.756000000000546,1.2685574987708237,-19.036000000000907,-11.756000000000546,0.2685574987708237
145.0,-19.016000000000908,-11.744000000000545,1.2683147803242218,-19.016000000000908,-11.744000000000545,0.26831478032422185
145.1,-18.996000000000908,-11.732000000000545,1.26807206187762,-18.996000000000908,-11.732000000000545,0.26807206187762
145.20000000000002,-18.97600000000091,-11.720000000000544,1.2678293434310182,-18.97600000000091,-11.720000000000544,0.26782934343101816
145.3,-18.95700000000091,-11.708000000000544,1.2675866249844163,-18.95700000000091,-11.708000000000544,0.2675866249844163
145.4,-18.938000000000912,-11.696000000000543,1.2673439065378145,-18.938000000000912,-11.696000000000543,0.2673439065378145
145.5,-18.919000000000914,-11.684000000000543,1.2671011880912126,-18.919000000000914,-11.684000000000543,0.26710118809121264
145.6,-18.900000000000915,-11.672000000000542,1.2668584696446108,-18.900000000000915,-11.672000000000542,0.2668584696446108
145.70000000000002,-18.881000000000917,-11.660000000000542,1.266615751198009,-18.881000000000917,-11.660000000000542,0.26661575119800895
145.8,-18.86200000000092,-11.648000000000541,1.2663730327514071,-18.86200000000092,-11.648000000000541,0.2663730327514071
145.9,-18.84300000000092,-11.636000000000541,1.2661303143048053,-18.84300000000092,-11.636000000000541,0.26613031430480527
146.0,-18.82400000000092,-11.62400000000054,1.2658875958582034,-18.82400000000092,-11.62400000000054,0.26588759585820343
146.1,-18.805000000000923,-11.61200000000054,1.2656448774116016,-18.805000000000923,-11.61200000000054,0.2656448774116016
146.20000000000002,-18.786000000000925,-11.60000000000054,1.2654021589649997,-18.786000000000925,-11.60000000000054,0.26540215896499975
146.3,-18.767000000000927,-11.58800000000054,1.265159440518398,-18.767000000000927,-11.58800000000054,0.2651594405183979
146.4,-18.74800000000093,-11.576000000000539,1.264916722071796,-18.74800000000093,-11.576000000000539,0.26491672207179606
146.5,-18.72900000000093,-11.564000000000538,1.2646740036251942,-18.72900000000093,-11.564000000000538,0.2646740036251942
146.6,-18.71000000000093,-11.552000000000538,1.2644312851785924,-18.71000000000093,-11.552000000000538,0.2644312851785924
146.70000000000002,-18.691000000000933,-11.540000000000537,1.2641885667319905,-18.691000000000933,-11.540000000000537,0.26418856673199054
146.8,-18.672000000000935,-11.528000000000537,1.2639458482853887,-18.672000000000935,-11.528000000000537,0.2639458482853887
146.9,-18.653000000000937,-11.516000000000536,1.2637031298387869,-18.653000000000937,-11.516000000000536,0.26370312983878685
147.0,-18.63400000000094,-11.504000000000536,1.263460411392185,-18.63400000000094,-11.504000000000536,0.263460411392185
147.1,-18.61500000000094,-11.492000000000536,1.2632176929455832,-18.61500000000094,-11.492000000000536,0.26321769294558317
147.20000000000002,-18.59600000000094,-11.480000000000535,1.2629749744989813,-18.59600000000094,-11.480000000000535,0.26297497449898133
147.3,-18.577000000000943,-11.468000000000535,1.2627322560523795,-18.577000000000943,-11.468000000000535,0.2627322560523795
147.4,-18.558000000000945,-11.456000000000534,1.2624895376057776,-18.558000000000945,-11.456000000000534,0.26248953760577765
147.5,-18.539000000000946,-11.444000000000534,1.2622468191591758,-18.539000000000946,-11.444000000000534,0.2622468191591758
147.6,-18.520000000000948,-11.432000000000533,1.262004100712574,-18.520000000000948,-11.432000000000533,0.26200410071257396
147.70000000000002,-18.50100000000095,-11.420000000000533,1.2617613822659721,-18.50100000000095,-11.420000000000533,0.2617613822659721
147.8,-18.48200000000095,-11.408000000000532,1.2615186638193703,-18.48200000000095,-11.408000000000532,0.2615186638193703
147.9,-18.463000000000953,-11.396000000000532,1.2612759453727684,-18.463000000000953,-11.396000000000532,0.26127594537276844
148.0,-18.444000000000955,-11.384000000000531,1.2610332269261666,-18.444000000000955,-11.384000000000531,0.2610332269261666
148.1,-18.425000000000956,-11.372000000000531,1.2607905084795648,-18.425000000000956,-11.372000000000531,0.26079050847956475
148.20000000000002,-18.406000000000958,-11.36000000000053,1.260547790032963,-18.406000000000958,-11.36000000000053,0.2605477900329629
148.3,-18.38700000000096,-11.34800000000053,1.260305071586361,-18.38700000000096,-11.34800000000053,0.26030507158636107
148.4,-18.36800000000096,-11.33600000000053,1.2600623531397592,-18.36800000000096,-11.33600000000053,0.26006235313975923
148.5,-18.349000000000963,-11.32400000000053,1.2598196346931574,-18.349000000000963,-11.32400000000053,0.2598196346931574
148.6,-18.330000000000965,-11.312000000000529,1.2595769162465555,-18.330000000000965,-11.312000000000529,0.25957691624655554
148.70000000000002,-18.311000000000966,-11.300000000000528,1.2593341977999537,-18.311000000000966,-11.300000000000528,0.2593341977999537
148.8,-18.292000000000968,-11.288000000000528,1.2590914793533519,-18.292000000000968,-11.288000000000528,0.25909147935335186
148.9,-18.27300000000097,-11.276000000000527,1.25884876090675,-18.27300000000097,-11.276000000000527,0.25884876090675
149.0,-18.25400000000097,-11.264000000000527,1.2586060424601482,-18.25400000000097,-11.264000000000527,0.2586060424601482
149.1,-18.235000000000973,-11.252000000000526,1.2583633240135463,-18.235000000000973,-11.252000000000526,0.25836332401354634
149.20000000000002,-18.216000000000975,-11.240000000000526,1.2581206055669445,-18.216000000000975,-11.240000000000526,0.2581206055669445
149.3,-18.197000000000976,-11.228000000000526,1.2578778871203427,-18.197000000000976,-11.228000000000526,0.25787788712034265
149.4,-18.178000000000978,-11.216000000000525,1.2576351686737408,-18.178000000000978,-11.216000000000525,0.2576351686737408
149.5,-18.15900000000098,-11.204000000000525,1.257392450227139,-18.15900000000098,-11.204000000000525,0.25739245022713897
149.6,-18.14000000000098,-11.192000000000524,1.2571497317805371,-18.14000000000098,-11.192000000000524,0.2571497317805371
149.70000000000002,-18.121000000000983,-11.180000000000524,1.2569070133339353,-18.121000000000983,-11.180000000000524,0.2569070133339353
149.8,-18.102000000000984,-11.168000000000523,1.2566642948873334,-18.102000000000984,-11.168000000000523,0.25666429488733344
149.9,-18.083000000000986,-11.156000000000523,1.2564215764407316,-18.083000000000986,-11.156000000000523,0.2564215764407316
150.0,-18.064000000000988,-11.144000000000522,1.2561788579941298,-18.064000000000988,-11.144000000000522,0.25617885799412976
150.1,-18.04500000000099,-11.132000000000522,1.255936139547528,-18.04500000000099,-11.132000000000522,0.2559361395475279
150.20000000000002,-18.02600000000099,-11.120000000000521,1.255693421100926,-18.02600000000099,-11.120000000000521,0.2556934211009261
150.3,-18.007000000000993,-11.108000000000521,1.2554507026543242,-18.007000000000993,-11.108000000000521,0.25545070265432424
150.4,-17.988000000000994,-11.09600000000052,1.2552079842077224,-17.988000000000994,-11.09600000000052,0.2552079842077224
150.5,-17.969000000000996,-11.08400000000052,1.2549652657611206,-17.969000000000996,-11.08400000000052,0.25496526576112055
150.6,-17.951000000000995,-11.07200000000052,1.2547225473145187,-17.951000000000995,-11.07200000000052,0.2547225473145187
150.70000000000002,-17.933000000000995,-11.06000000000052,1.2544798288679169,-17.933000000000995,-11.06000000000052,0.25447982886791687
150.8,-17.915000000000994,-11.048000000000519,1.2542607812488693,-17.915000000000994,-11.048000000000519,0.2542607812488693
150.9,-17.897000000000993,-11.036000000000518,1.2540417336298217,-17.897000000000993,-11.036000000000518,0.25404173362982174
151.0,-17.879000000000993,-11.024000000000518,1.2538226860107742,-17.879000000000993,-11.024000000000518,0.2538226860107742
151.1,-17.861000000000992,-11.012000000000517,1.2536036383917266,-17.861000000000992,-11.012000000000517,0.2536036383917266
151.20000000000002,-17.84300000000099,-11.000000000000517,1.253384590772679,-17.84300000000099,-11.000000000000517,0.25338459077267905
151.3,-17.82500000000099,-10.988000000000516,1.2531655431536315,-17.82500000000099,-10.988000000000516,0.2531655431536315
151.4,-17.80700000000099,-10.976000000000516,1.252946495534584,-17.80700000000099,-10.976000000000516,0.2529464955345839
151.5,-17.78900000000099,-10.965000000000517,1.2527274479155364,-17.78900000000099,-10.965000000000517,0.25272744791553636
151.6,-17.77100000000099,-10.954000000000518,1.2525084002964888,-17.77100000000099,-10.954000000000518,0.2525084002964888
151.70000000000002,-17.753000000000988,-10.943000000000518,1.2522893526774412,-17.753000000000988,-10.943000000000518,0.25228935267744124
151.8,-17.735000000000987,-10.932000000000519,1.2520703050583937,-17.735000000000987,-10.932000000000519,0.2520703050583937
151.9,-17.717000000000986,-10.92100000000052,1.251851257439346,-17.717000000000986,-10.92100000000052,0.2518512574393461
152.0,-17.699000000000986,-10.91000000000052,1.2516322098202985,-17.699000000000986,-10.91000000000052,0.25163220982029855
152.1,-17.681000000000985,-10.899000000000521,1.251413162201251,-17.681000000000985,-10.899000000000521,0.251413162201251
152.20000000000002,-17.663000000000984,-10.888000000000522,1.2511941145822034,-17.663000000000984,-10.888000000000522,0.2511941145822034
152.3,-17.645000000000984,-10.877000000000523,1.2509750669631559,-17.645000000000984,-10.877000000000523,0.25097506696315586
152.4,-17.627000000000983,-10.866000000000524,1.2507560193441083,-17.627000000000983,-10.866000000000524,0.2507560193441083
152.5,-17.609000000000982,-10.855000000000524,1.2505369717250607,-17.609000000000982,-10.855000000000524,0.25053697172506073
152.6,-17.59100000000098,-10.844000000000525,1.2503179241060132,-17.59100000000098,-10.844000000000525,0.25031792410601317
152.70000000000002,-17.57300000000098,-10.833000000000526,1.2500988764869656,-17.57300000000098,-10.833000000000526,0.2500988764869656
152.8,-17.55500000000098,-10.822000000000527,1.249879828867918,-17.55500000000098,-10.822000000000527,0.24987982886791804
152.9,-17.53700000000098,-10.811000000000528,1.2496607812488705,-17.53700000000098,-10.811000000000528,0.24966078124887048
153.0,-17.51900000000098,-10.800000000000528,1.249441733629823,-17.51900000000098,-10.800000000000528,0.24944173362982291
153.1,-17.501000000000978,-10.789000000000529,1.2492226860107754,-17.501000000000978,-10.789000000000529,0.24922268601077535
153.20000000000002,-17.483000000000978,-10.77800000000053,1.2490036383917278,-17.483000000000978,-10.77800000000053,0.2490036383917278
153.3,-17.465000000000977,-10.76700000000053,1.2487845907726802,-17.465000000000977,-10.76700000000053,0.24878459077268023
153.4,-17.447000000000976,-10.756000000000531,1.2485655431536327,-17.447000000000976,-10.756000000000531,0.24856554315363266
153.5,-17.429000000000975,-10.745000000000532,1.248346495534585,-17.429000000000975,-10.745000000000532,0.2483464955345851
153.60000000000002,-17.411000000000975,-10.734000000000533,1.2481274479155375,-17.411000000000975,-10.734000000000533,0.24812744791553754
153.70000000000002,-17.393000000000974,-10.723000000000534,1.24790840029649,-17.393000000000974,-10.723000000000534,0.24790840029648997
153.8,-17.375000000000973,-10.712000000000534,1.2476893526774424,-17.375000000000973,-10.712000000000534,0.2476893526774424
153.9,-17.357000000000973,-10.701000000000535,1.2474703050583948,-17.357000000000973,-10.701000000000535,0.24747030505839485
154.0,-17.339000000000972,-10.690000000000536,1.2472512574393473,-17.339000000000972,-10.690000000000536,0.24725125743934728
154.10000000000002,-17.32100000000097,-10.679000000000537,1.2470322098202997,-17.32100000000097,-10.679000000000537,0.24703220982029972
154.20000000000002,-17.30300000000097,-10.668000000000537,1.2468131622012522,-17.30300000000097,-10.668000000000537,0.24681316220125216
154.3,-17.28500000000097,-10.657000000000538,1.2465941145822046,-17.28500000000097,-10.657000000000538,0.2465941145822046
154.4,-17.26700000000097,-10.646000000000539,1.246375066963157,-17.26700000000097,-10.646000000000539,0.24637506696315703
154.5,-17.24900000000097,-10.63500000000054,1.2461560193441095,-17.24900000000097,-10.63500000000054,0.24615601934410947
154.60000000000002,-17.231000000000968,-10.62400000000054,1.245936971725062,-17.231000000000968,-10.62400000000054,0.2459369717250619
154.70000000000002,-17.213000000000967,-10.613000000000541,1.2457179241060143,-17.213000000000967,-10.613000000000541,0.24571792410601434
154.8,-17.195000000000967,-10.602000000000542,1.2454988764869668,-17.195000000000967,-10.602000000000542,0.24549887648696678
154.9,-17.177000000000966,-10.591000000000543,1.2452798288679192,-17.177000000000966,-10.591000000000543,0.24527982886791921
155.0,-17.159000000000965,-10.580000000000544,1.2450607812488717,-17.159000000000965,-10.580000000000544,0.24506078124887165
155.10000000000002,-17.141000000000965,-10.569000000000544,1.244841733629824,-17.141000000000965,-10.569000000000544,0.2448417336298241
155.20000000000002,-17.123000000000964,-10.558000000000545,1.2446226860107765,-17.123000000000964,-10.558000000000545,0.24462268601077652
155.3,-17.105000000000963,-10.547000000000546,1.244403638391729,-17.105000000000963,-10.547000000000546,0.24440363839172896
155.4,-17.087000000000963,-10.536000000000547,1.2441845907726814,-17.087000000000963,-10.536000000000547,0.2441845907726814
155.5,-17.069000000000962,-10.525000000000547,1.2439655431536338,-17.069000000000962,-10.525000000000547,0.24396554315363383
155.60000000000002,-17.05100000000096,-10.514000000000548,1.2437464955345863,-17.05100000000096,-10.514000000000548,0.24374649553458627
155.70000000000002,-17.03300000000096,-10.503000000000549,1.2435274479155387,-17.03300000000096,-10.503000000000549,0.2435274479155387
155.8,-17.01500000000096,-10.49200000000055,1.2433084002964911,-17.01500000000096,-10.49200000000055,0.24330840029649115
155.9,-16.99700000000096,-10.48100000000055,1.2430893526774436,-16.99700000000096,-10.48100000000055,0.24308935267744358
156.0,-16.97900000000096,-10.470000000000551,1.242870305058396,-16.97900000000096,-10.470000000000551,0.24287030505839602
156.10000000000002,-16.96200000000096,-10.459000000000552,1.2426512574393485,-16.96200000000096,-10.459000000000552,0.24265125743934846
156.20000000000002,-16.94500000000096,-10.448000000000553,1.242432209820301,-16.94500000000096,-10.448000000000553,0.2424322098203009
156.3,-16.92800000000096,-10.437000000000554,1.2422131622012533,-16.92800000000096,-10.437000000000554,0.24221316220125333
156.4,-16.91100000000096,-10.426000000000554,1.2419941145822058,-16.91100000000096,-10.426000000000554,0.24199411458220577
156.5,-16.89400000000096,-10.415000000000555,1.2417750669631582,-16.89400000000096,-10.415000000000555,0.2417750669631582
156.60000000000002,-16.87700000000096,-10.404000000000556,1.2415560193441106,-16.87700000000096,-10.404000000000556,0.24155601934411064
156.70000000000002,-16.860000000000962,-10.393000000000557,1.241336971725063,-16.860000000000962,-10.393000000000557,0.24133697172506308
156.8,-16.843000000000963,-10.382000000000557,1.2411179241060155,-16.843000000000963,-10.382000000000557,0.2411179241060155
156.9,-16.826000000000963,-10.371000000000558,1.240898876486968,-16.826000000000963,-10.371000000000558,0.24089887648696795
157.0,-16.809000000000964,-10.360000000000559,1.2406798288679204,-16.809000000000964,-10.360000000000559,0.2406798288679204
157.10000000000002,-16.792000000000964,-10.34900000000056,1.2404607812488728,-16.792000000000964,-10.34900000000056,0.24046078124887282
157.20000000000002,-16.775000000000965,-10.33800000000056,1.2402417336298253,-16.775000000000965,-10.33800000000056,0.24024173362982526
157.3,-16.758000000000965,-10.327000000000561,1.2400226860107777,-16.758000000000965,-10.327000000000561,0.2400226860107777
157.4,-16.741000000000966,-10.316000000000562,1.2398036383917301,-16.741000000000966,-10.316000000000562,0.23980363839173013
157.5,-16.724000000000967,-10.305000000000563,1.2395845907726826,-16.724000000000967,-10.305000000000563,0.23958459077268257
157.60000000000002,-16.707000000000967,-10.294000000000564,1.239365543153635,-16.707000000000967,-10.294000000000564,0.239365543153635
157.70000000000002,-16.690000000000968,-10.283000000000564,1.2391464955345874,-16.690000000000968,-10.283000000000564,0.23914649553458744
157.8,-16.673000000000968,-10.272000000000565,1.2389274479155399,-16.673000000000968,-10.272000000000565,0.23892744791553988
157.9,-16.65600000000097,-10.261000000000566,1.2387084002964923,-16.65600000000097,-10.261000000000566,0.23870840029649232
158.0,-16.63900000000097,-10.250000000000567,1.2384893526774448,-16.63900000000097,-10.250000000000567,0.23848935267744475
158.10000000000002,-16.62200000000097,-10.239000000000567,1.2382703050583972,-16.62200000000097,-10.239000000000567,0.2382703050583972
158.20000000000002,-16.60500000000097,-10.228000000000568,1.2380512574393496,-16.60500000000097,-10.228000000000568,0.23805125743934963
158.3,-16.58800000000097,-10.217000000000569,1.237832209820302,-16.58800000000097,-10.217000000000569,0.23783220982030207
158.4,-16.57100000000097,-10.20600000000057,1.2376131622012545,-16.57100000000097,-10.20600000000057,0.2376131622012545
158.5,-16.554000000000972,-10.19500000000057,1.237394114582207,-16.554000000000972,-10.19500000000057,0.23739411458220694
158.60000000000002,-16.537000000000972,-10.184000000000571,1.2371750669631594,-16.537000000000972,-10.184000000000571,0.23717506696315938
158.70000000000002,-16.520000000000973,-10.173000000000572,1.2369560193441118,-16.520000000000973,-10.173000000000572,0.2369560193441118
158.8,-16.503000000000974,-10.162000000000573,1.2367369717250642,-16.503000000000974,-10.162000000000573,0.23673697172506425
158.9,-16.486000000000974,-10.151000000000574,1.2365179241060167,-16.486000000000974,-10.151000000000574,0.23651792410601669
159.0,-16.469000000000975,-10.140000000000574,1.2362988764869691,-16.469000000000975,-10.140000000000574,0.23629887648696912
159.10000000000002,-16.452000000000975,-10.129000000000575,1.2360798288679216,-16.452000000000975,-10.129000000000575,0.23607982886792156
159.20000000000002,-16.435000000000976,-10.118000000000576,1.235860781248874,-16.435000000000976,-10.118000000000576,0.235860781248874
159.3,-16.418000000000976,-10.107000000000577,1.2356417336298264,-16.418000000000976,-10.107000000000577,0.23564173362982643
159.4,-16.401000000000977,-10.096000000000577,1.2354226860107789,-16.401000000000977,-10.096000000000577,0.23542268601077887
159.5,-16.384000000000977,-10.085000000000578,1.2352036383917313,-16.384000000000977,-10.085000000000578,0.2352036383917313
159.60000000000002,-16.367000000000978,-10.074000000000579,1.2349845907726837,-16.367000000000978,-10.074000000000579,0.23498459077268374
159.70000000000002,-16.35000000000098,-10.06300000000058,1.2347655431536362,-16.35000000000098,-10.06300000000058,0.23476554315363618
159.8,-16.33300000000098,-10.05200000000058,1.2345464955345886,-16.33300000000098,-10.05200000000058,0.23454649553458862
159.9,-16.31600000000098,-10.041000000000581,1.234327447915541,-16.31600000000098,-10.041000000000581,0.23432744791554105
160.0,-16.29900000000098,-10.030000000000582,1.2341084002964935,-16.29900000000098,-10.030000000000582,0.2341084002964935
160.10000000000002,-16.28200000000098,-10.019000000000583,1.233889352677446,-16.28200000000098,-10.019000000000583,0.23388935267744593
160.20000000000002,-16.26500000000098,-10.008000000000584,1.2336703050583984,-16.26500000000098,-10.008000000000584,0.23367030505839836
160.3,-16.24800000000098,-9.997000000000584,1.2334512574393508,-16.24800000000098,-9.997000000000584,0.2334512574393508
160.4,-16.231000000000982,-9.986000000000585,1.2332322098203032,-16.231000000000982,-9.986000000000585,0.23323220982030324
160.5,-16.214000000000983,-9.976000000000585,1.2330131622012557,-16.214000000000983,-9.976000000000585,0.23301316220125567
160.60000000000002,-16.197000000000983,-9.966000000000586,1.2327941145822081,-16.197000000000983,-9.966000000000586,0.2327941145822081
160.70000000000002,-16.180000000000984,-9.956000000000586,1.2325750669631605,-16.180000000000984,-9.956000000000586,0.23257506696316055
160.8,-16.163000000000984,-9.946000000000586,1.232356019344113,-16.163000000000984,-9.946000000000586,0.23235601934411299
160.9,-16.146000000000985,-9.936000000000586,1.2321369717250654,-16.146000000000985,-9.936000000000586,0.23213697172506542
161.0,-16.129000000000985,-9.926000000000586,1.2319179241060179,-16.129000000000985,-9.926000000000586,0.23191792410601786
161.10000000000002,-16.112000000000986,-9.916000000000587,1.2316988764869703,-16.112000000000986,-9.916000000000587,0.2316988764869703
161.20000000000002,-16.095000000000987,-9.906000000000587,1.2314798288679227,-16.095000000000987,-9.906000000000587,0.23147982886792273
161.3,-16.078000000000987,-9.896000000000587,1.2312607812488752,-16.078000000000987,-9.896000000000587,0.23126078124887517
161.4,-16.061000000000988,-9.886000000000587,1.2310417336298276,-16.061000000000988,-9.886000000000587,0.2310417336298276
161.5,-16.044000000000988,-9.876000000000587,1.23082268601078,-16.044000000000988,-9.876000000000587,0.23082268601078004
161.60000000000002,-16.02700000000099,-9.866000000000588,1.2306036383917325,-16.02700000000099,-9.866000000000588,0.23060363839173248
161.70000000000002,-16.01000000000099,-9.856000000000588,1.230384590772685,-16.01000000000099,-9.856000000000588,0.23038459077268492
161.8,-15.99300000000099,-9.846000000000588,1.2301883290904418,-15.99300000000099,-9.846000000000588,0.23018832909044185
161.9,-15.97600000000099,-9.836000000000588,1.2299920674081988,-15.97600000000099,-9.836000000000588,0.22999206740819877
162.0,-15.96000000000099,-9.826000000000588,1.2297958057259557,-15.96000000000099,-9.826000000000588,0.2297958057259557
162.10000000000002,-15.94400000000099,-9.816000000000589,1.2295995440437126,-15.94400000000099,-9.816000000000589,0.22959954404371263
162.20000000000002,-15.92800000000099,-9.806000000000589,1.2294032823614696,-15.92800000000099,-9.806000000000589,0.22940328236146956
162.3,-15.91200000000099,-9.79600000000059,1.2292070206792265,-15.91200000000099,-9.79600000000059,0.2292070206792265
162.4,-15.89600000000099,-9.78600000000059,1.2290107589969834,-15.89600000000099,-9.78600000000059,0.22901075899698342
162.5,-15.88000000000099,-9.77600000000059,1.2288144973147404,-15.88000000000099,-9.77600000000059,0.22881449731474035
162.60000000000002,-15.86400000000099,-9.76600000000059,1.2286182356324973,-15.86400000000099,-9.76600000000059,0.22861823563249728
162.70000000000002,-15.84800000000099,-9.75600000000059,1.2284219739502542,-15.84800000000099,-9.75600000000059,0.2284219739502542
162.8,-15.83200000000099,-9.74600000000059,1.2282257122680111,-15.83200000000099,-9.74600000000059,0.22822571226801114
162.9,-15.81600000000099,-9.73600000000059,1.228029450585768,-15.81600000000099,-9.73600000000059,0.22802945058576807
163.0,-15.80000000000099,-9.72600000000059,1.227833188903525,-15.80000000000099,-9.72600000000059,0.227833188903525
163.10000000000002,-15.78400000000099,-9.71600000000059,1.227636927221282,-15.78400000000099,-9.71600000000059,0.22763692722128193
163.20000000000002,-15.76800000000099,-9.706000000000591,1.2274406655390389,-15.76800000000099,-9.706000000000591,0.22744066553903886
163.3,-15.75200000000099,-9.696000000000591,1.2272444038567958,-15.75200000000099,-9.696000000000591,0.22724440385679578
163.4,-15.73600000000099,-9.686000000000591,1.2270481421745527,-15.73600000000099,-9.686000000000591,0.22704814217455271
163.5,-15.72000000000099,-9.676000000000592,1.2268518804923096,-15.72000000000099,-9.676000000000592,0.22685188049230964
163.60000000000002,-15.70400000000099,-9.666000000000592,1.2266556188100666,-15.70400000000099,-9.666000000000592,0.22665561881006657
163.70000000000002,-15.68800000000099,-9.656000000000592,1.2264593571278235,-15.68800000000099,-9.656000000000592,0.2264593571278235
163.8,-15.67200000000099,-9.646000000000592,1.2262630954455804,-15.67200000000099,-9.646000000000592,0.22626309544558043
163.9,-15.65600000000099,-9.636000000000593,1.2260668337633374,-15.65600000000099,-9.636000000000593,0.22606683376333736
164.0,-15.64000000000099,-9.626000000000593,1.2258705720810943,-15.64000000000099,-9.626000000000593,0.2258705720810943
164.10000000000002,-15.62400000000099,-9.616000000000593,1.2256743103988512,-15.62400000000099,-9.616000000000593,0.22567431039885122
164.20000000000002,-15.60800000000099,-9.606000000000593,1.2254780487166081,-15.60800000000099,-9.606000000000593,0.22547804871660815
164.3,-15.59200000000099,-9.596000000000593,1.225281787034365,-15.59200000000099,-9.596000000000593,0.22528178703436508
164.4,-15.57600000000099,-9.586000000000594,1.225085525352122,-15.57600000000099,-9.586000000000594,0.225085525352122
164.5,-15.56000000000099,-9.576000000000594,1.224889263669879,-15.56000000000099,-9.576000000000594,0.22488926366987894
164.60000000000002,-15.54400000000099,-9.566000000000594,1.2246930019876359,-15.54400000000099,-9.566000000000594,0.22469300198763587
164.70000000000002,-15.52800000000099,-9.556000000000594,1.2244967403053928,-15.52800000000099,-9.556000000000594,0.2244967403053928
164.8,-15.51200000000099,-9.546000000000594,1.2243004786231497,-15.51200000000099,-9.546000000000594,0.22430047862314972
164.9,-15.49600000000099,-9.536000000000595,1.2241042169409067,-15.49600000000099,-9.536000000000595,0.22410421694090665
165.0,-15.48000000000099,-9.526000000000595,1.2239079552586636,-15.48000000000099,-9.526000000000595,0.22390795525866358
165.10000000000002,-15.46400000000099,-9.516000000000595,1.2237116935764205,-15.46400000000099,-9.516000000000595,0.2237116935764205
165.20000000000002,-15.44800000000099,-9.506000000000595,1.2235154318941774,-15.44800000000099,-9.506000000000595,0.22351543189417744
165.3,-15.43200000000099,-9.496000000000596,1.2233191702119344,-15.43200000000099,-9.496000000000596,0.22331917021193437
165.4,-15.41600000000099,-9.486000000000596,1.2231229085296913,-15.41600000000099,-9.486000000000596,0.2231229085296913
165.5,-15.40000000000099,-9.476000000000596,1.2229266468474482,-15.40000000000099,-9.476000000000596,0.22292664684744823
165.60000000000002,-15.38400000000099,-9.466000000000596,1.2227303851652052,-15.38400000000099,-9.466000000000596,0.22273038516520516
165.70000000000002,-15.36800000000099,-9.456000000000596,1.222534123482962,-15.36800000000099,-9.456000000000596,0.2225341234829621
165.8,-15.35200000000099,-9.446000000000597,1.222337861800719,-15.35200000000099,-9.446000000000597,0.22233786180071902
165.9,-15.33600000000099,-9.436000000000597,1.222141600118476,-15.33600000000099,-9.436000000000597,0.22214160011847595
166.0,-15.32000000000099,-9.426000000000597,1.2219453384362329,-15.32000000000099,-9.426000000000597,0.22194533843623288
166.10000000000002,-15.30400000000099,-9.416000000000597,1.2217490767539898,-15.30400000000099,-9.416000000000597,0.2217490767539898
166.20000000000002,-15.28800000000099,-9.406000000000597,1.2215528150717467,-15.28800000000099,-9.406000000000597,0.22155281507174673
166.3,-15.27200000000099,-9.396000000000598,1.2213565533895037,-15.27200000000099,-9.396000000000598,0.22135655338950366
166.4,-15.25600000000099,-9.386000000000598,1.2211602917072606,-15.25600000000099,-9.386000000000598,0.2211602917072606
166.5,-15.24000000000099,-9.376000000000598,1.2209640300250175,-15.24000000000099,-9.376000000000598,0.22096403002501752
166.60000000000002,-15.22400000000099,-9.366000000000598,1.2207677683427745,-15.22400000000099,-9.366000000000598,0.22076776834277445
166.70000000000002,-15.20800000000099,-9.356000000000599,1.2205715066605314,-15.20800000000099,-9.356000000000599,0.22057150666053138
166.8,-15.19200000000099,-9.346000000000599,1.2203752449782883,-15.19200000000099,-9.346000000000599,0.2203752449782883
166.9,-15.17600000000099,-9.336000000000599,1.2201789832960452,-15.17600000000099,-9.336000000000599,0.22017898329604524
167.0,-15.16000000000099,-9.3260000000006,1.2199827216138022,-15.16000000000099,-9.3260000000006,0.21998272161380217
167.10000000000002,-15.14400000000099,-9.3160000000006,1.219786459931559,-15.14400000000099,-9.3160000000006,0.2197864599315591
167.20000000000002,-15.12800000000099,-9.3060000000006,1.219590198249316,-15.12800000000099,-9.3060000000006,0.21959019824931603
167.3,-15.11200000000099,-9.2960000000006,1.219393936567073,-15.11200000000099,-9.2960000000006,0.21939393656707296
167.4,-15.09600000000099,-9.2860000000006,1.2191976748848299,-15.09600000000099,-9.2860000000006,0.21919767488482989
167.5,-15.08000000000099,-9.2760000000006,1.2190014132025868,-15.08000000000099,-9.2760000000006,0.21900141320258681
167.60000000000002,-15.06400000000099,-9.2660000000006,1.2188051515203437,-15.06400000000099,-9.2660000000006,0.21880515152034374
167.70000000000002,-15.04800000000099,-9.2560000000006,1.2186088898381007,-15.04800000000099,-9.2560000000006,0.21860888983810067
167.8,-15.03200000000099,-9.2460000000006,1.2184126281558576,-15.03200000000099,-9.2460000000006,0.2184126281558576
167.9,-15.01600000000099,-9.236000000000601,1.2182163664736145,-15.01600000000099,-9.236000000000601,0.21821636647361453
168.0,-15.00000000000099,-9.226000000000601,1.2180201047913715,-15.00000000000099,-9.226000000000601,0.21802010479137146
168.10000000000002,-14.98400000000099,-9.216000000000601,1.2178238431091284,-14.98400000000099,-9.216000000000601,0.2178238431091284
168.20000000000002,-14.96800000000099,-9.206000000000602,1.2176275814268853,-14.96800000000099,-9.206000000000602,0.21762758142688532
168.3,-14.953000000000989,-9.196000000000602,1.2174313197446422,-14.953000000000989,-9.196000000000602,0.21743131974464225
168.4,-14.938000000000988,-9.186000000000602,1.2172350580623992,-14.938000000000988,-9.186000000000602,0.21723505806239918
168.5,-14.923000000000988,-9.176000000000602,1.217038796380156,-14.923000000000988,-9.176000000000602,0.2170387963801561
168.60000000000002,-14.908000000000987,-9.166000000000603,1.216842534697913,-14.908000000000987,-9.166000000000603,0.21684253469791304
168.70000000000002,-14.893000000000987,-9.156000000000603,1.21664627301567,-14.893000000000987,-9.156000000000603,0.21664627301566997
168.8,-14.878000000000986,-9.146000000000603,1.216450011333427,-14.878000000000986,-9.146000000000603,0.2164500113334269
168.9,-14.863000000000985,-9.136000000000603,1.2162537496511838,-14.863000000000985,-9.136000000000603,0.21625374965118382
169.0,-14.848000000000985,-9.126000000000603,1.2160574879689408,-14.848000000000985,-9.126000000000603,0.21605748796894075
169.10000000000002,-14.833000000000984,-9.116000000000604,1.2158612262866977,-14.833000000000984,-9.116000000000604,0.21586122628669768
169.20000000000002,-14.818000000000984,-9.106000000000604,1.2156649646044546,-14.818000000000984,-9.106000000000604,0.2156649646044546
169.3,-14.803000000000983,-9.096000000000604,1.2154687029222115,-14.803000000000983,-9.096000000000604,0.21546870292221154
169.4,-14.788000000000983,-9.086000000000604,1.2152724412399685,-14.788000000000983,-9.086000000000604,0.21527244123996847
169.5,-14.773000000000982,-9.076000000000604,1.2150761795577254,-14.773000000000982,-9.076000000000604,0.2150761795577254
169.60000000000002,-14.758000000000981,-9.066000000000605,1.2148799178754823,-14.758000000000981,-9.066000000000605,0.21487991787548233
169.70000000000002,-14.74300000000098,-9.056000000000605,1.2146836561932393,-14.74300000000098,-9.056000000000605,0.21468365619323926
169.8,-14.72800000000098,-9.046000000000605,1.2144873945109962,-14.72800000000098,-9.046000000000605,0.2144873945109962
169.9,-14.71300000000098,-9.036000000000605,1.2142911328287531,-14.71300000000098,-9.036000000000605,0.21429113282875312
170.0,-14.69800000000098,-9.026000000000606,1.21409487114651,-14.69800000000098,-9.026000000000606,0.21409487114651005
170.10000000000002,-14.683000000000979,-9.016000000000606,1.213898609464267,-14.683000000000979,-9.016000000000606,0.21389860946426698
170.20000000000002,-14.668000000000978,-9.006000000000606,1.213702347782024,-14.668000000000978,-9.006000000000606,0.2137023477820239
170.3,-14.653000000000977,-8.996000000000606,1.2135060860997808,-14.653000000000977,-8.996000000000606,0.21350608609978083
170.4,-14.638000000000977,-8.986000000000606,1.2133098244175378,-14.638000000000977,-8.986000000000606,0.21330982441753776
170.5,-14.623000000000976,-8.977000000000606,1.2131135627352947,-14.623000000000976,-8.977000000000606,0.2131135627352947
170.60000000000002,-14.608000000000976,-8.968000000000606,1.2129173010530516,-14.608000000000976,-8.968000000000606,0.21291730105305162
170.70000000000002,-14.593000000000975,-8.959000000000605,1.2127210393708086,-14.593000000000975,-8.959000000000605,0.21272103937080855
170.8,-14.578000000000975,-8.950000000000605,1.2125247776885655,-14.578000000000975,-8.950000000000605,0.21252477768856548
170.9,-14.563000000000974,-8.941000000000605,1.2123285160063224,-14.563000000000974,-8.941000000000605,0.2123285160063224
171.0,-14.548000000000973,-8.932000000000604,1.2121322543240793,-14.548000000000973,-8.932000000000604,0.21213225432407934
171.10000000000002,-14.533000000000973,-8.923000000000604,1.2119359926418363,-14.533000000000973,-8.923000000000604,0.21193599264183627
171.20000000000002,-14.518000000000972,-8.914000000000604,1.2117397309595932,-14.518000000000972,-8.914000000000604,0.2117397309595932
171.3,-14.503000000000972,-8.905000000000603,1.2115434692773501,-14.503000000000972,-8.905000000000603,0.21154346927735013
171.4,-14.488000000000971,-8.896000000000603,1.211347207595107,-14.488000000000971,-8.896000000000603,0.21134720759510706
171.5,-14.47300000000097,-8.887000000000603,1.211150945912864,-14.47300000000097,-8.887000000000603,0.21115094591286399
171.60000000000002,-14.45800000000097,-8.878000000000602,1.210954684230621,-14.45800000000097,-8.878000000000602,0.21095468423062091
171.70000000000002,-14.44300000000097,-8.869000000000602,1.2107584225483778,-14.44300000000097,-8.869000000000602,0.21075842254837784
171.8,-14.428000000000969,-8.860000000000602,1.2105621608661348,-14.428000000000969,-8.860000000000602,0.21056216086613477
171.9,-14.413000000000968,-8.851000000000601,1.2103658991838917,-14.413000000000968,-8.851000000000601,0.2103658991838917
172.0,-14.398000000000968,-8.842000000000601,1.2101696375016486,-14.398000000000968,-8.842000000000601,0.21016963750164863
172.10000000000002,-14.383000000000967,-8.8330000000006,1.2099733758194056,-14.383000000000967,-8.8330000000006,0.20997337581940556
172.20000000000002,-14.368000000000967,-8.8240000000006,1.2097771141371625,-14.368000000000967,-8.8240000000006,0.2097771141371625
172.3,-14.353000000000966,-8.8150000000006,1.2095808524549194,-14.353000000000966,-8.8150000000006,0.20958085245491942
172.4,-14.338000000000966,-8.8060000000006,1.2093845907726763,-14.338000000000966,-8.8060000000006,0.20938459077267635
172.5,-14.323000000000965,-8.7970000000006,1.2091883290904333,-14.323000000000965,-8.7970000000006,0.20918832909043328
172.60000000000002,-14.308000000000964,-8.788000000000599,1.2089920674081902,-14.308000000000964,-8.788000000000599,0.2089920674081902
172.70000000000002,-14.293000000000964,-8.779000000000599,1.2087958057259471,-14.293000000000964,-8.779000000000599,0.20879580572594714
172.8,-14.278000000000963,-8.770000000000598,1.208599544043704,-14.278000000000963,-8.770000000000598,0.20859954404370407
172.9,-14.263000000000963,-8.761000000000598,1.208403282361461,-14.263000000000963,-8.761000000000598,0.208403282361461
173.0,-14.248000000000962,-8.752000000000598,1.208207020679218,-14.248000000000962,-8.752000000000598,0.20820702067921792
173.10000000000002,-14.233000000000962,-8.743000000000597,1.2080107589969749,-14.233000000000962,-8.743000000000597,0.20801075899697485
173.20000000000002,-14.218000000000961,-8.734000000000597,1.2078144973147318,-14.218000000000961,-8.734000000000597,0.20781449731473178
173.3,-14.20300000000096,-8.725000000000597,1.2076182356324887,-14.20300000000096,-8.725000000000597,0.2076182356324887
173.4,-14.18800000000096,-8.716000000000596,1.2074219739502456,-14.18800000000096,-8.716000000000596,0.20742197395024564
173.5,-14.17300000000096,-8.707000000000596,1.2072257122680026,-14.17300000000096,-8.707000000000596,0.20722571226800257
173.60000000000002,-14.158000000000959,-8.698000000000595,1.207051400341397,-14.158000000000959,-8.698000000000595,0.20705140034139702
173.70000000000002,-14.143000000000958,-8.689000000000595,1.2068770884147915,-14.143000000000958,-8.689000000000595,0.20687708841479147
173.8,-14.128000000000958,-8.680000000000595,1.206702776488186,-14.128000000000958,-8.680000000000595,0.2067027764881859
173.9,-14.113000000000957,-8.671000000000594,1.2065284645615804,-14.113000000000957,-8.671000000000594,0.20652846456158036
174.0,-14.098000000000956,-8.662000000000594,1.2063541526349748,-14.098000000000956,-8.662000000000594,0.2063541526349748
174.10000000000002,-14.083000000000956,-8.653000000000594,1.2061798407083693,-14.083000000000956,-8.653000000000594,0.20617984070836926
174.20000000000002,-14.068000000000955,-8.644000000000593,1.2060055287817637,-14.068000000000955,-8.644000000000593,0.2060055287817637
174.3,-14.053000000000955,-8.635000000000593,1.2058312168551582,-14.053000000000955,-8.635000000000593,0.20583121685515815
174.4,-14.038000000000954,-8.626000000000593,1.2056569049285526,-14.038000000000954,-8.626000000000593,0.2056569049285526
174.5,-14.023000000000954,-8.617000000000592,1.205482593001947,-14.023000000000954,-8.617000000000592,0.20548259300194704
174.60000000000002,-14.008000000000953,-8.608000000000592,1.2053082810753415,-14.008000000000953,-8.608000000000592,0.2053082810753415
174.70000000000002,-13.993000000000952,-8.599000000000592,1.205133969148736,-13.993000000000952,-8.599000000000592,0.20513396914873594
174.8,-13.978000000000952,-8.590000000000591,1.2049596572221304,-13.978000000000952,-8.590000000000591,0.2049596572221304
174.9,-13.964000000000953,-8.581000000000591,1.2047853452955248,-13.964000000000953,-8.581000000000591,0.20478534529552483
175.0,-13.950000000000953,-8.57200000000059,1.2046110333689193,-13.950000000000953,-8.57200000000059,0.20461103336891928
175.10000000000002,-13.936000000000954,-8.56300000000059,1.2044367214423137,-13.936000000000954,-8.56300000000059,0.20443672144231373
175.20000000000002,-13.922000000000955,-8.55400000000059,1.2042624095157082,-13.922000000000955,-8.55400000000059,0.20426240951570818
175.3,-13.908000000000955,-8.54500000000059,1.2040880975891026,-13.908000000000955,-8.54500000000059,0.20408809758910262
175.4,-13.894000000000956,-8.53600000000059,1.203913785662497,-13.894000000000956,-8.53600000000059,0.20391378566249707
175.5,-13.880000000000956,-8.527000000000589,1.2037394737358915,-13.880000000000956,-8.527000000000589,0.20373947373589152
175.60000000000002,-13.866000000000957,-8.518000000000589,1.203565161809286,-13.866000000000957,-8.518000000000589,0.20356516180928597
175.70000000000002,-13.852000000000958,-8.509000000000588,1.2033908498826804,-13.852000000000958,-8.509000000000588,0.2033908498826804
175.8,-13.838000000000958,-8.500000000000588,1.2032165379560749,-13.838000000000958,-8.500000000000588,0.20321653795607486
175.9,-13.824000000000959,-8.491000000000588,1.2030422260294693,-13.824000000000959,-8.491000000000588,0.2030422260294693
176.0,-13.81000000000096,-8.482000000000587,1.2028679141028638,-13.81000000000096,-8.482000000000587,0.20286791410286376
176.10000000000002,-13.79600000000096,-8.473000000000587,1.2026936021762582,-13.79600000000096,-8.473000000000587,0.2026936021762582
176.20000000000002,-13.782000000000961,-8.464000000000587,1.2025192902496527,-13.782000000000961,-8.464000000000587,0.20251929024965265
176.3,-13.768000000000962,-8.455000000000586,1.202344978323047,-13.768000000000962,-8.455000000000586,0.2023449783230471
176.4,-13.754000000000962,-8.446000000000586,1.2021706663964415,-13.754000000000962,-8.446000000000586,0.20217066639644155
176.5,-13.740000000000963,-8.437000000000586,1.201996354469836,-13.740000000000963,-8.437000000000586,0.201996354469836
176.60000000000002,-13.726000000000964,-8.428000000000585,1.2018220425432304,-13.726000000000964,-8.428000000000585,0.20182204254323044
176.70000000000002,-13.712000000000964,-8.419000000000585,1.2016477306166249,-13.712000000000964,-8.419000000000585,0.2016477306166249
176.8,-13.698000000000965,-8.410000000000585,1.2014734186900193,-13.698000000000965,-8.410000000000585,0.20147341869001933
176.9,-13.684000000000966,-8.401000000000584,1.2012991067634138,-13.684000000000966,-8.401000000000584,0.20129910676341378
177.0,-13.670000000000966,-8.392000000000584,1.2011247948368082,-13.670000000000966,-8.392000000000584,0.20112479483680823
177.10000000000002,-13.656000000000967,-8.383000000000584,1.2009504829102027,-13.656000000000967,-8.383000000000584,0.20095048291020268
177.20000000000002,-13.642000000000968,-8.374000000000583,1.2007761709835971,-13.642000000000968,-8.374000000000583,0.20077617098359712
177.3,-13.628000000000968,-8.365000000000583,1.2006018590569916,-13.628000000000968,-8.365000000000583,0.20060185905699157
177.4,-13.614000000000969,-8.356000000000583,1.200427547130386,-13.614000000000969,-8.356000000000583,0.20042754713038602
177.5,-13.60000000000097,-8.347000000000582,1.2002532352037805,-13.60000000000097,-8.347000000000582,0.20025323520378047
177.60000000000002,-13.58600000000097,-8.338000000000582,1.200078923277175,-13.58600000000097,-8.338000000000582,0.2000789232771749
177.70000000000002,-13.57200000000097,-8.329000000000581,1.1999046113505694,-13.57200000000097,-8.329000000000581,0.19990461135056936
177.8,-13.558000000000971,-8.320000000000581,1.1997302994239638,-13.558000000000971,-8.320000000000581,0.1997302994239638
177.9,-13.544000000000972,-8.31100000000058,1.1995559874973583,-13.544000000000972,-8.31100000000058,0.19955598749735826
178.0,-13.530000000000973,-8.30200000000058,1.1993816755707527,-13.530000000000973,-8.30200000000058,0.1993816755707527
178.10000000000002,-13.516000000000973,-8.29300000000058,1.1992073636441472,-13.516000000000973,-8.29300000000058,0.19920736364414715
178.20000000000002,-13.502000000000974,-8.28400000000058,1.1990330517175416,-13.502000000000974,-8.28400000000058,0.1990330517175416
178.3,-13.488000000000975,-8.27500000000058,1.198858739790936,-13.488000000000975,-8.27500000000058,0.19885873979093605
178.4,-13.474000000000975,-8.266000000000579,1.1986844278643305,-13.474000000000975,-8.266000000000579,0.1986844278643305
178.5,-13.460000000000976,-8.257000000000579,1.198510115937725,-13.460000000000976,-8.257000000000579,0.19851011593772494
178.60000000000002,-13.446000000000977,-8.248000000000578,1.1983358040111194,-13.446000000000977,-8.248000000000578,0.1983358040111194
178.70000000000002,-13.432000000000977,-8.239000000000578,1.1981614920845138,-13.432000000000977,-8.239000000000578,0.19816149208451384
178.8,-13.418000000000978,-8.230000000000578,1.1979871801579083,-13.418000000000978,-8.230000000000578,0.19798718015790828
178.9,-13.404000000000979,-8.221000000000577,1.1978128682313027,-13.404000000000979,-8.221000000000577,0.19781286823130273
179.0,-13.39000000000098,-8.212000000000577,1.1976385563046972,-13.39000000000098,-8.212000000000577,0.19763855630469718
179.10000000000002,-13.37600000000098,-8.203000000000577,1.1974642443780916,-13.37600000000098,-8.203000000000577,0.19746424437809162
179.20000000000002,-13.36200000000098,-8.194000000000576,1.197289932451486,-13.36200000000098,-8.194000000000576,0.19728993245148607
179.3,-13.348000000000981,-8.185000000000576,1.1971156205248805,-13.348000000000981,-8.185000000000576,0.19711562052488052
179.4,-13.334000000000982,-8.176000000000576,1.196941308598275,-13.334000000000982,-8.176000000000576,0.19694130859827497
179.5,-13.320000000000983,-8.167000000000575,1.1967669966716694,-13.320000000000983,-8.167000000000575,0.19676699667166941
179.60000000000002,-13.306000000000983,-8.158000000000575,1.1965926847450639,-13.306000000000983,-8.158000000000575,0.19659268474506386
179.70000000000002,-13.292000000000984,-8.149000000000575,1.1964183728184583,-13.292000000000984,-8.149000000000575,0.1964183728184583
179.8,-13.278000000000985,-8.140000000000574,1.1962440608918528,-13.278000000000985,-8.140000000000574,0.19624406089185276
179.9,-13.264000000000985,-8.131000000000574,1.1960697489652472,-13.264000000000985,-8.131000000000574,0.1960697489652472
180.0,-13.250000000000986,-8.122000000000574,1.1958954370386417,-13.250000000000986,-8.122000000000574,0.19589543703864165
180.10000000000002,-13.236000000000987,-8.113000000000573,1.195721125112036,-13.236000000000987,-8.113000000000573,0.1957211251120361
180.20000000000002,-13.222000000000987,-8.104000000000573,1.1955468131854305,-13.222000000000987,-8.104000000000573,0.19554681318543055
180.3,-13.208000000000988,-8.095000000000573,1.195372501258825,-13.208000000000988,-8.095000000000573,0.195372501258825
180.4,-13.194000000000988,-8.086000000000572,1.1951981893322194,-13.194000000000988,-8.086000000000572,0.19519818933221944
180.5,-13.18000000000099,-8.077000000000572,1.1950238774056139,-13.18000000000099,-8.077000000000572,0.1950238774056139
180.60000000000002,-13.16600000000099,-8.068000000000572,1.1948495654790083,-13.16600000000099,-8.068000000000572,0.19484956547900834
180.70000000000002,-13.15200000000099,-8.059000000000571,1.1946752535524028,-13.15200000000099,-8.059000000000571,0.19467525355240278
180.8,-13.138000000000991,-8.050000000000571,1.1945009416257972,-13.138000000000991,-8.050000000000571,0.19450094162579723
180.9,-13.124000000000992,-8.04100000000057,1.1943266296991917,-13.124000000000992,-8.04100000000057,0.19432662969919168
181.0,-13.110000000000992,-8.03200000000057,1.1941523177725861,-13.110000000000992,-8.03200000000057,0.19415231777258612
181.10000000000002,-13.096000000000993,-8.02300000000057,1.1939780058459806,-13.096000000000993,-8.02300000000057,0.19397800584598057
181.20000000000002,-13.082000000000994,-8.01400000000057,1.193803693919375,-13.082000000000994,-8.01400000000057,0.19380369391937502
181.3,-13.068000000000994,-8.00500000000057,1.1936293819927695,-13.068000000000994,-8.00500000000057,0.19362938199276947
181.4,-13.054000000000995,-7.996000000000569,1.193455070066164,-13.054000000000995,-7.996000000000569,0.19345507006616391
181.5,-13.040000000000996,-7.9870000000005685,1.1932807581395584,-13.040000000000996,-7.9870000000005685,0.19328075813955836
181.60000000000002,-13.026000000000996,-7.9790000000005685,1.1931064462129528,-13.026000000000996,-7.9790000000005685,0.1931064462129528
181.70000000000002,-13.012000000000997,-7.9710000000005685,1.1929321342863473,-13.012000000000997,-7.9710000000005685,0.19293213428634726
181.8,-12.998000000000998,-7.9630000000005685,1.1927578223597417,-12.998000000000998,-7.9630000000005685,0.1927578223597417
181.9,-12.984000000000998,-7.9550000000005685,1.1925835104331362,-12.984000000000998,-7.9550000000005685,0.19258351043313615
182.0,-12.971000000000998,-7.9470000000005685,1.1924091985065306,-12.971000000000998,-7.9470000000005685,0.1924091985065306
182.10000000000002,-12.958000000000998,-7.9390000000005685,1.192234886579925,-12.958000000000998,-7.9390000000005685,0.19223488657992505
182.20000000000002,-12.945000000000999,-7.9310000000005685,1.1920605746533195,-12.945000000000999,-7.9310000000005685,0.1920605746533195
182.3,-12.932000000000999,-7.9230000000005685,1.191886262726714,-12.932000000000999,-7.9230000000005685,0.19188626272671394
182.4,-12.919000000000999,-7.9150000000005685,1.1917119508001084,-12.919000000000999,-7.9150000000005685,0.1917119508001084
182.5,-12.906000000000999,-7.9070000000005685,1.1915376388735028,-12.906000000000999,-7.9070000000005685,0.19153763887350284
182.60000000000002,-12.893000000000999,-7.8990000000005685,1.1913633269468973,-12.893000000000999,-7.8990000000005685,0.19136332694689728
182.70000000000002,-12.880000000000999,-7.8910000000005684,1.1911890150202917,-12.880000000000999,-7.8910000000005684,0.19118901502029173
182.8,-12.867000000001,-7.883000000000568,1.1910147030936862,-12.867000000001,-7.883000000000568,0.19101470309368618
182.9,-12.854000000001,-7.875000000000568,1.1908403911670806,-12.854000000001,-7.875000000000568,0.19084039116708063
183.0,-12.841000000001,-7.867000000000568,1.190666079240475,-12.841000000001,-7.867000000000568,0.19066607924047507
183.10000000000002,-12.828000000001,-7.859000000000568,1.1904917673138695,-12.828000000001,-7.859000000000568,0.19049176731386952
183.20000000000002,-12.815000000001,-7.851000000000568,1.190317455387264,-12.815000000001,-7.851000000000568,0.19031745538726397
183.3,-12.802000000001,-7.843000000000568,1.1901431434606584,-12.802000000001,-7.843000000000568,0.19014314346065841
183.4,-12.789000000001,-7.835000000000568,1.1899688315340529,-12.789000000001,-7.835000000000568,0.18996883153405286
183.5,-12.776000000001,-7.827000000000568,1.1897945196074473,-12.776000000001,-7.827000000000568,0.1897945196074473
183.60000000000002,-12.763000000001,-7.819000000000568,1.1896202076808418,-12.763000000001,-7.819000000000568,0.18962020768084176
183.70000000000002,-12.750000000001,-7.811000000000568,1.1894458957542362,-12.750000000001,-7.811000000000568,0.1894458957542362
183.8,-12.737000000001,-7.803000000000568,1.1892715838276307,-12.737000000001,-7.803000000000568,0.18927158382763065
183.9,-12.724000000001,-7.795000000000568,1.189097271901025,-12.724000000001,-7.795000000000568,0.1890972719010251
184.0,-12.711000000001,-7.787000000000568,1.1889229599744195,-12.711000000001,-7.787000000000568,0.18892295997441955
184.10000000000002,-12.698000000001,-7.779000000000568,1.188748648047814,-12.698000000001,-7.779000000000568,0.188748648047814
184.20000000000002,-12.685000000001,-7.771000000000568,1.1885743361212084,-12.685000000001,-7.771000000000568,0.18857433612120844
184.3,-12.672000000001,-7.763000000000568,1.1884000241946029,-12.672000000001,-7.763000000000568,0.1884000241946029
184.4,-12.659000000001,-7.755000000000568,1.1882257122679973,-12.659000000001,-7.755000000000568,0.18822571226799734
184.5,-12.646000000001,-7.747000000000568,1.1880514003413918,-12.646000000001,-7.747000000000568,0.18805140034139178
184.60000000000002,-12.633000000001001,-7.739000000000568,1.1878770884147862,-12.633000000001001,-7.739000000000568,0.18787708841478623
184.70000000000002,-12.620000000001001,-7.731000000000568,1.1877027764881807,-12.620000000001001,-7.731000000000568,0.18770277648818068
184.8,-12.607000000001001,-7.723000000000568,1.1875284645615751,-12.607000000001001,-7.723000000000568,0.18752846456157513
184.9,-12.594000000001001,-7.715000000000568,1.1873541526349696,-12.594000000001001,-7.715000000000568,0.18735415263496957
185.0,-12.581000000001001,-7.707000000000568,1.187179840708364,-12.581000000001001,-7.707000000000568,0.18717984070836402
185.10000000000002,-12.568000000001001,-7.699000000000568,1.1870055287817585,-12.568000000001001,-7.699000000000568,0.18700552878175847
185.20000000000002,-12.555000000001002,-7.691000000000568,1.186831216855153,-12.555000000001002,-7.691000000000568,0.18683121685515292
185.3,-12.542000000001002,-7.683000000000568,1.1866569049285474,-12.542000000001002,-7.683000000000568,0.18665690492854736
185.4,-12.529000000001002,-7.675000000000568,1.1864825930019418,-12.529000000001002,-7.675000000000568,0.1864825930019418
185.5,-12.516000000001002,-7.667000000000568,1.1863082810753363,-12.516000000001002,-7.667000000000568,0.18630828107533626
185.60000000000002,-12.503000000001002,-7.659000000000568,1.1861339691487307,-12.503000000001002,-7.659000000000568,0.1861339691487307
185.70000000000002,-12.490000000001002,-7.651000000000568,1.1859596572221252,-12.490000000001002,-7.651000000000568,0.18595965722212515
185.8,-12.477000000001002,-7.643000000000568,1.1857853452955196,-12.477000000001002,-7.643000000000568,0.1857853452955196
185.9,-12.464000000001002,-7.635000000000568,1.185611033368914,-12.464000000001002,-7.635000000000568,0.18561103336891405
186.0,-12.451000000001002,-7.627000000000568,1.1854367214423085,-12.451000000001002,-7.627000000000568,0.1854367214423085
186.10000000000002,-12.438000000001002,-7.619000000000568,1.185262409515703,-12.438000000001002,-7.619000000000568,0.18526240951570294
186.20000000000002,-12.425000000001003,-7.611000000000568,1.1850880975890974,-12.425000000001003,-7.611000000000568,0.1850880975890974
186.3,-12.412000000001003,-7.603000000000568,1.1849137856624918,-12.412000000001003,-7.603000000000568,0.18491378566249184
186.4,-12.399000000001003,-7.595000000000568,1.1847606325093387,-12.399000000001003,-7.595000000000568,0.18476063250933872
186.5,-12.386000000001003,-7.587000000000568,1.1846074793561856,-12.386000000001003,-7.587000000000568,0.1846074793561856
186.60000000000002,-12.373000000001003,-7.579000000000568,1.1844543262030325,-12.373000000001003,-7.579000000000568,0.18445432620303248
186.70000000000002,-12.360000000001003,-7.571000000000568,1.1843011730498794,-12.360000000001003,-7.571000000000568,0.18430117304987936
186.8,-12.347000000001003,-7.563000000000568,1.1841480198967262,-12.347000000001003,-7.563000000000568,0.18414801989672624
186.9,-12.334000000001003,-7.555000000000568,1.1839948667435731,-12.334000000001003,-7.555000000000568,0.18399486674357313
187.0,-12.321000000001003,-7.547000000000568,1.18384171359042,-12.321000000001003,-7.547000000000568,0.18384171359042
187.10000000000002,-12.308000000001003,-7.539000000000568,1.183688560437267,-12.308000000001003,-7.539000000000568,0.1836885604372669
187.20000000000002,-12.295000000001004,-7.531000000000568,1.1835354072841138,-12.295000000001004,-7.531000000000568,0.18353540728411377
187.3,-12.282000000001004,-7.523000000000568,1.1833822541309607,-12.282000000001004,-7.523000000000568,0.18338225413096065
187.4,-12.269000000001004,-7.515000000000568,1.1832291009778075,-12.269000000001004,-7.515000000000568,0.18322910097780754
187.5,-12.256000000001004,-7.507000000000568,1.1830759478246544,-12.256000000001004,-7.507000000000568,0.18307594782465442
187.60000000000002,-12.243000000001004,-7.499000000000568,1.1829227946715013,-12.243000000001004,-7.499000000000568,0.1829227946715013
187.70000000000002,-12.230000000001004,-7.491000000000568,1.1827696415183482,-12.230000000001004,-7.491000000000568,0.18276964151834818
187.8,-12.217000000001004,-7.483000000000568,1.182616488365195,-12.217000000001004,-7.483000000000568,0.18261648836519506
187.9,-12.204000000001004,-7.475000000000568,1.182463335212042,-12.204000000001004,-7.475000000000568,0.18246333521204194
188.0,-12.191000000001004,-7.467000000000568,1.1823101820588888,-12.191000000001004,-7.467000000000568,0.18231018205888883
188.10000000000002,-12.178000000001004,-7.459000000000568,1.1821570289057357,-12.178000000001004,-7.459000000000568,0.1821570289057357
188.20000000000002,-12.165000000001005,-7.451000000000568,1.1820038757525826,-12.165000000001005,-7.451000000000568,0.1820038757525826
188.3,-12.152000000001005,-7.443000000000568,1.1818507225994295,-12.152000000001005,-7.443000000000568,0.18185072259942947
188.4,-12.139000000001005,-7.435000000000568,1.1816975694462764,-12.139000000001005,-7.435000000000568,0.18169756944627635
188.5,-12.126000000001005,-7.427000000000568,1.1815444162931232,-12.126000000001005,-7.427000000000568,0.18154441629312323
188.60000000000002,-12.113000000001005,-7.419000000000568,1.1813912631399701,-12.113000000001005,-7.419000000000568,0.18139126313997012
188.70000000000002,-12.100000000001005,-7.411000000000568,1.181238109986817,-12.100000000001005,-7.411000000000568,0.181238109986817
188.8,-12.087000000001005,-7.403000000000568,1.1810849568336639,-12.087000000001005,-7.403000000000568,0.18108495683366388
188.9,-12.074000000001005,-7.395000000000568,1.1809318036805108,-12.074000000001005,-7.395000000000568,0.18093180368051076
189.0,-12.061000000001005,-7.387000000000568,1.1807786505273576,-12.061000000001005,-7.387000000000568,0.18077865052735764
189.10000000000002,-12.048000000001005,-7.379000000000568,1.1806254973742045,-12.048000000001005,-7.379000000000568,0.18062549737420452
189.20000000000002,-12.035000000001006,-7.371000000000568,1.1804723442210514,-12.035000000001006,-7.371000000000568,0.1804723442210514
189.3,-12.022000000001006,-7.363000000000568,1.1803191910678983,-12.022000000001006,-7.363000000000568,0.1803191910678983
189.4,-12.009000000001006,-7.355000000000568,1.1801660379147452,-12.009000000001006,-7.355000000000568,0.18016603791474517
189.5,-11.996000000001006,-7.347000000000568,1.180012884761592,-11.996000000001006,-7.347000000000568,0.18001288476159205
189.60000000000002,-11.983000000001006,-7.339000000000568,1.179859731608439,-11.983000000001006,-7.339000000000568,0.17985973160843893
189.70000000000002,-11.971000000001006,-7.331000000000568,1.1797065784552858,-11.971000000001006,-7.331000000000568,0.17970657845528581
189.8,-11.959000000001005,-7.323000000000568,1.1795534253021327,-11.959000000001005,-7.323000000000568,0.1795534253021327
189.9,-11.947000000001005,-7.315000000000568,1.1794002721489796,-11.947000000001005,-7.315000000000568,0.17940027214897958
190.0,-11.935000000001004,-7.307000000000568,1.1792471189958265,-11.935000000001004,-7.307000000000568,0.17924711899582646
190.10000000000002,-11.923000000001004,-7.299000000000568,1.1790939658426733,-11.923000000001004,-7.299000000000568,0.17909396584267334
190.20000000000002,-11.911000000001003,-7.291000000000568,1.1789408126895202,-11.911000000001003,-7.291000000000568,0.17894081268952022
190.3,-11.899000000001003,-7.283000000000568,1.178787659536367,-11.899000000001003,-7.283000000000568,0.1787876595363671
190.4,-11.887000000001002,-7.275000000000568,1.178634506383214,-11.887000000001002,-7.275000000000568,0.178634506383214
190.5,-11.875000000001002,-7.267000000000568,1.1784813532300609,-11.875000000001002,-7.267000000000568,0.17848135323006087
190.60000000000002,-11.863000000001001,-7.259000000000568,1.1783282000769078,-11.863000000001001,-7.259000000000568,0.17832820007690775
190.70000000000002,-11.851000000001001,-7.251000000000568,1.1781750469237546,-11.851000000001001,-7.251000000000568,0.17817504692375463
190.8,-11.839000000001,-7.243000000000568,1.1780218937706015,-11.839000000001,-7.243000000000568,0.1780218937706015
190.9,-11.827000000001,-7.235000000000568,1.1778687406174484,-11.827000000001,-7.235000000000568,0.1778687406174484
191.0,-11.815000000001,-7.227000000000568,1.1777155874642953,-11.815000000001,-7.227000000000568,0.17771558746429528
191.10000000000002,-11.803000000001,-7.219000000000568,1.1775624343111422,-11.803000000001,-7.219000000000568,0.17756243431114216
191.20000000000002,-11.791000000000999,-7.211000000000568,1.177409281157989,-11.791000000000999,-7.211000000000568,0.17740928115798904
191.3,-11.779000000000998,-7.203000000000568,1.177256128004836,-11.779000000000998,-7.203000000000568,0.17725612800483592
191.4,-11.767000000000998,-7.195000000000568,1.1771029748516828,-11.767000000000998,-7.195000000000568,0.1771029748516828
191.5,-11.755000000000997,-7.187000000000568,1.1769498216985297,-11.755000000000997,-7.187000000000568,0.17694982169852969
191.60000000000002,-11.743000000000997,-7.179000000000568,1.1767966685453766,-11.743000000000997,-7.179000000000568,0.17679666854537657
191.70000000000002,-11.731000000000996,-7.171000000000568,1.1766435153922234,-11.731000000000996,-7.171000000000568,0.17664351539222345
191.8,-11.719000000000996,-7.163000000000568,1.1764903622390703,-11.719000000000996,-7.163000000000568,0.17649036223907033
191.9,-11.707000000000995,-7.155000000000568,1.1763372090859172,-11.707000000000995,-7.155000000000568,0.1763372090859172
192.0,-11.695000000000995,-7.147000000000568,1.176184055932764,-11.695000000000995,-7.147000000000568,0.1761840559327641
192.10000000000002,-11.683000000000995,-7.139000000000568,1.176030902779611,-11.683000000000995,-7.139000000000568,0.17603090277961098
192.20000000000002,-11.671000000000994,-7.131000000000568,1.1758777496264579,-11.671000000000994,-7.131000000000568,0.17587774962645786
192.3,-11.659000000000994,-7.123000000000568,1.1757245964733047,-11.659000000000994,-7.123000000000568,0.17572459647330474
192.4,-11.647000000000993,-7.115000000000568,1.1755714433201516,-11.647000000000993,-7.115000000000568,0.17557144332015162
192.5,-11.635000000000993,-7.107000000000568,1.1754182901669985,-11.635000000000993,-7.107000000000568,0.1754182901669985
192.60000000000002,-11.623000000000992,-7.099000000000568,1.1752651370138454,-11.623000000000992,-7.099000000000568,0.17526513701384538
192.70000000000002,-11.611000000000992,-7.091000000000568,1.1751119838606923,-11.611000000000992,-7.091000000000568,0.17511198386069227
192.8,-11.599000000000991,-7.083000000000568,1.1749588307075391,-11.599000000000991,-7.083000000000568,0.17495883070753915
192.9,-11.587000000000991,-7.075000000000568,1.174805677554386,-11.587000000000991,-7.075000000000568,0.17480567755438603
193.0,-11.57500000000099,-7.067000000000568,1.174652524401233,-11.57500000000099,-7.067000000000568,0.1746525244012329
193.10000000000002,-11.56300000000099,-7.059000000000568,1.1744993712480798,-11.56300000000099,-7.059000000000568,0.1744993712480798
193.20000000000002,-11.55100000000099,-7.051000000000568,1.1743462180949267,-11.55100000000099,-7.051000000000568,0.17434621809492667
193.3,-11.53900000000099,-7.043000000000568,1.1741930649417736,-11.53900000000099,-7.043000000000568,0.17419306494177356
193.4,-11.527000000000989,-7.035000000000568,1.1740399117886204,-11.527000000000989,-7.035000000000568,0.17403991178862044
193.5,-11.515000000000988,-7.027000000000568,1.1738867586354673,-11.515000000000988,-7.027000000000568,0.17388675863546732
193.60000000000002,-11.503000000000988,-7.019000000000568,1.1737336054823142,-11.503000000000988,-7.019000000000568,0.1737336054823142
193.70000000000002,-11.491000000000987,-7.011000000000568,1.173580452329161,-11.491000000000987,-7.011000000000568,0.17358045232916108
193.8,-11.479000000000987,-7.003000000000568,1.173427299176008,-11.479000000000987,-7.003000000000568,0.17342729917600797
193.9,-11.467000000000986,-6.995000000000568,1.1732741460228548,-11.467000000000986,-6.995000000000568,0.17327414602285485
194.0,-11.455000000000986,-6.987000000000568,1.1731209928697017,-11.455000000000986,-6.987000000000568,0.17312099286970173
194.10000000000002,-11.443000000000985,-6.980000000000568,1.1729678397165486,-11.443000000000985,-6.980000000000568,0.1729678397165486
194.20000000000002,-11.431000000000985,-6.973000000000568,1.1728146865633955,-11.431000000000985,-6.973000000000568,0.1728146865633955
194.3,-11.419000000000985,-6.966000000000569,1.1726615334102424,-11.419000000000985,-6.966000000000569,0.17266153341024237
194.4,-11.407000000000984,-6.959000000000569,1.1725083802570893,-11.407000000000984,-6.959000000000569,0.17250838025708926
194.5,-11.395000000000984,-6.952000000000569,1.1723552271039361,-11.395000000000984,-6.952000000000569,0.17235522710393614
194.60000000000002,-11.383000000000983,-6.94500000000057,1.172202073950783,-11.383000000000983,-6.94500000000057,0.17220207395078302
194.70000000000002,-11.371000000000983,-6.93800000000057,1.17204892079763,-11.371000000000983,-6.93800000000057,0.1720489207976299
194.8,-11.359000000000982,-6.93100000000057,1.1718957676444768,-11.359000000000982,-6.93100000000057,0.17189576764447678
194.9,-11.347000000000982,-6.924000000000571,1.1717426144913237,-11.347000000000982,-6.924000000000571,0.17174261449132366
195.0,-11.335000000000981,-6.917000000000571,1.1715894613381705,-11.335000000000981,-6.917000000000571,0.17158946133817055
195.10000000000002,-11.323000000000981,-6.910000000000571,1.1714363081850174,-11.323000000000981,-6.910000000000571,0.17143630818501743
195.20000000000002,-11.31100000000098,-6.903000000000572,1.1712831550318643,-11.31100000000098,-6.903000000000572,0.1712831550318643
195.3,-11.29900000000098,-6.896000000000572,1.1711300018787112,-11.29900000000098,-6.896000000000572,0.1711300018787112
195.4,-11.28700000000098,-6.889000000000572,1.170976848725558,-11.28700000000098,-6.889000000000572,0.17097684872555807
195.5,-11.27500000000098,-6.8820000000005725,1.170823695572405,-11.27500000000098,-6.8820000000005725,0.17082369557240495
195.60000000000002,-11.263000000000979,-6.875000000000573,1.1706705424192518,-11.263000000000979,-6.875000000000573,0.17067054241925184
195.70000000000002,-11.251000000000978,-6.868000000000573,1.1705173892660987,-11.251000000000978,-6.868000000000573,0.17051738926609872
195.8,-11.239000000000978,-6.8610000000005735,1.1703642361129456,-11.239000000000978,-6.8610000000005735,0.1703642361129456
195.9,-11.227000000000977,-6.854000000000574,1.1702110829597925,-11.227000000000977,-6.854000000000574,0.17021108295979248
196.0,-11.215000000000977,-6.847000000000574,1.1700579298066394,-11.215000000000977,-6.847000000000574,0.17005792980663936
196.10000000000002,-11.203000000000976,-6.8400000000005745,1.1699047766534862,-11.203000000000976,-6.8400000000005745,0.16990477665348624
196.20000000000002,-11.191000000000976,-6.833000000000575,1.1697516235003331,-11.191000000000976,-6.833000000000575,0.16975162350033313
196.3,-11.179000000000975,-6.826000000000575,1.16959847034718,-11.179000000000975,-6.826000000000575,0.16959847034718
196.4,-11.167000000000975,-6.8190000000005755,1.169445317194027,-11.167000000000975,-6.8190000000005755,0.1694453171940269
196.5,-11.155000000000975,-6.812000000000576,1.1692921640408738,-11.155000000000975,-6.812000000000576,0.16929216404087377
196.60000000000002,-11.143000000000974,-6.805000000000576,1.1691390108877207,-11.143000000000974,-6.805000000000576,0.16913901088772065
196.70000000000002,-11.131000000000974,-6.7980000000005765,1.1689858577345675,-11.131000000000974,-6.7980000000005765,0.16898585773456754
196.8,-11.119000000000973,-6.791000000000577,1.1688327045814144,-11.119000000000973,-6.791000000000577,0.16883270458141442
196.9,-11.107000000000973,-6.784000000000577,1.1686795514282613,-11.107000000000973,-6.784000000000577,0.1686795514282613
197.0,-11.095000000000972,-6.7770000000005775,1.1685263982751082,-11.095000000000972,-6.7770000000005775,0.16852639827510818
197.10000000000002,-11.083000000000972,-6.770000000000578,1.168373245121955,-11.083000000000972,-6.770000000000578,0.16837324512195506
197.20000000000002,-11.071000000000971,-6.763000000000578,1.168220091968802,-11.071000000000971,-6.763000000000578,0.16822009196880194
197.3,-11.059000000000971,-6.756000000000578,1.1680669388156488,-11.059000000000971,-6.756000000000578,0.16806693881564883
197.4,-11.04700000000097,-6.749000000000579,1.1679137856624957,-11.04700000000097,-6.749000000000579,0.1679137856624957
197.5,-11.03500000000097,-6.742000000000579,1.1677606325093426,-11.03500000000097,-6.742000000000579,0.1677606325093426
197.60000000000002,-11.02300000000097,-6.735000000000579,1.1676074793561895,-11.02300000000097,-6.735000000000579,0.16760747935618947
197.70000000000002,-11.01100000000097,-6.72800000000058,1.1674543262030364,-11.01100000000097,-6.72800000000058,0.16745432620303635
197.8,-10.999000000000969,-6.72100000000058,1.1673011730498832,-10.999000000000969,-6.72100000000058,0.16730117304988323
197.9,-10.987000000000968,-6.71400000000058,1.1671480198967301,-10.987000000000968,-6.71400000000058,0.16714801989673012
198.0,-10.976000000000969,-6.707000000000581,1.166994866743577,-10.976000000000969,-6.707000000000581,0.166994866743577
198.10000000000002,-10.96500000000097,-6.700000000000581,1.1668417135904239,-10.96500000000097,-6.700000000000581,0.16684171359042388
198.20000000000002,-10.95400000000097,-6.693000000000581,1.1666885604372708,-10.95400000000097,-6.693000000000581,0.16668856043727076
198.3,-10.943000000000971,-6.686000000000582,1.1665354072841176,-10.943000000000971,-6.686000000000582,0.16653540728411764
198.4,-10.932000000000972,-6.679000000000582,1.1663822541309645,-10.932000000000972,-6.679000000000582,0.16638225413096452
198.5,-10.921000000000973,-6.672000000000582,1.1662291009778114,-10.921000000000973,-6.672000000000582,0.1662291009778114
198.60000000000002,-10.910000000000974,-6.665000000000583,1.1660759478246583,-10.910000000000974,-6.665000000000583,0.1660759478246583
198.70000000000002,-10.899000000000974,-6.658000000000583,1.1659227946715052,-10.899000000000974,-6.658000000000583,0.16592279467150517
198.8,-10.888000000000975,-6.651000000000583,1.165769641518352,-10.888000000000975,-6.651000000000583,0.16576964151835205
198.9,-10.877000000000976,-6.644000000000584,1.165616488365199,-10.877000000000976,-6.644000000000584,0.16561648836519893
199.0,-10.866000000000977,-6.637000000000584,1.1654633352120458,-10.866000000000977,-6.637000000000584,0.16546333521204581
199.10000000000002,-10.855000000000977,-6.630000000000584,1.1653101820588927,-10.855000000000977,-6.630000000000584,0.1653101820588927
199.20000000000002,-10.844000000000978,-6.623000000000585,1.1651570289057396,-10.844000000000978,-6.623000000000585,0.16515702890573958
199.3,-10.833000000000979,-6.616000000000585,1.1650038757525865,-10.833000000000979,-6.616000000000585,0.16500387575258646
199.4,-10.82200000000098,-6.609000000000585,1.1648507225994333,-10.82200000000098,-6.609000000000585,0.16485072259943334
199.5,-10.81100000000098,-6.602000000000586,1.1646975694462802,-10.81100000000098,-6.602000000000586,0.16469756944628022
199.60000000000002,-10.800000000000981,-6.595000000000586,1.164544416293127,-10.800000000000981,-6.595000000000586,0.1645444162931271
199.70000000000002,-10.789000000000982,-6.588000000000586,1.164391263139974,-10.789000000000982,-6.588000000000586,0.164391263139974
199.8,-10.778000000000983,-6.581000000000587,1.1642381099868209,-10.778000000000983,-6.581000000000587,0.16423810998682087
199.9,-10.767000000000984,-6.574000000000587,1.1640849568336677,-10.767000000000984,-6.574000000000587,0.16408495683366775
200.0,-10.756000000000984,-6.567000000000587,1.1639318036805146,-10.756000000000984,-6.567000000000587,0.16393180368051463
200.10000000000002,-10.745000000000985,-6.560000000000588,1.1637786505273615,-10.745000000000985,-6.560000000000588,0.1637786505273615
200.20000000000002,-10.734000000000986,-6.553000000000588,1.1636254973742084,-10.734000000000986,-6.553000000000588,0.1636254973742084
200.3,-10.723000000000987,-6.546000000000588,1.1634723442210553,-10.723000000000987,-6.546000000000588,0.16347234422105528
200.4,-10.712000000000987,-6.539000000000589,1.1633396008582235,-10.712000000000987,-6.539000000000589,0.16333960085822352
200.5,-10.701000000000988,-6.532000000000589,1.1632068574953918,-10.701000000000988,-6.532000000000589,0.16320685749539177
200.60000000000002,-10.690000000000989,-6.525000000000589,1.16307411413256,-10.690000000000989,-6.525000000000589,0.16307411413256
200.70000000000002,-10.67900000000099,-6.5180000000005895,1.1629413707697283,-10.67900000000099,-6.5180000000005895,0.16294137076972826
200.8,-10.66800000000099,-6.51100000000059,1.1628086274068965,-10.66800000000099,-6.51100000000059,0.1628086274068965
200.9,-10.657000000000991,-6.50400000000059,1.1626758840440647,-10.657000000000991,-6.50400000000059,0.16267588404406474
201.0,-10.646000000000992,-6.4970000000005905,1.162543140681233,-10.646000000000992,-6.4970000000005905,0.162543140681233
201.10000000000002,-10.635000000000993,-6.490000000000591,1.1624103973184012,-10.635000000000993,-6.490000000000591,0.16241039731840123
201.20000000000002,-10.624000000000994,-6.483000000000591,1.1622776539555695,-10.624000000000994,-6.483000000000591,0.16227765395556948
201.3,-10.613000000000994,-6.4760000000005915,1.1621449105927377,-10.613000000000994,-6.4760000000005915,0.16214491059273772
201.4,-10.602000000000995,-6.469000000000592,1.162012167229906,-10.602000000000995,-6.469000000000592,0.16201216722990597
201.5,-10.591000000000996,-6.462000000000592,1.1618794238670742,-10.591000000000996,-6.462000000000592,0.1618794238670742
201.60000000000002,-10.580000000000997,-6.4550000000005925,1.1617466805042425,-10.580000000000997,-6.4550000000005925,0.16174668050424246
201.70000000000002,-10.569000000000997,-6.448000000000593,1.1616139371414107,-10.569000000000997,-6.448000000000593,0.1616139371414107
201.8,-10.558000000000998,-6.441000000000593,1.161481193778579,-10.558000000000998,-6.441000000000593,0.16148119377857895
201.9,-10.547000000000999,-6.4340000000005935,1.1613484504157472,-10.547000000000999,-6.4340000000005935,0.1613484504157472
202.0,-10.536000000001,-6.427000000000594,1.1612157070529154,-10.536000000001,-6.427000000000594,0.16121570705291544
202.10000000000002,-10.525000000001,-6.420000000000594,1.1610829636900837,-10.525000000001,-6.420000000000594,0.16108296369008368
202.20000000000002,-10.514000000001001,-6.4130000000005944,1.160950220327252,-10.514000000001001,-6.4130000000005944,0.16095022032725192
202.3,-10.503000000001002,-6.406000000000595,1.1608174769644202,-10.503000000001002,-6.406000000000595,0.16081747696442017
202.4,-10.492000000001003,-6.399000000000595,1.1606847336015884,-10.492000000001003,-6.399000000000595,0.16068473360158841
202.5,-10.481000000001004,-6.392000000000595,1.1605519902387567,-10.481000000001004,-6.392000000000595,0.16055199023875666
202.60000000000002,-10.470000000001004,-6.385000000000596,1.160419246875925,-10.470000000001004,-6.385000000000596,0.1604192468759249
202.70000000000002,-10.459000000001005,-6.378000000000596,1.1602865035130931,-10.459000000001005,-6.378000000000596,0.16028650351309315
202.8,-10.448000000001006,-6.371000000000596,1.1601537601502614,-10.448000000001006,-6.371000000000596,0.1601537601502614
202.9,-10.437000000001007,-6.364000000000597,1.1600210167874296,-10.437000000001007,-6.364000000000597,0.16002101678742964
203.0,-10.426000000001007,-6.357000000000597,1.1598882734245979,-10.426000000001007,-6.357000000000597,0.15988827342459788
203.10000000000002,-10.415000000001008,-6.350000000000597,1.1597555300617661,-10.415000000001008,-6.350000000000597,0.15975553006176613
203.20000000000002,-10.404000000001009,-6.343000000000598,1.1596227866989344,-10.404000000001009,-6.343000000000598,0.15962278669893437
203.3,-10.39300000000101,-6.336000000000598,1.1594900433361026,-10.39300000000101,-6.336000000000598,0.15949004333610262
203.4,-10.38200000000101,-6.329000000000598,1.1593572999732709,-10.38200000000101,-6.329000000000598,0.15935729997327086
203.5,-10.371000000001011,-6.322000000000599,1.159224556610439,-10.371000000001011,-6.322000000000599,0.1592245566104391
203.60000000000002,-10.360000000001012,-6.315000000000599,1.1590918132476073,-10.360000000001012,-6.315000000000599,0.15909181324760735
203.70000000000002,-10.349000000001013,-6.308000000000599,1.1589590698847756,-10.349000000001013,-6.308000000000599,0.1589590698847756
203.8,-10.338000000001013,-6.3010000000006,1.1588263265219438,-10.338000000001013,-6.3010000000006,0.15882632652194384
203.9,-10.327000000001014,-6.2940000000006,1.158693583159112,-10.327000000001014,-6.2940000000006,0.15869358315911208
204.0,-10.316000000001015,-6.2870000000006,1.1585608397962803,-10.316000000001015,-6.2870000000006,0.15856083979628033
204.10000000000002,-10.305000000001016,-6.280000000000601,1.1584280964334486,-10.305000000001016,-6.280000000000601,0.15842809643344857
204.20000000000002,-10.294000000001017,-6.273000000000601,1.1582953530706168,-10.294000000001017,-6.273000000000601,0.15829535307061682
204.3,-10.283000000001017,-6.266000000000601,1.158162609707785,-10.283000000001017,-6.266000000000601,0.15816260970778506
204.4,-10.272000000001018,-6.259000000000602,1.1580298663449533,-10.272000000001018,-6.259000000000602,0.1580298663449533
204.5,-10.261000000001019,-6.252000000000602,1.1578971229821216,-10.261000000001019,-6.252000000000602,0.15789712298212155
204.60000000000002,-10.25000000000102,-6.245000000000602,1.1577643796192898,-10.25000000000102,-6.245000000000602,0.1577643796192898
204.70000000000002,-10.23900000000102,-6.238000000000603,1.157631636256458,-10.23900000000102,-6.238000000000603,0.15763163625645804
204.8,-10.228000000001021,-6.231000000000603,1.1574988928936263,-10.228000000001021,-6.231000000000603,0.15749889289362629
204.9,-10.217000000001022,-6.224000000000603,1.1573661495307945,-10.217000000001022,-6.224000000000603,0.15736614953079453
205.0,-10.206000000001023,-6.217000000000604,1.1572334061679628,-10.206000000001023,-6.217000000000604,0.15723340616796277
205.10000000000002,-10.195000000001023,-6.210000000000604,1.157100662805131,-10.195000000001023,-6.210000000000604,0.15710066280513102
205.20000000000002,-10.184000000001024,-6.203000000000604,1.1569679194422993,-10.184000000001024,-6.203000000000604,0.15696791944229926
205.3,-10.173000000001025,-6.196000000000605,1.1568351760794675,-10.173000000001025,-6.196000000000605,0.1568351760794675
205.4,-10.162000000001026,-6.189000000000605,1.1567024327166358,-10.162000000001026,-6.189000000000605,0.15670243271663575
205.5,-10.151000000001027,-6.182000000000605,1.156569689353804,-10.151000000001027,-6.182000000000605,0.156569689353804
205.60000000000002,-10.140000000001027,-6.175000000000606,1.1564369459909722,-10.140000000001027,-6.175000000000606,0.15643694599097224
205.70000000000002,-10.129000000001028,-6.168000000000606,1.1563042026281405,-10.129000000001028,-6.168000000000606,0.1563042026281405
205.8,-10.118000000001029,-6.161000000000606,1.1561714592653087,-10.118000000001029,-6.161000000000606,0.15617145926530873
205.9,-10.10700000000103,-6.1540000000006065,1.156038715902477,-10.10700000000103,-6.1540000000006065,0.15603871590247698
206.0,-10.09600000000103,-6.147000000000607,1.1559059725396452,-10.09600000000103,-6.147000000000607,0.15590597253964522
206.10000000000002,-10.085000000001031,-6.140000000000607,1.1557732291768135,-10.085000000001031,-6.140000000000607,0.15577322917681347
206.20000000000002,-10.074000000001032,-6.1330000000006075,1.1556404858139817,-10.074000000001032,-6.1330000000006075,0.1556404858139817
206.3,-10.063000000001033,-6.126000000000608,1.15550774245115,-10.063000000001033,-6.126000000000608,0.15550774245114996
206.4,-10.052000000001033,-6.119000000000608,1.1553749990883182,-10.052000000001033,-6.119000000000608,0.1553749990883182
206.5,-10.041000000001034,-6.1120000000006085,1.1552422557254864,-10.041000000001034,-6.1120000000006085,0.15524225572548644
206.60000000000002,-10.030000000001035,-6.105000000000609,1.1551095123626547,-10.030000000001035,-6.105000000000609,0.1551095123626547
206.70000000000002,-10.019000000001036,-6.098000000000609,1.154976768999823,-10.019000000001036,-6.098000000000609,0.15497676899982293
206.8,-10.008000000001037,-6.0910000000006095,1.1548440256369912,-10.008000000001037,-6.0910000000006095,0.15484402563699118
206.9,-9.997000000001037,-6.08400000000061,1.1547112822741594,-9.997000000001037,-6.08400000000061,0.15471128227415942
207.0,-9.986000000001038,-6.07700000000061,1.1545785389113277,-9.986000000001038,-6.07700000000061,0.15457853891132767
207.10000000000002,-9.976000000001038,-6.0700000000006105,1.154445795548496,-9.976000000001038,-6.0700000000006105,0.1544457955484959
207.20000000000002,-9.966000000001038,-6.063000000000611,1.1543130521856642,-9.966000000001038,-6.063000000000611,0.15431305218566416
207.3,-9.956000000001039,-6.056000000000611,1.1541803088228324,-9.956000000001039,-6.056000000000611,0.1541803088228324
207.4,-9.946000000001039,-6.049000000000611,1.1540475654600006,-9.946000000001039,-6.049000000000611,0.15404756546000065
207.5,-9.93600000000104,-6.042000000000612,1.153914822097169,-9.93600000000104,-6.042000000000612,0.1539148220971689
207.60000000000002,-9.92600000000104,-6.035000000000612,1.1537820787343371,-9.92600000000104,-6.035000000000612,0.15378207873433714
207.70000000000002,-9.91600000000104,-6.028000000000612,1.1536493353715054,-9.91600000000104,-6.028000000000612,0.15364933537150538
207.8,-9.90600000000104,-6.021000000000613,1.1535165920086736,-9.90600000000104,-6.021000000000613,0.15351659200867362
207.9,-9.89600000000104,-6.014000000000613,1.1533838486458419,-9.89600000000104,-6.014000000000613,0.15338384864584187
208.0,-9.88600000000104,-6.007000000000613,1.1532511052830101,-9.88600000000104,-6.007000000000613,0.15325110528301011
208.10000000000002,-9.87600000000104,-6.000000000000614,1.1531183619201784,-9.87600000000104,-6.000000000000614,0.15311836192017836
208.20000000000002,-9.86600000000104,-5.993000000000614,1.1529856185573466,-9.86600000000104,-5.993000000000614,0.1529856185573466
208.3,-9.85600000000104,-5.986000000000614,1.1528528751945148,-9.85600000000104,-5.986000000000614,0.15285287519451485
208.4,-9.846000000001041,-5.980000000000614,1.152720131831683,-9.846000000001041,-5.980000000000614,0.1527201318316831
208.5,-9.836000000001041,-5.974000000000614,1.1525873884688513,-9.836000000001041,-5.974000000000614,0.15258738846885134
208.60000000000002,-9.826000000001041,-5.968000000000614,1.1524546451060196,-9.826000000001041,-5.968000000000614,0.15245464510601958
208.70000000000002,-9.816000000001042,-5.9620000000006135,1.1523219017431878,-9.816000000001042,-5.9620000000006135,0.15232190174318783
208.8,-9.806000000001042,-5.956000000000613,1.152189158380356,-9.806000000001042,-5.956000000000613,0.15218915838035607
208.9,-9.796000000001042,-5.950000000000613,1.1520564150175243,-9.796000000001042,-5.950000000000613,0.15205641501752432
209.0,-9.786000000001042,-5.944000000000613,1.1519236716546926,-9.786000000001042,-5.944000000000613,0.15192367165469256
209.10000000000002,-9.776000000001043,-5.938000000000613,1.1517909282918608,-9.776000000001043,-5.938000000000613,0.1517909282918608
209.20000000000002,-9.766000000001043,-5.932000000000612,1.151658184929029,-9.766000000001043,-5.932000000000612,0.15165818492902905
209.3,-9.756000000001043,-5.926000000000612,1.1515254415661973,-9.756000000001043,-5.926000000000612,0.1515254415661973
209.4,-9.746000000001043,-5.920000000000612,1.1513926982033655,-9.746000000001043,-5.920000000000612,0.15139269820336554
209.5,-9.736000000001043,-5.914000000000612,1.1512599548405338,-9.736000000001043,-5.914000000000612,0.15125995484053378
209.60000000000002,-9.726000000001044,-5.908000000000611,1.151127211477702,-9.726000000001044,-5.908000000000611,0.15112721147770203
209.70000000000002,-9.716000000001044,-5.902000000000611,1.1509944681148703,-9.716000000001044,-5.902000000000611,0.15099446811487027
209.8,-9.706000000001044,-5.896000000000611,1.1508617247520385,-9.706000000001044,-5.896000000000611,0.15086172475203852
209.9,-9.696000000001044,-5.890000000000611,1.1507289813892068,-9.696000000001044,-5.890000000000611,0.15072898138920676
210.0,-9.686000000001044,-5.8840000000006105,1.150596238026375,-9.686000000001044,-5.8840000000006105,0.150596238026375
210.10000000000002,-9.676000000001045,-5.87800000000061,1.1504634946635433,-9.676000000001045,-5.87800000000061,0.15046349466354325
210.20000000000002,-9.666000000001045,-5.87200000000061,1.1503307513007115,-9.666000000001045,-5.87200000000061,0.1503307513007115
210.3,-9.656000000001045,-5.86600000000061,1.1501980079378797,-9.656000000001045,-5.86600000000061,0.15019800793787974
210.4,-9.646000000001045,-5.86000000000061,1.150065264575048,-9.646000000001045,-5.86000000000061,0.15006526457504799
210.5,-9.636000000001046,-5.854000000000609,1.1499325212122162,-9.636000000001046,-5.854000000000609,0.14993252121221623
210.60000000000002,-9.626000000001046,-5.848000000000609,1.1497997778493845,-9.626000000001046,-5.848000000000609,0.14979977784938447
210.70000000000002,-9.616000000001046,-5.842000000000609,1.1496670344865527,-9.616000000001046,-5.842000000000609,0.14966703448655272
210.8,-9.606000000001046,-5.836000000000609,1.149534291123721,-9.606000000001046,-5.836000000000609,0.14953429112372096
210.9,-9.596000000001046,-5.8300000000006085,1.1494015477608892,-9.596000000001046,-5.8300000000006085,0.1494015477608892
211.0,-9.586000000001047,-5.824000000000608,1.1492688043980575,-9.586000000001047,-5.824000000000608,0.14926880439805745
211.10000000000002,-9.576000000001047,-5.818000000000608,1.1491360610352257,-9.576000000001047,-5.818000000000608,0.1491360610352257
211.20000000000002,-9.566000000001047,-5.812000000000608,1.149003317672394,-9.566000000001047,-5.812000000000608,0.14900331767239394
211.3,-9.556000000001047,-5.806000000000608,1.1488705743095622,-9.556000000001047,-5.806000000000608,0.1488705743095622
211.4,-9.546000000001047,-5.800000000000607,1.1487378309467304,-9.546000000001047,-5.800000000000607,0.14873783094673043
211.5,-9.536000000001048,-5.794000000000607,1.1486050875838987,-9.536000000001048,-5.794000000000607,0.14860508758389868
211.60000000000002,-9.526000000001048,-5.788000000000607,1.148472344221067,-9.526000000001048,-5.788000000000607,0.14847234422106692
211.70000000000002,-9.516000000001048,-5.782000000000607,1.1483396008582352,-9.516000000001048,-5.782000000000607,0.14833960085823517
211.8,-9.506000000001048,-5.776000000000606,1.1482068574954034,-9.506000000001048,-5.776000000000606,0.1482068574954034
211.9,-9.496000000001048,-5.770000000000606,1.1480741141325717,-9.496000000001048,-5.770000000000606,0.14807411413257165
212.0,-9.486000000001049,-5.764000000000606,1.14794137076974,-9.486000000001049,-5.764000000000606,0.1479413707697399
212.10000000000002,-9.476000000001049,-5.758000000000606,1.1478086274069081,-9.476000000001049,-5.758000000000606,0.14780862740690814
212.20000000000002,-9.46600000000105,-5.7520000000006055,1.1476758840440764,-9.46600000000105,-5.7520000000006055,0.1476758840440764
212.3,-9.45600000000105,-5.746000000000605,1.1475431406812446,-9.45600000000105,-5.746000000000605,0.14754314068124463
212.4,-9.44600000000105,-5.740000000000605,1.1474103973184129,-9.44600000000105,-5.740000000000605,0.14741039731841288
212.5,-9.43600000000105,-5.734000000000605,1.1472776539555811,-9.43600000000105,-5.734000000000605,0.14727765395558112
212.60000000000002,-9.42600000000105,-5.728000000000605,1.1471449105927494,-9.42600000000105,-5.728000000000605,0.14714491059274937
212.70000000000002,-9.41600000000105,-5.722000000000604,1.1470121672299176,-9.41600000000105,-5.722000000000604,0.1470121672299176
212.8,-9.40600000000105,-5.716000000000604,1.1468794238670859,-9.40600000000105,-5.716000000000604,0.14687942386708586
212.9,-9.39600000000105,-5.710000000000604,1.146746680504254,-9.39600000000105,-5.710000000000604,0.1467466805042541
213.0,-9.38600000000105,-5.704000000000604,1.1466139371414223,-9.38600000000105,-5.704000000000604,0.14661393714142235
213.10000000000002,-9.376000000001051,-5.6980000000006035,1.1464811937785906,-9.376000000001051,-5.6980000000006035,0.1464811937785906
213.20000000000002,-9.366000000001051,-5.692000000000603,1.1463484504157588,-9.366000000001051,-5.692000000000603,0.14634845041575884
213.3,-9.356000000001051,-5.686000000000603,1.146215707052927,-9.356000000001051,-5.686000000000603,0.14621570705292708
213.4,-9.346000000001052,-5.680000000000603,1.1460829636900953,-9.346000000001052,-5.680000000000603,0.14608296369009532
213.5,-9.336000000001052,-5.674000000000603,1.1459502203272636,-9.336000000001052,-5.674000000000603,0.14595022032726357
213.60000000000002,-9.326000000001052,-5.668000000000602,1.1458174769644318,-9.326000000001052,-5.668000000000602,0.1458174769644318
213.70000000000002,-9.316000000001052,-5.662000000000602,1.1456847336016,-9.316000000001052,-5.662000000000602,0.14568473360160006
213.8,-9.306000000001053,-5.656000000000602,1.1455519902387683,-9.306000000001053,-5.656000000000602,0.1455519902387683
213.9,-9.296000000001053,-5.650000000000602,1.1454192468759365,-9.296000000001053,-5.650000000000602,0.14541924687593655
214.0,-9.286000000001053,-5.644000000000601,1.1452865035131048,-9.286000000001053,-5.644000000000601,0.1452865035131048
214.10000000000002,-9.276000000001053,-5.638000000000601,1.145153760150273,-9.276000000001053,-5.638000000000601,0.14515376015027304
214.20000000000002,-9.266000000001053,-5.632000000000601,1.1450210167874413,-9.266000000001053,-5.632000000000601,0.14502101678744128
214.3,-9.256000000001054,-5.626000000000601,1.1448882734246095,-9.256000000001054,-5.626000000000601,0.14488827342460953
214.4,-9.246000000001054,-5.6200000000006005,1.1447555300617778,-9.246000000001054,-5.6200000000006005,0.14475553006177777
214.5,-9.236000000001054,-5.6140000000006,1.144622786698946,-9.236000000001054,-5.6140000000006,0.14462278669894602
214.60000000000002,-9.226000000001054,-5.6080000000006,1.1444900433361143,-9.226000000001054,-5.6080000000006,0.14449004333611426
214.70000000000002,-9.216000000001054,-5.6020000000006,1.1443572999732825,-9.216000000001054,-5.6020000000006,0.1443572999732825
214.8,-9.206000000001055,-5.5960000000006,1.1442245566104507,-9.206000000001055,-5.5960000000006,0.14422455661045075
214.9,-9.196000000001055,-5.590000000000599,1.144091813247619,-9.196000000001055,-5.590000000000599,0.144091813247619
215.0,-9.186000000001055,-5.584000000000599,1.1439590698847872,-9.186000000001055,-5.584000000000599,0.14395906988478724
215.10000000000002,-9.176000000001055,-5.578000000000599,1.1438263265219555,-9.176000000001055,-5.578000000000599,0.14382632652195548
215.20000000000002,-9.166000000001056,-5.572000000000599,1.1436935831591237,-9.166000000001056,-5.572000000000599,0.14369358315912373
215.3,-9.156000000001056,-5.5660000000005985,1.143560839796292,-9.156000000001056,-5.5660000000005985,0.14356083979629197
215.4,-9.146000000001056,-5.560000000000598,1.1434280964334602,-9.146000000001056,-5.560000000000598,0.14342809643346022
215.5,-9.136000000001056,-5.554000000000598,1.1432953530706285,-9.136000000001056,-5.554000000000598,0.14329535307062846
215.60000000000002,-9.126000000001056,-5.548000000000598,1.1431626097077967,-9.126000000001056,-5.548000000000598,0.1431626097077967
215.70000000000002,-9.116000000001057,-5.542000000000598,1.143029866344965,-9.116000000001057,-5.542000000000598,0.14302986634496495
215.8,-9.106000000001057,-5.536000000000597,1.1428971229821332,-9.106000000001057,-5.536000000000597,0.1428971229821332
215.9,-9.096000000001057,-5.530000000000597,1.1427643796193014,-9.096000000001057,-5.530000000000597,0.14276437961930144
216.0,-9.086000000001057,-5.524000000000597,1.1426316362564697,-9.086000000001057,-5.524000000000597,0.14263163625646968
216.10000000000002,-9.076000000001057,-5.518000000000597,1.1425185927782089,-9.076000000001057,-5.518000000000597,0.14251859277820889
216.20000000000002,-9.066000000001058,-5.512000000000596,1.142405549299948,-9.066000000001058,-5.512000000000596,0.1424055492999481
216.3,-9.056000000001058,-5.506000000000596,1.1422925058216873,-9.056000000001058,-5.506000000000596,0.1422925058216873
216.4,-9.046000000001058,-5.500000000000596,1.1421794623434265,-9.046000000001058,-5.500000000000596,0.1421794623434265
216.5,-9.036000000001058,-5.494000000000596,1.1420664188651657,-9.036000000001058,-5.494000000000596,0.1420664188651657
216.60000000000002,-9.026000000001059,-5.4880000000005955,1.141953375386905,-9.026000000001059,-5.4880000000005955,0.1419533753869049
216.70000000000002,-9.016000000001059,-5.482000000000595,1.141840331908644,-9.016000000001059,-5.482000000000595,0.1418403319086441
216.8,-9.006000000001059,-5.476000000000595,1.1417272884303833,-9.006000000001059,-5.476000000000595,0.1417272884303833
216.9,-8.99600000000106,-5.470000000000595,1.1416142449521225,-8.99600000000106,-5.470000000000595,0.1416142449521225
217.0,-8.98600000000106,-5.464000000000595,1.1415012014738617,-8.98600000000106,-5.464000000000595,0.1415012014738617
217.10000000000002,-8.977000000001059,-5.458000000000594,1.141388157995601,-8.977000000001059,-5.458000000000594,0.1413881579956009
217.20000000000002,-8.968000000001059,-5.452000000000594,1.14127511451734,-8.968000000001059,-5.452000000000594,0.1412751145173401
217.3,-8.959000000001058,-5.446000000000594,1.1411620710390793,-8.959000000001058,-5.446000000000594,0.1411620710390793
217.4,-8.950000000001058,-5.440000000000594,1.1410490275608185,-8.950000000001058,-5.440000000000594,0.1410490275608185
217.5,-8.941000000001058,-5.4340000000005935,1.1409359840825577,-8.941000000001058,-5.4340000000005935,0.1409359840825577
217.60000000000002,-8.932000000001057,-5.428000000000593,1.140822940604297,-8.932000000001057,-5.428000000000593,0.1408229406042969
217.70000000000002,-8.923000000001057,-5.422000000000593,1.140709897126036,-8.923000000001057,-5.422000000000593,0.1407098971260361
217.8,-8.914000000001057,-5.416000000000593,1.1405968536477753,-8.914000000001057,-5.416000000000593,0.1405968536477753
217.9,-8.905000000001056,-5.410000000000593,1.1404838101695145,-8.905000000001056,-5.410000000000593,0.1404838101695145
218.0,-8.896000000001056,-5.404000000000592,1.1403707666912537,-8.896000000001056,-5.404000000000592,0.1403707666912537
218.10000000000002,-8.887000000001056,-5.398000000000592,1.140257723212993,-8.887000000001056,-5.398000000000592,0.1402577232129929
218.20000000000002,-8.878000000001055,-5.392000000000592,1.140144679734732,-8.878000000001055,-5.392000000000592,0.1401446797347321
218.3,-8.869000000001055,-5.386000000000592,1.1400316362564713,-8.869000000001055,-5.386000000000592,0.1400316362564713
218.4,-8.860000000001055,-5.380000000000591,1.1399185927782105,-8.860000000001055,-5.380000000000591,0.1399185927782105
218.5,-8.851000000001054,-5.374000000000591,1.1398055492999497,-8.851000000001054,-5.374000000000591,0.1398055492999497
218.60000000000002,-8.842000000001054,-5.368000000000591,1.139692505821689,-8.842000000001054,-5.368000000000591,0.1396925058216889
218.70000000000002,-8.833000000001054,-5.362000000000591,1.139579462343428,-8.833000000001054,-5.362000000000591,0.1395794623434281
218.8,-8.824000000001053,-5.3560000000005905,1.1394664188651673,-8.824000000001053,-5.3560000000005905,0.1394664188651673
218.9,-8.815000000001053,-5.35000000000059,1.1393533753869065,-8.815000000001053,-5.35000000000059,0.1393533753869065
219.0,-8.806000000001053,-5.34400000000059,1.1392403319086457,-8.806000000001053,-5.34400000000059,0.1392403319086457
219.10000000000002,-8.797000000001052,-5.33800000000059,1.139127288430385,-8.797000000001052,-5.33800000000059,0.1391272884303849
219.20000000000002,-8.788000000001052,-5.33200000000059,1.139014244952124,-8.788000000001052,-5.33200000000059,0.1390142449521241
219.3,-8.779000000001052,-5.326000000000589,1.1389012014738633,-8.779000000001052,-5.326000000000589,0.1389012014738633
219.4,-8.770000000001051,-5.320000000000589,1.1387881579956025,-8.770000000001051,-5.320000000000589,0.1387881579956025
219.5,-8.76100000000105,-5.314000000000589,1.1386751145173417,-8.76100000000105,-5.314000000000589,0.1386751145173417
219.60000000000002,-8.75200000000105,-5.308000000000589,1.138562071039081,-8.75200000000105,-5.308000000000589,0.13856207103908091
219.70000000000002,-8.74300000000105,-5.3020000000005885,1.1384490275608201,-8.74300000000105,-5.3020000000005885,0.13844902756082011
219.8,-8.73400000000105,-5.296000000000588,1.1383359840825593,-8.73400000000105,-5.296000000000588,0.13833598408255932
219.9,-8.72500000000105,-5.290000000000588,1.1382229406042985,-8.72500000000105,-5.290000000000588,0.13822294060429852
220.0,-8.71600000000105,-5.284000000000588,1.1381098971260377,-8.71600000000105,-5.284000000000588,0.13810989712603772
220.10000000000002,-8.707000000001049,-5.2780000000005876,1.137996853647777,-8.707000000001049,-5.2780000000005876,0.13799685364777692
220.20000000000002,-8.698000000001048,-5.272000000000587,1.1378838101695161,-8.698000000001048,-5.272000000000587,0.13788381016951612
220.3,-8.689000000001048,-5.266000000000587,1.1377707666912553,-8.689000000001048,-5.266000000000587,0.13777076669125532
220.4,-8.680000000001048,-5.260000000000587,1.1376577232129945,-8.680000000001048,-5.260000000000587,0.13765772321299452
220.5,-8.671000000001047,-5.254000000000587,1.1375446797347337,-8.671000000001047,-5.254000000000587,0.13754467973473372
220.60000000000002,-8.662000000001047,-5.248000000000586,1.137431636256473,-8.662000000001047,-5.248000000000586,0.13743163625647292
220.70000000000002,-8.653000000001047,-5.242000000000586,1.1373185927782121,-8.653000000001047,-5.242000000000586,0.13731859277821212
220.8,-8.644000000001046,-5.236000000000586,1.1372055492999513,-8.644000000001046,-5.236000000000586,0.13720554929995132
220.9,-8.635000000001046,-5.230000000000586,1.1370925058216905,-8.635000000001046,-5.230000000000586,0.13709250582169052
221.0,-8.626000000001046,-5.2240000000005855,1.1369794623434297,-8.626000000001046,-5.2240000000005855,0.13697946234342973
221.10000000000002,-8.617000000001045,-5.218000000000585,1.136866418865169,-8.617000000001045,-5.218000000000585,0.13686641886516893
221.20000000000002,-8.608000000001045,-5.212000000000585,1.1367533753869081,-8.608000000001045,-5.212000000000585,0.13675337538690813
221.3,-8.599000000001045,-5.206000000000585,1.1366403319086473,-8.599000000001045,-5.206000000000585,0.13664033190864733
221.4,-8.590000000001044,-5.200000000000585,1.1365272884303865,-8.590000000001044,-5.200000000000585,0.13652728843038653
221.5,-8.581000000001044,-5.194000000000584,1.1364142449521257,-8.581000000001044,-5.194000000000584,0.13641424495212573
221.60000000000002,-8.572000000001044,-5.188000000000584,1.136301201473865,-8.572000000001044,-5.188000000000584,0.13630120147386493
221.70000000000002,-8.563000000001043,-5.182000000000584,1.1361881579956041,-8.563000000001043,-5.182000000000584,0.13618815799560413
221.8,-8.554000000001043,-5.176000000000584,1.1360751145173433,-8.554000000001043,-5.176000000000584,0.13607511451734333
221.9,-8.545000000001043,-5.1700000000005835,1.1359620710390825,-8.545000000001043,-5.1700000000005835,0.13596207103908253
222.0,-8.536000000001042,-5.164000000000583,1.1358490275608217,-8.536000000001042,-5.164000000000583,0.13584902756082173
222.10000000000002,-8.527000000001042,-5.158000000000583,1.135735984082561,-8.527000000001042,-5.158000000000583,0.13573598408256093
222.20000000000002,-8.518000000001042,-5.152000000000583,1.1356229406043001,-8.518000000001042,-5.152000000000583,0.13562294060430014
222.3,-8.509000000001041,-5.1460000000005826,1.1355098971260393,-8.509000000001041,-5.1460000000005826,0.13550989712603934
222.4,-8.500000000001041,-5.140000000000582,1.1353968536477785,-8.500000000001041,-5.140000000000582,0.13539685364777854
222.5,-8.49100000000104,-5.134000000000582,1.1352838101695177,-8.49100000000104,-5.134000000000582,0.13528381016951774
222.60000000000002,-8.48200000000104,-5.128000000000582,1.135170766691257,-8.48200000000104,-5.128000000000582,0.13517076669125694
222.70000000000002,-8.47300000000104,-5.122000000000582,1.1350577232129961,-8.47300000000104,-5.122000000000582,0.13505772321299614
222.8,-8.46400000000104,-5.116000000000581,1.1349446797347353,-8.46400000000104,-5.116000000000581,0.13494467973473534
222.9,-8.45500000000104,-5.110000000000581,1.1348316362564745,-8.45500000000104,-5.110000000000581,0.13483163625647454
223.0,-8.446000000001039,-5.104000000000581,1.1347185927782137,-8.446000000001039,-5.104000000000581,0.13471859277821374
223.10000000000002,-8.437000000001039,-5.098000000000581,1.134605549299953,-8.437000000001039,-5.098000000000581,0.13460554929995294
223.20000000000002,-8.428000000001038,-5.0920000000005805,1.1344925058216921,-8.428000000001038,-5.0920000000005805,0.13449250582169214
223.3,-8.419000000001038,-5.08600000000058,1.1343794623434313,-8.419000000001038,-5.08600000000058,0.13437946234343134
223.4,-8.410000000001038,-5.08000000000058,1.1342664188651705,-8.410000000001038,-5.08000000000058,0.13426641886517054
223.5,-8.401000000001037,-5.07400000000058,1.1341533753869097,-8.401000000001037,-5.07400000000058,0.13415337538690975
223.60000000000002,-8.392000000001037,-5.06800000000058,1.134040331908649,-8.392000000001037,-5.06800000000058,0.13404033190864895
223.70000000000002,-8.383000000001037,-5.062000000000579,1.1339272884303881,-8.383000000001037,-5.062000000000579,0.13392728843038815
223.8,-8.374000000001036,-5.056000000000579,1.1338142449521273,-8.374000000001036,-5.056000000000579,0.13381424495212735
223.9,-8.365000000001036,-5.050000000000579,1.1337012014738665,-8.365000000001036,-5.050000000000579,0.13370120147386655
224.0,-8.356000000001035,-5.044000000000579,1.1335881579956057,-8.356000000001035,-5.044000000000579,0.13358815799560575
224.10000000000002,-8.347000000001035,-5.0380000000005785,1.133475114517345,-8.347000000001035,-5.0380000000005785,0.13347511451734495
224.20000000000002,-8.338000000001035,-5.032000000000578,1.1333620710390842,-8.338000000001035,-5.032000000000578,0.13336207103908415
224.3,-8.329000000001034,-5.026000000000578,1.1332490275608234,-8.329000000001034,-5.026000000000578,0.13324902756082335
224.4,-8.320000000001034,-5.020000000000578,1.1331359840825626,-8.320000000001034,-5.020000000000578,0.13313598408256255
224.5,-8.311000000001034,-5.0140000000005776,1.1330229406043018,-8.311000000001034,-5.0140000000005776,0.13302294060430175
224.60000000000002,-8.302000000001033,-5.008000000000577,1.132909897126041,-8.302000000001033,-5.008000000000577,0.13290989712604095
224.70000000000002,-8.293000000001033,-5.002000000000577,1.1327968536477802,-8.293000000001033,-5.002000000000577,0.13279685364778016
224.8,-8.284000000001033,-4.996000000000577,1.1326838101695194,-8.284000000001033,-4.996000000000577,0.13268381016951936
224.9,-8.275000000001032,-4.990000000000577,1.1325707666912586,-8.275000000001032,-4.990000000000577,0.13257076669125856
225.0,-8.266000000001032,-4.985000000000577,1.1324577232129978,-8.266000000001032,-4.985000000000577,0.13245772321299776
225.10000000000002,-8.257000000001032,-4.980000000000577,1.132344679734737,-8.257000000001032,-4.980000000000577,0.13234467973473696
225.20000000000002,-8.248000000001031,-4.975000000000577,1.1322316362564762,-8.248000000001031,-4.975000000000577,0.13223163625647616
225.3,-8.239000000001031,-4.970000000000577,1.1321185927782154,-8.239000000001031,-4.970000000000577,0.13211859277821536
225.4,-8.23000000000103,-4.965000000000577,1.1320055492999546,-8.23000000000103,-4.965000000000577,0.13200554929995456
225.5,-8.22100000000103,-4.960000000000577,1.1318925058216938,-8.22100000000103,-4.960000000000577,0.13189250582169376
225.60000000000002,-8.21200000000103,-4.955000000000577,1.131779462343433,-8.21200000000103,-4.955000000000577,0.13177946234343296
225.70000000000002,-8.20300000000103,-4.9500000000005775,1.1316664188651722,-8.20300000000103,-4.9500000000005775,0.13166641886517216
225.8,-8.19400000000103,-4.945000000000578,1.1315533753869114,-8.19400000000103,-4.945000000000578,0.13155337538691136
225.9,-8.185000000001029,-4.940000000000578,1.1314403319086506,-8.185000000001029,-4.940000000000578,0.13144033190865057
226.0,-8.176000000001029,-4.935000000000578,1.1313272884303898,-8.176000000001029,-4.935000000000578,0.13132728843038977
226.10000000000002,-8.167000000001028,-4.930000000000578,1.131214244952129,-8.167000000001028,-4.930000000000578,0.13121424495212897
226.20000000000002,-8.158000000001028,-4.925000000000578,1.1311012014738682,-8.158000000001028,-4.925000000000578,0.13110120147386817
226.3,-8.149000000001028,-4.920000000000578,1.1309881579956074,-8.149000000001028,-4.920000000000578,0.13098815799560737
226.4,-8.140000000001027,-4.915000000000578,1.1308751145173466,-8.140000000001027,-4.915000000000578,0.13087511451734657
226.5,-8.131000000001027,-4.910000000000578,1.1307620710390858,-8.131000000001027,-4.910000000000578,0.13076207103908577
226.60000000000002,-8.122000000001027,-4.9050000000005785,1.130649027560825,-8.122000000001027,-4.9050000000005785,0.13064902756082497
226.70000000000002,-8.113000000001026,-4.900000000000579,1.1305359840825642,-8.113000000001026,-4.900000000000579,0.13053598408256417
226.8,-8.104000000001026,-4.895000000000579,1.1304229406043034,-8.104000000001026,-4.895000000000579,0.13042294060430337
226.9,-8.095000000001026,-4.890000000000579,1.1303098971260426,-8.095000000001026,-4.890000000000579,0.13030989712604257
227.0,-8.086000000001025,-4.885000000000579,1.1301968536477818,-8.086000000001025,-4.885000000000579,0.13019685364778177
227.10000000000002,-8.077000000001025,-4.880000000000579,1.130083810169521,-8.077000000001025,-4.880000000000579,0.13008381016952097
227.20000000000002,-8.068000000001025,-4.875000000000579,1.1299707666912602,-8.068000000001025,-4.875000000000579,0.12997076669126018
227.3,-8.059000000001024,-4.870000000000579,1.1298577232129994,-8.059000000001024,-4.870000000000579,0.12985772321299938
227.4,-8.050000000001024,-4.865000000000579,1.1297446797347386,-8.050000000001024,-4.865000000000579,0.12974467973473858
227.5,-8.041000000001024,-4.860000000000579,1.1296316362564778,-8.041000000001024,-4.860000000000579,0.12963163625647778
227.60000000000002,-8.032000000001023,-4.8550000000005795,1.129518592778217,-8.032000000001023,-4.8550000000005795,0.12951859277821698
227.70000000000002,-8.023000000001023,-4.85000000000058,1.1294055492999562,-8.023000000001023,-4.85000000000058,0.12940554929995618
227.8,-8.014000000001023,-4.84500000000058,1.1292925058216954,-8.014000000001023,-4.84500000000058,0.12929250582169538
227.9,-8.005000000001022,-4.84000000000058,1.1291794623434346,-8.005000000001022,-4.84000000000058,0.12917946234343458
228.0,-7.996000000001022,-4.83500000000058,1.1290664188651738,-7.996000000001022,-4.83500000000058,0.12906641886517378
228.10000000000002,-7.9870000000010215,-4.83000000000058,1.128953375386913,-7.9870000000010215,-4.83000000000058,0.12895337538691298
228.20000000000002,-7.9790000000010215,-4.82500000000058,1.1288403319086522,-7.9790000000010215,-4.82500000000058,0.12884033190865218
228.3,-7.9710000000010215,-4.82000000000058,1.1287272884303914,-7.9710000000010215,-4.82000000000058,0.12872728843039138
228.4,-7.9630000000010215,-4.81500000000058,1.1286142449521306,-7.9630000000010215,-4.81500000000058,0.12861424495213059
228.5,-7.9550000000010215,-4.8100000000005805,1.1285012014738698,-7.9550000000010215,-4.8100000000005805,0.12850120147386979
228.60000000000002,-7.9470000000010215,-4.805000000000581,1.128388157995609,-7.9470000000010215,-4.805000000000581,0.128388157995609
228.70000000000002,-7.9390000000010215,-4.800000000000581,1.1282751145173482,-7.9390000000010215,-4.800000000000581,0.1282751145173482
228.8,-7.9310000000010215,-4.795000000000581,1.1281620710390874,-7.9310000000010215,-4.795000000000581,0.1281620710390874
228.9,-7.9230000000010214,-4.790000000000581,1.1280490275608266,-7.9230000000010214,-4.790000000000581,0.1280490275608266
229.0,-7.915000000001021,-4.785000000000581,1.1279359840825658,-7.915000000001021,-4.785000000000581,0.1279359840825658
229.10000000000002,-7.907000000001021,-4.780000000000581,1.127822940604305,-7.907000000001021,-4.780000000000581,0.127822940604305
229.20000000000002,-7.899000000001021,-4.775000000000581,1.1277098971260442,-7.899000000001021,-4.775000000000581,0.1277098971260442
229.3,-7.891000000001021,-4.770000000000581,1.1275968536477834,-7.891000000001021,-4.770000000000581,0.1275968536477834
229.4,-7.883000000001021,-4.765000000000581,1.1274838101695226,-7.883000000001021,-4.765000000000581,0.1274838101695226
229.5,-7.875000000001021,-4.7600000000005815,1.1273707666912618,-7.875000000001021,-4.7600000000005815,0.1273707666912618
229.60000000000002,-7.867000000001021,-4.755000000000582,1.127257723213001,-7.867000000001021,-4.755000000000582,0.127257723213001
229.70000000000002,-7.859000000001021,-4.750000000000582,1.1271446797347402,-7.859000000001021,-4.750000000000582,0.1271446797347402
229.8,-7.851000000001021,-4.745000000000582,1.1270316362564794,-7.851000000001021,-4.745000000000582,0.1270316362564794
229.9,-7.843000000001021,-4.740000000000582,1.1269185927782186,-7.843000000001021,-4.740000000000582,0.1269185927782186
230.0,-7.835000000001021,-4.735000000000582,1.1268055492999578,-7.835000000001021,-4.735000000000582,0.1268055492999578
230.10000000000002,-7.827000000001021,-4.730000000000582,1.126692505821697,-7.827000000001021,-4.730000000000582,0.126692505821697
230.20000000000002,-7.819000000001021,-4.725000000000582,1.1265794623434362,-7.819000000001021,-4.725000000000582,0.1265794623434362
230.3,-7.811000000001021,-4.720000000000582,1.1264664188651754,-7.811000000001021,-4.720000000000582,0.1264664188651754
230.4,-7.803000000001021,-4.7150000000005825,1.1263533753869146,-7.803000000001021,-4.7150000000005825,0.1263533753869146
230.5,-7.795000000001021,-4.710000000000583,1.1262403319086538,-7.795000000001021,-4.710000000000583,0.1262403319086538
230.60000000000002,-7.787000000001021,-4.705000000000583,1.126127288430393,-7.787000000001021,-4.705000000000583,0.126127288430393
230.70000000000002,-7.779000000001021,-4.700000000000583,1.1260142449521322,-7.779000000001021,-4.700000000000583,0.1260142449521322
230.8,-7.771000000001021,-4.695000000000583,1.1259012014738714,-7.771000000001021,-4.695000000000583,0.1259012014738714
230.9,-7.763000000001021,-4.690000000000583,1.1257881579956106,-7.763000000001021,-4.690000000000583,0.1257881579956106
231.0,-7.755000000001021,-4.685000000000583,1.1256751145173498,-7.755000000001021,-4.685000000000583,0.1256751145173498
231.10000000000002,-7.747000000001021,-4.680000000000583,1.125562071039089,-7.747000000001021,-4.680000000000583,0.125562071039089
231.20000000000002,-7.739000000001021,-4.675000000000583,1.1254490275608282,-7.739000000001021,-4.675000000000583,0.1254490275608282
231.3,-7.731000000001021,-4.6700000000005835,1.1253359840825674,-7.731000000001021,-4.6700000000005835,0.1253359840825674
231.4,-7.723000000001021,-4.665000000000584,1.1252229406043066,-7.723000000001021,-4.665000000000584,0.1252229406043066
231.5,-7.715000000001021,-4.660000000000584,1.1251098971260458,-7.715000000001021,-4.660000000000584,0.1251098971260458
231.60000000000002,-7.707000000001021,-4.655000000000584,1.124996853647785,-7.707000000001021,-4.655000000000584,0.12499685364778501
231.70000000000002,-7.699000000001021,-4.650000000000584,1.1248838101695242,-7.699000000001021,-4.650000000000584,0.12488381016952421
231.8,-7.691000000001021,-4.645000000000584,1.1247707666912634,-7.691000000001021,-4.645000000000584,0.12477076669126341
231.9,-7.683000000001021,-4.640000000000584,1.1246577232130026,-7.683000000001021,-4.640000000000584,0.12465772321300261
232.0,-7.675000000001021,-4.635000000000584,1.1245446797347418,-7.675000000001021,-4.635000000000584,0.12454467973474181
232.10000000000002,-7.667000000001021,-4.630000000000584,1.124431636256481,-7.667000000001021,-4.630000000000584,0.12443163625648102
232.20000000000002,-7.659000000001021,-4.625000000000584,1.1243185927782202,-7.659000000001021,-4.625000000000584,0.12431859277822022
232.3,-7.651000000001021,-4.6200000000005845,1.1242055492999594,-7.651000000001021,-4.6200000000005845,0.12420554929995942
232.4,-7.643000000001021,-4.615000000000585,1.1240925058216986,-7.643000000001021,-4.615000000000585,0.12409250582169862
232.5,-7.635000000001021,-4.610000000000585,1.1239794623434378,-7.635000000001021,-4.610000000000585,0.12397946234343782
232.60000000000002,-7.627000000001021,-4.605000000000585,1.123866418865177,-7.627000000001021,-4.605000000000585,0.12386641886517702
232.70000000000002,-7.619000000001021,-4.600000000000585,1.1237533753869162,-7.619000000001021,-4.600000000000585,0.12375337538691622
232.8,-7.611000000001021,-4.595000000000585,1.1236403319086554,-7.611000000001021,-4.595000000000585,0.12364033190865542
232.9,-7.603000000001021,-4.590000000000585,1.1235272884303946,-7.603000000001021,-4.590000000000585,0.12352728843039462
233.0,-7.595000000001021,-4.585000000000585,1.1234142449521338,-7.595000000001021,-4.585000000000585,0.12341424495213382
233.10000000000002,-7.587000000001021,-4.580000000000585,1.123301201473873,-7.587000000001021,-4.580000000000585,0.12330120147387302
233.20000000000002,-7.579000000001021,-4.5750000000005855,1.1231881579956122,-7.579000000001021,-4.5750000000005855,0.12318815799561222
233.3,-7.571000000001021,-4.570000000000586,1.1230751145173514,-7.571000000001021,-4.570000000000586,0.12307511451735142
233.4,-7.563000000001021,-4.565000000000586,1.1229620710390906,-7.563000000001021,-4.565000000000586,0.12296207103909063
233.5,-7.555000000001021,-4.560000000000586,1.1228490275608298,-7.555000000001021,-4.560000000000586,0.12284902756082983
233.60000000000002,-7.547000000001021,-4.555000000000586,1.122735984082569,-7.547000000001021,-4.555000000000586,0.12273598408256903
233.70000000000002,-7.539000000001021,-4.550000000000586,1.1226229406043082,-7.539000000001021,-4.550000000000586,0.12262294060430823
233.8,-7.531000000001021,-4.545000000000586,1.122528923510291,-7.531000000001021,-4.545000000000586,0.1225289235102911
233.9,-7.523000000001021,-4.540000000000586,1.122434906416274,-7.523000000001021,-4.540000000000586,0.12243490641627397
234.0,-7.515000000001021,-4.535000000000586,1.1223408893222568,-7.515000000001021,-4.535000000000586,0.12234088932225684
234.10000000000002,-7.507000000001021,-4.5300000000005864,1.1222468722282397,-7.507000000001021,-4.5300000000005864,0.12224687222823971
234.20000000000002,-7.499000000001021,-4.5250000000005866,1.1221528551342226,-7.499000000001021,-4.5250000000005866,0.12215285513422258
234.3,-7.491000000001021,-4.520000000000587,1.1220588380402055,-7.491000000001021,-4.520000000000587,0.12205883804020545
234.4,-7.483000000001021,-4.515000000000587,1.1219648209461883,-7.483000000001021,-4.515000000000587,0.12196482094618832
234.5,-7.475000000001021,-4.510000000000587,1.1218708038521712,-7.475000000001021,-4.510000000000587,0.1218708038521712
234.60000000000002,-7.467000000001021,-4.505000000000587,1.121776786758154,-7.467000000001021,-4.505000000000587,0.12177678675815407
234.70000000000002,-7.459000000001021,-4.500000000000587,1.121682769664137,-7.459000000001021,-4.500000000000587,0.12168276966413694
234.8,-7.451000000001021,-4.495000000000587,1.1215887525701198,-7.451000000001021,-4.495000000000587,0.1215887525701198
234.9,-7.443000000001021,-4.490000000000587,1.1214947354761027,-7.443000000001021,-4.490000000000587,0.12149473547610268
235.0,-7.435000000001021,-4.485000000000587,1.1214007183820855,-7.435000000001021,-4.485000000000587,0.12140071838208555
235.10000000000002,-7.427000000001021,-4.4800000000005875,1.1213067012880684,-7.427000000001021,-4.4800000000005875,0.12130670128806842
235.20000000000002,-7.419000000001021,-4.475000000000588,1.1212126841940513,-7.419000000001021,-4.475000000000588,0.12121268419405129
235.3,-7.411000000001021,-4.470000000000588,1.1211186671000342,-7.411000000001021,-4.470000000000588,0.12111866710003416
235.4,-7.403000000001021,-4.465000000000588,1.121024650006017,-7.403000000001021,-4.465000000000588,0.12102465000601703
235.5,-7.395000000001021,-4.460000000000588,1.120930632912,-7.395000000001021,-4.460000000000588,0.1209306329119999
235.60000000000002,-7.387000000001021,-4.455000000000588,1.1208366158179828,-7.387000000001021,-4.455000000000588,0.12083661581798277
235.70000000000002,-7.379000000001021,-4.450000000000588,1.1207425987239656,-7.379000000001021,-4.450000000000588,0.12074259872396564
235.8,-7.371000000001021,-4.445000000000588,1.1206485816299485,-7.371000000001021,-4.445000000000588,0.12064858162994851
235.9,-7.363000000001021,-4.440000000000588,1.1205545645359314,-7.363000000001021,-4.440000000000588,0.12055456453593139
236.0,-7.355000000001021,-4.4350000000005885,1.1204605474419143,-7.355000000001021,-4.4350000000005885,0.12046054744191426
236.10000000000002,-7.347000000001021,-4.430000000000589,1.1203665303478971,-7.347000000001021,-4.430000000000589,0.12036653034789713
236.20000000000002,-7.339000000001021,-4.425000000000589,1.12027251325388,-7.339000000001021,-4.425000000000589,0.12027251325388
236.3,-7.331000000001021,-4.420000000000589,1.1201784961598629,-7.331000000001021,-4.420000000000589,0.12017849615986287
236.4,-7.323000000001021,-4.415000000000589,1.1200844790658457,-7.323000000001021,-4.415000000000589,0.12008447906584574
236.5,-7.315000000001021,-4.410000000000589,1.1199904619718286,-7.315000000001021,-4.410000000000589,0.11999046197182861
236.60000000000002,-7.307000000001021,-4.405000000000589,1.1198964448778115,-7.307000000001021,-4.405000000000589,0.11989644487781148
236.70000000000002,-7.299000000001021,-4.400000000000589,1.1198024277837944,-7.299000000001021,-4.400000000000589,0.11980242778379435
236.8,-7.291000000001021,-4.395000000000589,1.1197084106897772,-7.291000000001021,-4.395000000000589,0.11970841068977722
236.9,-7.283000000001021,-4.390000000000589,1.11961439359576,-7.283000000001021,-4.390000000000589,0.1196143935957601
237.0,-7.275000000001021,-4.3850000000005895,1.119520376501743,-7.275000000001021,-4.3850000000005895,0.11952037650174296
237.10000000000002,-7.267000000001021,-4.38000000000059,1.1194263594077258,-7.267000000001021,-4.38000000000059,0.11942635940772584
237.20000000000002,-7.259000000001021,-4.37500000000059,1.1193323423137087,-7.259000000001021,-4.37500000000059,0.1193323423137087
237.3,-7.251000000001021,-4.37000000000059,1.1192383252196916,-7.251000000001021,-4.37000000000059,0.11923832521969158
237.4,-7.243000000001021,-4.36500000000059,1.1191443081256744,-7.243000000001021,-4.36500000000059,0.11914430812567445
237.5,-7.235000000001021,-4.36000000000059,1.1190502910316573,-7.235000000001021,-4.36000000000059,0.11905029103165732
237.60000000000002,-7.227000000001021,-4.35500000000059,1.1189562739376402,-7.227000000001021,-4.35500000000059,0.11895627393764019
237.70000000000002,-7.219000000001021,-4.35000000000059,1.118862256843623,-7.219000000001021,-4.35000000000059,0.11886225684362306
237.8,-7.211000000001021,-4.34500000000059,1.118768239749606,-7.211000000001021,-4.34500000000059,0.11876823974960593
237.9,-7.203000000001021,-4.3400000000005905,1.1186742226555888,-7.203000000001021,-4.3400000000005905,0.1186742226555888
238.0,-7.195000000001021,-4.335000000000591,1.1185802055615717,-7.195000000001021,-4.335000000000591,0.11858020556157167
238.10000000000002,-7.187000000001021,-4.330000000000591,1.1184861884675545,-7.187000000001021,-4.330000000000591,0.11848618846755454
238.20000000000002,-7.179000000001021,-4.325000000000591,1.1183921713735374,-7.179000000001021,-4.325000000000591,0.11839217137353741
238.3,-7.171000000001021,-4.320000000000591,1.1182981542795203,-7.171000000001021,-4.320000000000591,0.11829815427952028
238.4,-7.163000000001021,-4.315000000000591,1.1182041371855032,-7.163000000001021,-4.315000000000591,0.11820413718550316
238.5,-7.155000000001021,-4.310000000000591,1.118110120091486,-7.155000000001021,-4.310000000000591,0.11811012009148603
238.60000000000002,-7.147000000001021,-4.305000000000591,1.118016102997469,-7.147000000001021,-4.305000000000591,0.1180161029974689
238.70000000000002,-7.139000000001021,-4.300000000000591,1.1179220859034518,-7.139000000001021,-4.300000000000591,0.11792208590345177
238.8,-7.131000000001021,-4.2950000000005915,1.1178280688094346,-7.131000000001021,-4.2950000000005915,0.11782806880943464
238.9,-7.123000000001021,-4.290000000000592,1.1177340517154175,-7.123000000001021,-4.290000000000592,0.11773405171541751
239.0,-7.115000000001021,-4.285000000000592,1.1176400346214004,-7.115000000001021,-4.285000000000592,0.11764003462140038
239.10000000000002,-7.107000000001021,-4.280000000000592,1.1175460175273833,-7.107000000001021,-4.280000000000592,0.11754601752738325
239.20000000000002,-7.099000000001021,-4.275000000000592,1.1174520004333661,-7.099000000001021,-4.275000000000592,0.11745200043336612
239.3,-7.091000000001021,-4.270000000000592,1.117357983339349,-7.091000000001021,-4.270000000000592,0.11735798333934899
239.4,-7.083000000001021,-4.265000000000592,1.1172639662453319,-7.083000000001021,-4.265000000000592,0.11726396624533186
239.5,-7.075000000001021,-4.260000000000592,1.1171699491513147,-7.075000000001021,-4.260000000000592,0.11716994915131473
239.60000000000002,-7.067000000001021,-4.255000000000592,1.1170759320572976,-7.067000000001021,-4.255000000000592,0.1170759320572976
239.70000000000002,-7.059000000001021,-4.250000000000592,1.1169819149632805,-7.059000000001021,-4.250000000000592,0.11698191496328048
239.8,-7.051000000001021,-4.2450000000005925,1.1168878978692633,-7.051000000001021,-4.2450000000005925,0.11688789786926335
239.9,-7.043000000001021,-4.240000000000593,1.1167938807752462,-7.043000000001021,-4.240000000000593,0.11679388077524622
240.0,-7.035000000001021,-4.235000000000593,1.116699863681229,-7.035000000001021,-4.235000000000593,0.11669986368122909
240.10000000000002,-7.027000000001021,-4.230000000000593,1.116605846587212,-7.027000000001021,-4.230000000000593,0.11660584658721196
240.20000000000002,-7.019000000001021,-4.225000000000593,1.1165118294931948,-7.019000000001021,-4.225000000000593,0.11651182949319483
240.3,-7.011000000001021,-4.220000000000593,1.1164178123991777,-7.011000000001021,-4.220000000000593,0.1164178123991777
240.4,-7.003000000001021,-4.215000000000593,1.1163237953051606,-7.003000000001021,-4.215000000000593,0.11632379530516057
240.5,-6.995000000001021,-4.210000000000593,1.1162297782111434,-6.995000000001021,-4.210000000000593,0.11622977821114344
240.60000000000002,-6.987000000001021,-4.205000000000593,1.1161357611171263,-6.987000000001021,-4.205000000000593,0.11613576111712631
240.70000000000002,-6.980000000001021,-4.2000000000005935,1.1160417440231092,-6.980000000001021,-4.2000000000005935,0.11604174402310918
240.8,-6.973000000001021,-4.195000000000594,1.115947726929092,-6.973000000001021,-4.195000000000594,0.11594772692909205
240.9,-6.966000000001022,-4.190000000000594,1.115853709835075,-6.966000000001022,-4.190000000000594,0.11585370983507493
241.0,-6.959000000001022,-4.185000000000594,1.1157596927410578,-6.959000000001022,-4.185000000000594,0.1157596927410578
241.10000000000002,-6.952000000001022,-4.180000000000594,1.1156656756470407,-6.952000000001022,-4.180000000000594,0.11566567564704067
241.20000000000002,-6.945000000001023,-4.175000000000594,1.1155716585530235,-6.945000000001023,-4.175000000000594,0.11557165855302354
241.3,-6.938000000001023,-4.170000000000594,1.1154776414590064,-6.938000000001023,-4.170000000000594,0.11547764145900641
241.4,-6.931000000001023,-4.165000000000594,1.1153836243649893,-6.931000000001023,-4.165000000000594,0.11538362436498928
241.5,-6.924000000001024,-4.160000000000594,1.1152896072709721,-6.924000000001024,-4.160000000000594,0.11528960727097215
241.60000000000002,-6.917000000001024,-4.155000000000594,1.115195590176955,-6.917000000001024,-4.155000000000594,0.11519559017695502
241.70000000000002,-6.910000000001024,-4.1500000000005945,1.115101573082938,-6.910000000001024,-4.1500000000005945,0.11510157308293789
241.8,-6.9030000000010245,-4.145000000000595,1.1150075559889208,-6.9030000000010245,-4.145000000000595,0.11500755598892076
241.9,-6.896000000001025,-4.140000000000595,1.1149135388949036,-6.896000000001025,-4.140000000000595,0.11491353889490363
242.0,-6.889000000001025,-4.135000000000595,1.1148195218008865,-6.889000000001025,-4.135000000000595,0.1148195218008865
242.10000000000002,-6.8820000000010255,-4.130000000000595,1.1147255047068694,-6.8820000000010255,-4.130000000000595,0.11472550470686937
242.20000000000002,-6.875000000001026,-4.125000000000595,1.1146314876128522,-6.875000000001026,-4.125000000000595,0.11463148761285225
242.3,-6.868000000001026,-4.120000000000595,1.1145374705188351,-6.868000000001026,-4.120000000000595,0.11453747051883512
242.4,-6.8610000000010265,-4.115000000000595,1.114443453424818,-6.8610000000010265,-4.115000000000595,0.11444345342481799
242.5,-6.854000000001027,-4.110000000000595,1.1143494363308009,-6.854000000001027,-4.110000000000595,0.11434943633080086
242.60000000000002,-6.847000000001027,-4.1050000000005955,1.1142554192367837,-6.847000000001027,-4.1050000000005955,0.11425541923678373
242.70000000000002,-6.8400000000010275,-4.100000000000596,1.1141614021427666,-6.8400000000010275,-4.100000000000596,0.1141614021427666
242.8,-6.833000000001028,-4.095000000000596,1.1140673850487495,-6.833000000001028,-4.095000000000596,0.11406738504874947
242.9,-6.826000000001028,-4.090000000000596,1.1139733679547323,-6.826000000001028,-4.090000000000596,0.11397336795473234
243.0,-6.8190000000010285,-4.085000000000596,1.1138793508607152,-6.8190000000010285,-4.085000000000596,0.11387935086071521
243.10000000000002,-6.812000000001029,-4.080000000000596,1.113785333766698,-6.812000000001029,-4.080000000000596,0.11378533376669808
243.20000000000002,-6.805000000001029,-4.075000000000596,1.113691316672681,-6.805000000001029,-4.075000000000596,0.11369131667268095
243.3,-6.798000000001029,-4.070000000000596,1.1135972995786638,-6.798000000001029,-4.070000000000596,0.11359729957866382
243.4,-6.79100000000103,-4.065000000000596,1.1135032824846467,-6.79100000000103,-4.065000000000596,0.1135032824846467
243.5,-6.78400000000103,-4.0600000000005965,1.1134092653906296,-6.78400000000103,-4.0600000000005965,0.11340926539062957
243.60000000000002,-6.77700000000103,-4.055000000000597,1.1133152482966124,-6.77700000000103,-4.055000000000597,0.11331524829661244
243.70000000000002,-6.770000000001031,-4.050000000000597,1.1132212312025953,-6.770000000001031,-4.050000000000597,0.11322123120259531
243.8,-6.763000000001031,-4.045000000000597,1.1131272141085782,-6.763000000001031,-4.045000000000597,0.11312721410857818
243.9,-6.756000000001031,-4.040000000000597,1.113033197014561,-6.756000000001031,-4.040000000000597,0.11303319701456105
244.0,-6.749000000001032,-4.035000000000597,1.112939179920544,-6.749000000001032,-4.035000000000597,0.11293917992054392
244.10000000000002,-6.742000000001032,-4.030000000000597,1.1128451628265268,-6.742000000001032,-4.030000000000597,0.11284516282652679
244.20000000000002,-6.735000000001032,-4.025000000000597,1.1127511457325097,-6.735000000001032,-4.025000000000597,0.11275114573250966
244.3,-6.728000000001033,-4.020000000000597,1.1126571286384925,-6.728000000001033,-4.020000000000597,0.11265712863849253
244.4,-6.721000000001033,-4.015000000000597,1.1125631115444754,-6.721000000001033,-4.015000000000597,0.1125631115444754
244.5,-6.714000000001033,-4.0100000000005975,1.1124690944504583,-6.714000000001033,-4.0100000000005975,0.11246909445045827
244.60000000000002,-6.707000000001034,-4.005000000000598,1.1123750773564411,-6.707000000001034,-4.005000000000598,0.11237507735644114
244.70000000000002,-6.700000000001034,-4.000000000000598,1.112281060262424,-6.700000000001034,-4.000000000000598,0.11228106026242402
244.8,-6.693000000001034,-3.995000000000598,1.1121870431684069,-6.693000000001034,-3.995000000000598,0.11218704316840689
244.9,-6.686000000001035,-3.990000000000598,1.1120930260743898,-6.686000000001035,-3.990000000000598,0.11209302607438976
245.0,-6.679000000001035,-3.986000000000598,1.1119990089803726,-6.679000000001035,-3.986000000000598,0.11199900898037263
245.10000000000002,-6.672000000001035,-3.982000000000598,1.1119049918863555,-6.672000000001035,-3.982000000000598,0.1119049918863555
245.20000000000002,-6.665000000001036,-3.978000000000598,1.1118109747923384,-6.665000000001036,-3.978000000000598,0.11181097479233837
245.3,-6.658000000001036,-3.974000000000598,1.1117169576983212,-6.658000000001036,-3.974000000000598,0.11171695769832124
245.4,-6.651000000001036,-3.970000000000598,1.111622940604304,-6.651000000001036,-3.970000000000598,0.11162294060430411
245.5,-6.644000000001037,-3.966000000000598,1.111528923510287,-6.644000000001037,-3.966000000000598,0.11152892351028698
245.60000000000002,-6.637000000001037,-3.962000000000598,1.1114349064162699,-6.637000000001037,-3.962000000000598,0.11143490641626985
245.70000000000002,-6.630000000001037,-3.958000000000598,1.1113408893222527,-6.630000000001037,-3.958000000000598,0.11134088932225272
245.8,-6.623000000001038,-3.954000000000598,1.1112468722282356,-6.623000000001038,-3.954000000000598,0.1112468722282356
245.9,-6.616000000001038,-3.950000000000598,1.1111528551342185,-6.616000000001038,-3.950000000000598,0.11115285513421846
246.0,-6.609000000001038,-3.946000000000598,1.1110588380402013,-6.609000000001038,-3.946000000000598,0.11105883804020134
246.10000000000002,-6.602000000001039,-3.942000000000598,1.1109648209461842,-6.602000000001039,-3.942000000000598,0.1109648209461842
246.20000000000002,-6.595000000001039,-3.938000000000598,1.110870803852167,-6.595000000001039,-3.938000000000598,0.11087080385216708
246.3,-6.588000000001039,-3.934000000000598,1.11077678675815,-6.588000000001039,-3.934000000000598,0.11077678675814995
246.4,-6.58100000000104,-3.930000000000598,1.1106827696641328,-6.58100000000104,-3.930000000000598,0.11068276966413282
246.5,-6.57400000000104,-3.926000000000598,1.1105887525701157,-6.57400000000104,-3.926000000000598,0.11058875257011569
246.60000000000002,-6.56700000000104,-3.922000000000598,1.1104947354760986,-6.56700000000104,-3.922000000000598,0.11049473547609856
246.70000000000002,-6.5600000000010406,-3.918000000000598,1.1104007183820814,-6.5600000000010406,-3.918000000000598,0.11040071838208143
246.8,-6.553000000001041,-3.914000000000598,1.1103067012880643,-6.553000000001041,-3.914000000000598,0.1103067012880643
246.9,-6.546000000001041,-3.910000000000598,1.1102126841940472,-6.546000000001041,-3.910000000000598,0.11021268419404717
247.0,-6.5390000000010415,-3.906000000000598,1.11011866710003,-6.5390000000010415,-3.906000000000598,0.11011866710003004
247.10000000000002,-6.532000000001042,-3.902000000000598,1.110024650006013,-6.532000000001042,-3.902000000000598,0.11002465000601291
247.20000000000002,-6.525000000001042,-3.898000000000598,1.1099306329119958,-6.525000000001042,-3.898000000000598,0.10993063291199578
247.3,-6.5180000000010425,-3.894000000000598,1.1098366158179787,-6.5180000000010425,-3.894000000000598,0.10983661581797866
247.4,-6.511000000001043,-3.890000000000598,1.1097425987239615,-6.511000000001043,-3.890000000000598,0.10974259872396153
247.5,-6.504000000001043,-3.886000000000598,1.1096485816299444,-6.504000000001043,-3.886000000000598,0.1096485816299444
247.60000000000002,-6.4970000000010435,-3.882000000000598,1.1095545645359273,-6.4970000000010435,-3.882000000000598,0.10955456453592727
247.70000000000002,-6.490000000001044,-3.878000000000598,1.1094605474419101,-6.490000000001044,-3.878000000000598,0.10946054744191014
247.8,-6.483000000001044,-3.874000000000598,1.109366530347893,-6.483000000001044,-3.874000000000598,0.10936653034789301
247.9,-6.4760000000010445,-3.870000000000598,1.1092725132538759,-6.4760000000010445,-3.870000000000598,0.10927251325387588
248.0,-6.469000000001045,-3.866000000000598,1.1091784961598588,-6.469000000001045,-3.866000000000598,0.10917849615985875
248.10000000000002,-6.462000000001045,-3.862000000000598,1.1090844790658416,-6.462000000001045,-3.862000000000598,0.10908447906584162
248.20000000000002,-6.4550000000010455,-3.858000000000598,1.1089904619718245,-6.4550000000010455,-3.858000000000598,0.10899046197182449
248.3,-6.448000000001046,-3.854000000000598,1.1088964448778074,-6.448000000001046,-3.854000000000598,0.10889644487780736
248.4,-6.441000000001046,-3.850000000000598,1.1088024277837902,-6.441000000001046,-3.850000000000598,0.10880242778379023
248.5,-6.434000000001046,-3.846000000000598,1.108708410689773,-6.434000000001046,-3.846000000000598,0.1087084106897731
248.60000000000002,-6.427000000001047,-3.842000000000598,1.108614393595756,-6.427000000001047,-3.842000000000598,0.10861439359575598
248.70000000000002,-6.420000000001047,-3.838000000000598,1.1085203765017388,-6.420000000001047,-3.838000000000598,0.10852037650173885
248.8,-6.413000000001047,-3.834000000000598,1.1084263594077217,-6.413000000001047,-3.834000000000598,0.10842635940772172
248.9,-6.406000000001048,-3.830000000000598,1.1083323423137046,-6.406000000001048,-3.830000000000598,0.10833234231370459
249.0,-6.399000000001048,-3.826000000000598,1.1082383252196875,-6.399000000001048,-3.826000000000598,0.10823832521968746
249.10000000000002,-6.392000000001048,-3.822000000000598,1.1081443081256703,-6.392000000001048,-3.822000000000598,0.10814430812567033
249.20000000000002,-6.385000000001049,-3.818000000000598,1.1080502910316532,-6.385000000001049,-3.818000000000598,0.1080502910316532
249.3,-6.378000000001049,-3.814000000000598,1.107956273937636,-6.378000000001049,-3.814000000000598,0.10795627393763607
249.4,-6.371000000001049,-3.810000000000598,1.107862256843619,-6.371000000001049,-3.810000000000598,0.10786225684361894
249.5,-6.36400000000105,-3.806000000000598,1.1077682397496018,-6.36400000000105,-3.806000000000598,0.10776823974960181
249.60000000000002,-6.35700000000105,-3.802000000000598,1.1076742226555847,-6.35700000000105,-3.802000000000598,0.10767422265558468
249.70000000000002,-6.35000000000105,-3.798000000000598,1.1075802055615676,-6.35000000000105,-3.798000000000598,0.10758020556156755
249.8,-6.343000000001051,-3.794000000000598,1.1074861884675504,-6.343000000001051,-3.794000000000598,0.10748618846755043
249.9,-6.336000000001051,-3.790000000000598,1.1073921713735333,-6.336000000001051,-3.790000000000598,0.1073921713735333
250.0,-6.329000000001051,-3.7860000000005978,1.1072981542795162,-6.329000000001051,-3.7860000000005978,0.10729815427951617
250.10000000000002,-6.322000000001052,-3.7820000000005978,1.107204137185499,-6.322000000001052,-3.7820000000005978,0.10720413718549904
250.20000000000002,-6.315000000001052,-3.7780000000005978,1.107110120091482,-6.315000000001052,-3.7780000000005978,0.10711012009148191
250.3,-6.308000000001052,-3.7740000000005978,1.1070161029974648,-6.308000000001052,-3.7740000000005978,0.10701610299746478
250.4,-6.301000000001053,-3.7700000000005978,1.1069220859034477,-6.301000000001053,-3.7700000000005978,0.10692208590344765
250.5,-6.294000000001053,-3.7660000000005978,1.1068280688094305,-6.294000000001053,-3.7660000000005978,0.10682806880943052
250.60000000000002,-6.287000000001053,-3.7620000000005978,1.1067340517154134,-6.287000000001053,-3.7620000000005978,0.10673405171541339
250.70000000000002,-6.280000000001054,-3.7580000000005978,1.1066400346213963,-6.280000000001054,-3.7580000000005978,0.10664003462139626
250.8,-6.273000000001054,-3.7540000000005977,1.1065460175273791,-6.273000000001054,-3.7540000000005977,0.10654601752737913
250.9,-6.266000000001054,-3.7500000000005977,1.106452000433362,-6.266000000001054,-3.7500000000005977,0.106452000433362
251.0,-6.259000000001055,-3.7460000000005977,1.1063579833393449,-6.259000000001055,-3.7460000000005977,0.10635798333934487
251.10000000000002,-6.252000000001055,-3.7420000000005977,1.1062639662453277,-6.252000000001055,-3.7420000000005977,0.10626396624532775
251.20000000000002,-6.245000000001055,-3.7380000000005977,1.1061699491513106,-6.245000000001055,-3.7380000000005977,0.10616994915131062
251.3,-6.238000000001056,-3.7340000000005977,1.1060759320572935,-6.238000000001056,-3.7340000000005977,0.10607593205729349
251.4,-6.231000000001056,-3.7300000000005977,1.1059819149632764,-6.231000000001056,-3.7300000000005977,0.10598191496327636
251.5,-6.224000000001056,-3.7260000000005977,1.1058878978692592,-6.224000000001056,-3.7260000000005977,0.10588789786925923
251.60000000000002,-6.217000000001057,-3.7220000000005977,1.105793880775242,-6.217000000001057,-3.7220000000005977,0.1057938807752421
251.70000000000002,-6.210000000001057,-3.7180000000005977,1.105699863681225,-6.210000000001057,-3.7180000000005977,0.10569986368122497
251.8,-6.203000000001057,-3.7140000000005977,1.1056058465872078,-6.203000000001057,-3.7140000000005977,0.10560584658720784
251.9,-6.1960000000010576,-3.7100000000005977,1.1055118294931907,-6.1960000000010576,-3.7100000000005977,0.10551182949319071
252.0,-6.189000000001058,-3.7060000000005977,1.1054178123991736,-6.189000000001058,-3.7060000000005977,0.10541781239917358
252.10000000000002,-6.182000000001058,-3.7020000000005977,1.1053237953051565,-6.182000000001058,-3.7020000000005977,0.10532379530515645
252.20000000000002,-6.1750000000010585,-3.6980000000005977,1.1052297782111393,-6.1750000000010585,-3.6980000000005977,0.10522977821113932
252.3,-6.168000000001059,-3.6940000000005977,1.1051357611171222,-6.168000000001059,-3.6940000000005977,0.1051357611171222
252.4,-6.161000000001059,-3.6900000000005977,1.105041744023105,-6.161000000001059,-3.6900000000005977,0.10504174402310507
252.5,-6.1540000000010595,-3.6860000000005977,1.104947726929088,-6.1540000000010595,-3.6860000000005977,0.10494772692908794
252.60000000000002,-6.14700000000106,-3.6820000000005977,1.1048537098350708,-6.14700000000106,-3.6820000000005977,0.10485370983507081
252.70000000000002,-6.14000000000106,-3.6780000000005977,1.1047596927410537,-6.14000000000106,-3.6780000000005977,0.10475969274105368
252.8,-6.1330000000010605,-3.6740000000005977,1.1046656756470365,-6.1330000000010605,-3.6740000000005977,0.10466567564703655
252.9,-6.126000000001061,-3.6700000000005977,1.1045716585530194,-6.126000000001061,-3.6700000000005977,0.10457165855301942
253.0,-6.119000000001061,-3.6660000000005977,1.1044776414590023,-6.119000000001061,-3.6660000000005977,0.10447764145900229
253.10000000000002,-6.1120000000010615,-3.6620000000005977,1.1043836243649852,-6.1120000000010615,-3.6620000000005977,0.10438362436498516
253.20000000000002,-6.105000000001062,-3.6580000000005977,1.104289607270968,-6.105000000001062,-3.6580000000005977,0.10428960727096803
253.3,-6.098000000001062,-3.6540000000005977,1.104195590176951,-6.098000000001062,-3.6540000000005977,0.1041955901769509
253.4,-6.0910000000010625,-3.6500000000005977,1.1041015730829338,-6.0910000000010625,-3.6500000000005977,0.10410157308293377
253.5,-6.084000000001063,-3.6460000000005977,1.1040075559889166,-6.084000000001063,-3.6460000000005977,0.10400755598891664
253.60000000000002,-6.077000000001063,-3.6420000000005976,1.1039135388948995,-6.077000000001063,-3.6420000000005976,0.10391353889489952
253.70000000000002,-6.070000000001063,-3.6380000000005976,1.1038195218008824,-6.070000000001063,-3.6380000000005976,0.10381952180088239
253.8,-6.063000000001064,-3.6340000000005976,1.1037255047068653,-6.063000000001064,-3.6340000000005976,0.10372550470686526
253.9,-6.056000000001064,-3.6300000000005976,1.1036314876128481,-6.056000000001064,-3.6300000000005976,0.10363148761284813
254.0,-6.049000000001064,-3.6260000000005976,1.103537470518831,-6.049000000001064,-3.6260000000005976,0.103537470518831
254.10000000000002,-6.042000000001065,-3.6220000000005976,1.1034434534248139,-6.042000000001065,-3.6220000000005976,0.10344345342481387
254.20000000000002,-6.035000000001065,-3.6180000000005976,1.1033494363307967,-6.035000000001065,-3.6180000000005976,0.10334943633079674
254.3,-6.028000000001065,-3.6140000000005976,1.103273806078696,-6.028000000001065,-3.6140000000005976,0.10327380607869596
254.4,-6.021000000001066,-3.6100000000005976,1.1031981758265952,-6.021000000001066,-3.6100000000005976,0.10319817582659518
254.5,-6.014000000001066,-3.6060000000005976,1.1031225455744944,-6.014000000001066,-3.6060000000005976,0.1031225455744944
254.60000000000002,-6.007000000001066,-3.6020000000005976,1.1030469153223936,-6.007000000001066,-3.6020000000005976,0.10304691532239363
254.70000000000002,-6.000000000001067,-3.5980000000005976,1.1029712850702929,-6.000000000001067,-3.5980000000005976,0.10297128507029285
254.8,-5.993000000001067,-3.5940000000005976,1.102895654818192,-5.993000000001067,-3.5940000000005976,0.10289565481819207
254.9,-5.986000000001067,-3.5900000000005976,1.1028200245660913,-5.986000000001067,-3.5900000000005976,0.1028200245660913
255.0,-5.980000000001067,-3.5860000000005976,1.1027443943139905,-5.980000000001067,-3.5860000000005976,0.10274439431399052
255.10000000000002,-5.974000000001067,-3.5820000000005976,1.1026687640618897,-5.974000000001067,-3.5820000000005976,0.10266876406188974
255.20000000000002,-5.968000000001067,-3.5780000000005976,1.102593133809789,-5.968000000001067,-3.5780000000005976,0.10259313380978896
255.3,-5.9620000000010664,-3.5740000000005976,1.1025175035576882,-5.9620000000010664,-3.5740000000005976,0.10251750355768818
255.4,-5.956000000001066,-3.5700000000005976,1.1024418733055874,-5.956000000001066,-3.5700000000005976,0.1024418733055874
255.5,-5.950000000001066,-3.5660000000005976,1.1023662430534866,-5.950000000001066,-3.5660000000005976,0.10236624305348663
255.60000000000002,-5.944000000001066,-3.5620000000005976,1.1022906128013858,-5.944000000001066,-3.5620000000005976,0.10229061280138585
255.70000000000002,-5.9380000000010655,-3.5580000000005976,1.102214982549285,-5.9380000000010655,-3.5580000000005976,0.10221498254928507
255.8,-5.932000000001065,-3.5540000000005976,1.1021393522971843,-5.932000000001065,-3.5540000000005976,0.1021393522971843
255.9,-5.926000000001065,-3.5500000000005976,1.1020637220450835,-5.926000000001065,-3.5500000000005976,0.10206372204508352
256.0,-5.920000000001065,-3.5460000000005976,1.1019880917929827,-5.920000000001065,-3.5460000000005976,0.10198809179298274
256.1,-5.914000000001065,-3.5420000000005976,1.101912461540882,-5.914000000001065,-3.5420000000005976,0.10191246154088196
256.2,-5.908000000001064,-3.5380000000005976,1.1018368312887812,-5.908000000001064,-3.5380000000005976,0.10183683128878118
256.3,-5.902000000001064,-3.5340000000005976,1.1017612010366804,-5.902000000001064,-3.5340000000005976,0.1017612010366804
256.40000000000003,-5.896000000001064,-3.5300000000005975,1.1016855707845796,-5.896000000001064,-3.5300000000005975,0.10168557078457963
256.5,-5.890000000001064,-3.5260000000005975,1.1016099405324788,-5.890000000001064,-3.5260000000005975,0.10160994053247885
256.6,-5.8840000000010635,-3.5220000000005975,1.101534310280378,-5.8840000000010635,-3.5220000000005975,0.10153431028037807
256.7,-5.878000000001063,-3.5180000000005975,1.1014586800282773,-5.878000000001063,-3.5180000000005975,0.10145868002827729
256.8,-5.872000000001063,-3.5140000000005975,1.1013830497761765,-5.872000000001063,-3.5140000000005975,0.10138304977617651
256.90000000000003,-5.866000000001063,-3.5100000000005975,1.1013074195240757,-5.866000000001063,-3.5100000000005975,0.10130741952407574
257.0,-5.860000000001063,-3.5060000000005975,1.101231789271975,-5.860000000001063,-3.5060000000005975,0.10123178927197496
257.1,-5.854000000001062,-3.5020000000005975,1.1011561590198742,-5.854000000001062,-3.5020000000005975,0.10115615901987418
257.2,-5.848000000001062,-3.4980000000005975,1.1010805287677734,-5.848000000001062,-3.4980000000005975,0.1010805287677734
257.3,-5.842000000001062,-3.4940000000005975,1.1010048985156726,-5.842000000001062,-3.4940000000005975,0.10100489851567263
257.40000000000003,-5.836000000001062,-3.4900000000005975,1.1009292682635718,-5.836000000001062,-3.4900000000005975,0.10092926826357185
257.5,-5.8300000000010614,-3.4860000000005975,1.100853638011471,-5.8300000000010614,-3.4860000000005975,0.10085363801147107
257.6,-5.824000000001061,-3.4820000000005975,1.1007780077593703,-5.824000000001061,-3.4820000000005975,0.10077800775937029
257.7,-5.818000000001061,-3.4780000000005975,1.1007023775072695,-5.818000000001061,-3.4780000000005975,0.10070237750726951
257.8,-5.812000000001061,-3.4740000000005975,1.1006267472551687,-5.812000000001061,-3.4740000000005975,0.10062674725516874
257.90000000000003,-5.8060000000010605,-3.4700000000005975,1.100551117003068,-5.8060000000010605,-3.4700000000005975,0.10055111700306796
258.0,-5.80000000000106,-3.4660000000005975,1.1004754867509672,-5.80000000000106,-3.4660000000005975,0.10047548675096718
258.1,-5.79400000000106,-3.4620000000005975,1.1003998564988664,-5.79400000000106,-3.4620000000005975,0.1003998564988664
258.2,-5.78800000000106,-3.4580000000005975,1.1003242262467656,-5.78800000000106,-3.4580000000005975,0.10032422624676562
258.3,-5.78200000000106,-3.4540000000005975,1.1002485959946648,-5.78200000000106,-3.4540000000005975,0.10024859599466485
258.40000000000003,-5.776000000001059,-3.4500000000005975,1.100172965742564,-5.776000000001059,-3.4500000000005975,0.10017296574256407
258.5,-5.770000000001059,-3.4460000000005975,1.1000973354904633,-5.770000000001059,-3.4460000000005975,0.10009733549046329
258.6,-5.764000000001059,-3.4420000000005975,1.1000217052383625,-5.764000000001059,-3.4420000000005975,0.10002170523836251
258.7,-5.758000000001059,-3.4380000000005975,1.0999460749862617,-5.758000000001059,-3.4380000000005975,0.09994607498626173
258.8,-5.7520000000010585,-3.4340000000005975,1.099870444734161,-5.7520000000010585,-3.4340000000005975,0.09987044473416096
258.90000000000003,-5.746000000001058,-3.4300000000005975,1.0997948144820602,-5.746000000001058,-3.4300000000005975,0.09979481448206018
259.0,-5.740000000001058,-3.4260000000005975,1.0997191842299594,-5.740000000001058,-3.4260000000005975,0.0997191842299594
259.1,-5.734000000001058,-3.4220000000005975,1.0996435539778586,-5.734000000001058,-3.4220000000005975,0.09964355397785862
259.2,-5.728000000001058,-3.4180000000005974,1.0995679237257578,-5.728000000001058,-3.4180000000005974,0.09956792372575785
259.3,-5.722000000001057,-3.4140000000005974,1.099492293473657,-5.722000000001057,-3.4140000000005974,0.09949229347365707
259.40000000000003,-5.716000000001057,-3.4100000000005974,1.0994166632215563,-5.716000000001057,-3.4100000000005974,0.09941666322155629
259.5,-5.710000000001057,-3.4060000000005974,1.0993410329694555,-5.710000000001057,-3.4060000000005974,0.09934103296945551
259.6,-5.704000000001057,-3.4020000000005974,1.0992654027173547,-5.704000000001057,-3.4020000000005974,0.09926540271735473
259.7,-5.698000000001056,-3.3980000000005974,1.099189772465254,-5.698000000001056,-3.3980000000005974,0.09918977246525396
259.8,-5.692000000001056,-3.3940000000005974,1.0991141422131532,-5.692000000001056,-3.3940000000005974,0.09911414221315318
259.90000000000003,-5.686000000001056,-3.3900000000005974,1.0990385119610524,-5.686000000001056,-3.3900000000005974,0.0990385119610524
260.0,-5.680000000001056,-3.3860000000005974,1.0989628817089516,-5.680000000001056,-3.3860000000005974,0.09896288170895162
260.1,-5.6740000000010555,-3.3820000000005974,1.0988872514568508,-5.6740000000010555,-3.3820000000005974,0.09888725145685084
260.2,-5.668000000001055,-3.3780000000005974,1.09881162120475,-5.668000000001055,-3.3780000000005974,0.09881162120475007
260.3,-5.662000000001055,-3.3740000000005974,1.0987359909526493,-5.662000000001055,-3.3740000000005974,0.09873599095264929
260.40000000000003,-5.656000000001055,-3.3700000000005974,1.0986603607005485,-5.656000000001055,-3.3700000000005974,0.09866036070054851
260.5,-5.650000000001055,-3.3660000000005974,1.0985847304484477,-5.650000000001055,-3.3660000000005974,0.09858473044844773
260.6,-5.644000000001054,-3.3620000000005974,1.098509100196347,-5.644000000001054,-3.3620000000005974,0.09850910019634695
260.7,-5.638000000001054,-3.3580000000005974,1.0984334699442462,-5.638000000001054,-3.3580000000005974,0.09843346994424618
260.8,-5.632000000001054,-3.3540000000005974,1.0983578396921454,-5.632000000001054,-3.3540000000005974,0.0983578396921454
260.90000000000003,-5.626000000001054,-3.3500000000005974,1.0982822094400446,-5.626000000001054,-3.3500000000005974,0.09828220944004462
261.0,-5.6200000000010535,-3.3460000000005974,1.0982065791879438,-5.6200000000010535,-3.3460000000005974,0.09820657918794384
261.1,-5.614000000001053,-3.3420000000005974,1.098130948935843,-5.614000000001053,-3.3420000000005974,0.09813094893584307
261.2,-5.608000000001053,-3.3380000000005974,1.0980553186837423,-5.608000000001053,-3.3380000000005974,0.09805531868374229
261.3,-5.602000000001053,-3.3340000000005974,1.0979796884316415,-5.602000000001053,-3.3340000000005974,0.09797968843164151
261.40000000000003,-5.596000000001053,-3.3300000000005974,1.0979040581795407,-5.596000000001053,-3.3300000000005974,0.09790405817954073
261.5,-5.590000000001052,-3.3260000000005974,1.09782842792744,-5.590000000001052,-3.3260000000005974,0.09782842792743995
261.6,-5.584000000001052,-3.3220000000005974,1.0977527976753392,-5.584000000001052,-3.3220000000005974,0.09775279767533918
261.7,-5.578000000001052,-3.3180000000005974,1.0976771674232384,-5.578000000001052,-3.3180000000005974,0.0976771674232384
261.8,-5.572000000001052,-3.3140000000005974,1.0976015371711376,-5.572000000001052,-3.3140000000005974,0.09760153717113762
261.90000000000003,-5.566000000001051,-3.3100000000005974,1.0975259069190368,-5.566000000001051,-3.3100000000005974,0.09752590691903684
262.0,-5.560000000001051,-3.3060000000005973,1.097450276666936,-5.560000000001051,-3.3060000000005973,0.09745027666693606
262.1,-5.554000000001051,-3.3020000000005973,1.0973746464148353,-5.554000000001051,-3.3020000000005973,0.09737464641483529
262.2,-5.548000000001051,-3.2980000000005973,1.0972990161627345,-5.548000000001051,-3.2980000000005973,0.09729901616273451
262.3,-5.5420000000010505,-3.2940000000005973,1.0972233859106337,-5.5420000000010505,-3.2940000000005973,0.09722338591063373
262.40000000000003,-5.53600000000105,-3.2900000000005973,1.097147755658533,-5.53600000000105,-3.2900000000005973,0.09714775565853295
262.5,-5.53000000000105,-3.2860000000005973,1.0970721254064322,-5.53000000000105,-3.2860000000005973,0.09707212540643217
262.6,-5.52400000000105,-3.2820000000005973,1.0969964951543314,-5.52400000000105,-3.2820000000005973,0.0969964951543314
262.7,-5.51800000000105,-3.2780000000005973,1.0969208649022306,-5.51800000000105,-3.2780000000005973,0.09692086490223062
262.8,-5.512000000001049,-3.2740000000005973,1.0968452346501298,-5.512000000001049,-3.2740000000005973,0.09684523465012984
262.90000000000003,-5.506000000001049,-3.2700000000005973,1.096769604398029,-5.506000000001049,-3.2700000000005973,0.09676960439802906
263.0,-5.500000000001049,-3.2660000000005973,1.0966939741459283,-5.500000000001049,-3.2660000000005973,0.09669397414592829
263.1,-5.494000000001049,-3.2620000000005973,1.0966183438938275,-5.494000000001049,-3.2620000000005973,0.09661834389382751
263.2,-5.4880000000010485,-3.2580000000005973,1.0965427136417267,-5.4880000000010485,-3.2580000000005973,0.09654271364172673
263.3,-5.482000000001048,-3.2540000000005973,1.096467083389626,-5.482000000001048,-3.2540000000005973,0.09646708338962595
263.40000000000003,-5.476000000001048,-3.2500000000005973,1.0963914531375252,-5.476000000001048,-3.2500000000005973,0.09639145313752517
263.5,-5.470000000001048,-3.2460000000005973,1.0963158228854244,-5.470000000001048,-3.2460000000005973,0.0963158228854244
263.6,-5.464000000001048,-3.2420000000005973,1.0962401926333236,-5.464000000001048,-3.2420000000005973,0.09624019263332362
263.7,-5.458000000001047,-3.2380000000005973,1.0961645623812228,-5.458000000001047,-3.2380000000005973,0.09616456238122284
263.8,-5.452000000001047,-3.2340000000005973,1.096088932129122,-5.452000000001047,-3.2340000000005973,0.09608893212912206
263.90000000000003,-5.446000000001047,-3.2300000000005973,1.0960133018770213,-5.446000000001047,-3.2300000000005973,0.09601330187702128
264.0,-5.440000000001047,-3.2260000000005973,1.0959376716249205,-5.440000000001047,-3.2260000000005973,0.0959376716249205
264.1,-5.434000000001046,-3.2220000000005973,1.0958620413728197,-5.434000000001046,-3.2220000000005973,0.09586204137281973
264.2,-5.428000000001046,-3.2180000000005973,1.095786411120719,-5.428000000001046,-3.2180000000005973,0.09578641112071895
264.3,-5.422000000001046,-3.2140000000005973,1.0957107808686182,-5.422000000001046,-3.2140000000005973,0.09571078086861817
264.40000000000003,-5.416000000001046,-3.2100000000005973,1.0956351506165174,-5.416000000001046,-3.2100000000005973,0.0956351506165174
264.5,-5.4100000000010455,-3.2060000000005973,1.0955595203644166,-5.4100000000010455,-3.2060000000005973,0.09555952036441662
264.6,-5.404000000001045,-3.2020000000005973,1.0954838901123158,-5.404000000001045,-3.2020000000005973,0.09548389011231584
264.7,-5.398000000001045,-3.1980000000005973,1.095408259860215,-5.398000000001045,-3.1980000000005973,0.09540825986021506
264.8,-5.392000000001045,-3.1940000000005973,1.0953326296081143,-5.392000000001045,-3.1940000000005973,0.09533262960811428
264.90000000000003,-5.386000000001045,-3.1900000000005972,1.0952569993560135,-5.386000000001045,-3.1900000000005972,0.0952569993560135
265.0,-5.380000000001044,-3.1860000000005972,1.0951813691039127,-5.380000000001044,-3.1860000000005972,0.09518136910391273
265.1,-5.374000000001044,-3.1820000000005972,1.095105738851812,-5.374000000001044,-3.1820000000005972,0.09510573885181195
265.2,-5.368000000001044,-3.1780000000005972,1.0950301085997112,-5.368000000001044,-3.1780000000005972,0.09503010859971117
265.3,-5.362000000001044,-3.1740000000005972,1.0949544783476104,-5.362000000001044,-3.1740000000005972,0.0949544783476104
265.40000000000003,-5.3560000000010435,-3.1700000000005972,1.0948788480955096,-5.3560000000010435,-3.1700000000005972,0.09487884809550962
265.5,-5.350000000001043,-3.1660000000005972,1.0948032178434088,-5.350000000001043,-3.1660000000005972,0.09480321784340884
265.6,-5.344000000001043,-3.162000000000597,1.094727587591308,-5.344000000001043,-3.162000000000597,0.09472758759130806
265.7,-5.338000000001043,-3.158000000000597,1.0946519573392073,-5.338000000001043,-3.158000000000597,0.09465195733920728
265.8,-5.332000000001043,-3.154000000000597,1.0945763270871065,-5.332000000001043,-3.154000000000597,0.0945763270871065
265.90000000000003,-5.326000000001042,-3.150000000000597,1.0945006968350057,-5.326000000001042,-3.150000000000597,0.09450069683500573
266.0,-5.320000000001042,-3.146000000000597,1.094425066582905,-5.320000000001042,-3.146000000000597,0.09442506658290495
266.1,-5.314000000001042,-3.142000000000597,1.0943494363308042,-5.314000000001042,-3.142000000000597,0.09434943633080417
266.2,-5.308000000001042,-3.138000000000597,1.0942738060787034,-5.308000000001042,-3.138000000000597,0.09427380607870339
266.3,-5.302000000001041,-3.134000000000597,1.0941981758266026,-5.302000000001041,-3.134000000000597,0.09419817582660261
266.40000000000003,-5.296000000001041,-3.130000000000597,1.0941225455745018,-5.296000000001041,-3.130000000000597,0.09412254557450184
266.5,-5.290000000001041,-3.126000000000597,1.094046915322401,-5.290000000001041,-3.126000000000597,0.09404691532240106
266.6,-5.284000000001041,-3.122000000000597,1.0939712850703003,-5.284000000001041,-3.122000000000597,0.09397128507030028
266.7,-5.2780000000010405,-3.118000000000597,1.0938956548181995,-5.2780000000010405,-3.118000000000597,0.0938956548181995
266.8,-5.27200000000104,-3.114000000000597,1.0938200245660987,-5.27200000000104,-3.114000000000597,0.09382002456609873
266.90000000000003,-5.26600000000104,-3.110000000000597,1.093744394313998,-5.26600000000104,-3.110000000000597,0.09374439431399795
267.0,-5.26000000000104,-3.106000000000597,1.0936687640618972,-5.26000000000104,-3.106000000000597,0.09366876406189717
267.1,-5.25400000000104,-3.102000000000597,1.0935931338097964,-5.25400000000104,-3.102000000000597,0.09359313380979639
267.2,-5.248000000001039,-3.098000000000597,1.0935175035576956,-5.248000000001039,-3.098000000000597,0.09351750355769561
267.3,-5.242000000001039,-3.094000000000597,1.0934418733055948,-5.242000000001039,-3.094000000000597,0.09344187330559484
267.40000000000003,-5.236000000001039,-3.090000000000597,1.093366243053494,-5.236000000001039,-3.090000000000597,0.09336624305349406
267.5,-5.230000000001039,-3.086000000000597,1.0932906128013933,-5.230000000001039,-3.086000000000597,0.09329061280139328
267.6,-5.2240000000010385,-3.082000000000597,1.0932149825492925,-5.2240000000010385,-3.082000000000597,0.0932149825492925
267.7,-5.218000000001038,-3.078000000000597,1.0931393522971917,-5.218000000001038,-3.078000000000597,0.09313935229719172
267.8,-5.212000000001038,-3.074000000000597,1.093063722045091,-5.212000000001038,-3.074000000000597,0.09306372204509095
267.90000000000003,-5.206000000001038,-3.070000000000597,1.0929880917929902,-5.206000000001038,-3.070000000000597,0.09298809179299017
268.0,-5.200000000001038,-3.066000000000597,1.0929124615408894,-5.200000000001038,-3.066000000000597,0.09291246154088939
268.1,-5.194000000001037,-3.062000000000597,1.0928368312887886,-5.194000000001037,-3.062000000000597,0.09283683128878861
268.2,-5.188000000001037,-3.058000000000597,1.0927612010366878,-5.188000000001037,-3.058000000000597,0.09276120103668783
268.3,-5.182000000001037,-3.054000000000597,1.092685570784587,-5.182000000001037,-3.054000000000597,0.09268557078458706
268.40000000000003,-5.176000000001037,-3.050000000000597,1.0926099405324863,-5.176000000001037,-3.050000000000597,0.09260994053248628
268.5,-5.170000000001036,-3.046000000000597,1.0925343102803855,-5.170000000001036,-3.046000000000597,0.0925343102803855
268.6,-5.164000000001036,-3.042000000000597,1.0924586800282847,-5.164000000001036,-3.042000000000597,0.09245868002828472
268.7,-5.158000000001036,-3.038000000000597,1.092383049776184,-5.158000000001036,-3.038000000000597,0.09238304977618395
268.8,-5.152000000001036,-3.034000000000597,1.0923074195240832,-5.152000000001036,-3.034000000000597,0.09230741952408317
268.90000000000003,-5.1460000000010355,-3.030000000000597,1.0922317892719824,-5.1460000000010355,-3.030000000000597,0.09223178927198239
269.0,-5.140000000001035,-3.026000000000597,1.0921561590198816,-5.140000000001035,-3.026000000000597,0.09215615901988161
269.1,-5.134000000001035,-3.022000000000597,1.0920805287677808,-5.134000000001035,-3.022000000000597,0.09208052876778083
269.2,-5.128000000001035,-3.018000000000597,1.09200489851568,-5.128000000001035,-3.018000000000597,0.09200489851568006
269.3,-5.122000000001035,-3.014000000000597,1.0919292682635793,-5.122000000001035,-3.014000000000597,0.09192926826357928
269.40000000000003,-5.116000000001034,-3.010000000000597,1.0918536380114785,-5.116000000001034,-3.010000000000597,0.0918536380114785
269.5,-5.110000000001034,-3.006000000000597,1.0917780077593777,-5.110000000001034,-3.006000000000597,0.09177800775937772
269.6,-5.104000000001034,-3.002000000000597,1.091702377507277,-5.104000000001034,-3.002000000000597,0.09170237750727694
269.7,-5.098000000001034,-2.998000000000597,1.0916267472551762,-5.098000000001034,-2.998000000000597,0.09162674725517617
269.8,-5.0920000000010335,-2.994000000000597,1.0915511170030754,-5.0920000000010335,-2.994000000000597,0.09155111700307539
269.90000000000003,-5.086000000001033,-2.991000000000597,1.0914754867509746,-5.086000000001033,-2.991000000000597,0.09147548675097461
270.0,-5.080000000001033,-2.988000000000597,1.0913998564988738,-5.080000000001033,-2.988000000000597,0.09139985649887383
270.1,-5.074000000001033,-2.9850000000005967,1.091324226246773,-5.074000000001033,-2.9850000000005967,0.09132422624677305
270.2,-5.068000000001033,-2.9820000000005966,1.0912485959946723,-5.068000000001033,-2.9820000000005966,0.09124859599467228
270.3,-5.062000000001032,-2.9790000000005965,1.0911729657425715,-5.062000000001032,-2.9790000000005965,0.0911729657425715
270.40000000000003,-5.056000000001032,-2.9760000000005964,1.0910973354904707,-5.056000000001032,-2.9760000000005964,0.09109733549047072
270.5,-5.050000000001032,-2.9730000000005963,1.09102170523837,-5.050000000001032,-2.9730000000005963,0.09102170523836994
270.6,-5.044000000001032,-2.970000000000596,1.0909460749862692,-5.044000000001032,-2.970000000000596,0.09094607498626917
270.7,-5.038000000001031,-2.967000000000596,1.0908704447341684,-5.038000000001031,-2.967000000000596,0.09087044473416839
270.8,-5.032000000001031,-2.964000000000596,1.0907948144820676,-5.032000000001031,-2.964000000000596,0.09079481448206761
270.90000000000003,-5.026000000001031,-2.961000000000596,1.0907191842299668,-5.026000000001031,-2.961000000000596,0.09071918422996683
271.0,-5.020000000001031,-2.9580000000005957,1.090643553977866,-5.020000000001031,-2.9580000000005957,0.09064355397786605
271.1,-5.0140000000010305,-2.9550000000005956,1.0905679237257653,-5.0140000000010305,-2.9550000000005956,0.09056792372576528
271.2,-5.00800000000103,-2.9520000000005955,1.0904922934736645,-5.00800000000103,-2.9520000000005955,0.0904922934736645
271.3,-5.00200000000103,-2.9490000000005954,1.0904166632215637,-5.00200000000103,-2.9490000000005954,0.09041666322156372
271.40000000000003,-4.99600000000103,-2.9460000000005953,1.090341032969463,-4.99600000000103,-2.9460000000005953,0.09034103296946294
271.5,-4.99000000000103,-2.943000000000595,1.0902654027173622,-4.99000000000103,-2.943000000000595,0.09026540271736216
271.6,-4.98500000000103,-2.940000000000595,1.0901897724652614,-4.98500000000103,-2.940000000000595,0.09018977246526139
271.7,-4.98000000000103,-2.937000000000595,1.0901141422131606,-4.98000000000103,-2.937000000000595,0.09011414221316061
271.8,-4.97500000000103,-2.934000000000595,1.0900385119610598,-4.97500000000103,-2.934000000000595,0.09003851196105983
271.90000000000003,-4.97000000000103,-2.9310000000005947,1.089962881708959,-4.97000000000103,-2.9310000000005947,0.08996288170895905
272.0,-4.96500000000103,-2.9280000000005946,1.0898872514568583,-4.96500000000103,-2.9280000000005946,0.08988725145685827
272.1,-4.96000000000103,-2.9250000000005945,1.0898116212047575,-4.96000000000103,-2.9250000000005945,0.0898116212047575
272.2,-4.95500000000103,-2.9220000000005943,1.0897359909526567,-4.95500000000103,-2.9220000000005943,0.08973599095265672
272.3,-4.9500000000010305,-2.9190000000005942,1.089660360700556,-4.9500000000010305,-2.9190000000005942,0.08966036070055594
272.40000000000003,-4.945000000001031,-2.916000000000594,1.0895847304484552,-4.945000000001031,-2.916000000000594,0.08958473044845516
272.5,-4.940000000001031,-2.913000000000594,1.0895091001963544,-4.940000000001031,-2.913000000000594,0.08950910019635439
272.6,-4.935000000001031,-2.910000000000594,1.0894334699442536,-4.935000000001031,-2.910000000000594,0.08943346994425361
272.7,-4.930000000001031,-2.9070000000005938,1.0893578396921528,-4.930000000001031,-2.9070000000005938,0.08935783969215283
272.8,-4.925000000001031,-2.9040000000005937,1.089282209440052,-4.925000000001031,-2.9040000000005937,0.08928220944005205
272.90000000000003,-4.920000000001031,-2.9010000000005935,1.0892065791879513,-4.920000000001031,-2.9010000000005935,0.08920657918795127
273.0,-4.915000000001031,-2.8980000000005934,1.0891309489358505,-4.915000000001031,-2.8980000000005934,0.0891309489358505
273.1,-4.910000000001031,-2.8950000000005933,1.0890553186837497,-4.910000000001031,-2.8950000000005933,0.08905531868374972
273.2,-4.905000000001031,-2.892000000000593,1.088979688431649,-4.905000000001031,-2.892000000000593,0.08897968843164894
273.3,-4.9000000000010315,-2.889000000000593,1.0889040581795482,-4.9000000000010315,-2.889000000000593,0.08890405817954816
273.40000000000003,-4.895000000001032,-2.886000000000593,1.0888284279274474,-4.895000000001032,-2.886000000000593,0.08882842792744738
273.5,-4.890000000001032,-2.883000000000593,1.0887527976753466,-4.890000000001032,-2.883000000000593,0.0887527976753466
273.6,-4.885000000001032,-2.8800000000005928,1.0886771674232458,-4.885000000001032,-2.8800000000005928,0.08867716742324583
273.7,-4.880000000001032,-2.8770000000005926,1.088601537171145,-4.880000000001032,-2.8770000000005926,0.08860153717114505
273.8,-4.875000000001032,-2.8740000000005925,1.0885259069190443,-4.875000000001032,-2.8740000000005925,0.08852590691904427
273.90000000000003,-4.870000000001032,-2.8710000000005924,1.0884502766669435,-4.870000000001032,-2.8710000000005924,0.0884502766669435
274.0,-4.865000000001032,-2.8680000000005923,1.0883746464148427,-4.865000000001032,-2.8680000000005923,0.08837464641484272
274.1,-4.860000000001032,-2.865000000000592,1.088299016162742,-4.860000000001032,-2.865000000000592,0.08829901616274194
274.2,-4.8550000000010325,-2.862000000000592,1.0882233859106412,-4.8550000000010325,-2.862000000000592,0.08822338591064116
274.3,-4.850000000001033,-2.859000000000592,1.0881477556585404,-4.850000000001033,-2.859000000000592,0.08814775565854038
274.40000000000003,-4.845000000001033,-2.856000000000592,1.0880721254064396,-4.845000000001033,-2.856000000000592,0.0880721254064396
274.5,-4.840000000001033,-2.8530000000005917,1.0879964951543388,-4.840000000001033,-2.8530000000005917,0.08799649515433883
274.6,-4.835000000001033,-2.8500000000005916,1.087920864902238,-4.835000000001033,-2.8500000000005916,0.08792086490223805
274.7,-4.830000000001033,-2.8470000000005915,1.0878452346501373,-4.830000000001033,-2.8470000000005915,0.08784523465013727
274.8,-4.825000000001033,-2.8440000000005914,1.0877696043980365,-4.825000000001033,-2.8440000000005914,0.0877696043980365
274.90000000000003,-4.820000000001033,-2.8410000000005913,1.0876939741459357,-4.820000000001033,-2.8410000000005913,0.08769397414593572
275.0,-4.815000000001033,-2.838000000000591,1.087618343893835,-4.815000000001033,-2.838000000000591,0.08761834389383494
275.1,-4.8100000000010334,-2.835000000000591,1.0875427136417342,-4.8100000000010334,-2.835000000000591,0.08754271364173416
275.2,-4.8050000000010336,-2.832000000000591,1.0874670833896334,-4.8050000000010336,-2.832000000000591,0.08746708338963338
275.3,-4.800000000001034,-2.829000000000591,1.0873914531375326,-4.800000000001034,-2.829000000000591,0.0873914531375326
275.40000000000003,-4.795000000001034,-2.8260000000005907,1.0873158228854318,-4.795000000001034,-2.8260000000005907,0.08731582288543183
275.5,-4.790000000001034,-2.8230000000005906,1.087240192633331,-4.790000000001034,-2.8230000000005906,0.08724019263333105
275.6,-4.785000000001034,-2.8200000000005905,1.0871645623812303,-4.785000000001034,-2.8200000000005905,0.08716456238123027
275.7,-4.780000000001034,-2.8170000000005904,1.0870889321291295,-4.780000000001034,-2.8170000000005904,0.08708893212912949
275.8,-4.775000000001034,-2.8140000000005903,1.0870133018770287,-4.775000000001034,-2.8140000000005903,0.08701330187702871
275.90000000000003,-4.770000000001034,-2.81100000000059,1.086937671624928,-4.770000000001034,-2.81100000000059,0.08693767162492794
276.0,-4.765000000001034,-2.80800000000059,1.0868620413728272,-4.765000000001034,-2.80800000000059,0.08686204137282716
276.1,-4.7600000000010345,-2.80500000000059,1.0867864111207264,-4.7600000000010345,-2.80500000000059,0.08678641112072638
276.2,-4.755000000001035,-2.80200000000059,1.0867107808686256,-4.755000000001035,-2.80200000000059,0.0867107808686256
276.3,-4.750000000001035,-2.7990000000005897,1.0866351506165248,-4.750000000001035,-2.7990000000005897,0.08663515061652483
276.40000000000003,-4.745000000001035,-2.7960000000005896,1.086559520364424,-4.745000000001035,-2.7960000000005896,0.08655952036442405
276.5,-4.740000000001035,-2.7930000000005895,1.0864838901123233,-4.740000000001035,-2.7930000000005895,0.08648389011232327
276.6,-4.735000000001035,-2.7900000000005893,1.0864082598602225,-4.735000000001035,-2.7900000000005893,0.08640825986022249
276.7,-4.730000000001035,-2.7870000000005892,1.0863326296081217,-4.730000000001035,-2.7870000000005892,0.08633262960812171
276.8,-4.725000000001035,-2.784000000000589,1.086256999356021,-4.725000000001035,-2.784000000000589,0.08625699935602094
276.90000000000003,-4.720000000001035,-2.781000000000589,1.0861813691039202,-4.720000000001035,-2.781000000000589,0.08618136910392016
277.0,-4.7150000000010355,-2.778000000000589,1.0861057388518194,-4.7150000000010355,-2.778000000000589,0.08610573885181938
277.1,-4.710000000001036,-2.7750000000005888,1.0860301085997186,-4.710000000001036,-2.7750000000005888,0.0860301085997186
277.2,-4.705000000001036,-2.7720000000005887,1.0859544783476178,-4.705000000001036,-2.7720000000005887,0.08595447834761782
277.3,-4.700000000001036,-2.7690000000005885,1.085878848095517,-4.700000000001036,-2.7690000000005885,0.08587884809551705
277.40000000000003,-4.695000000001036,-2.7660000000005884,1.0858032178434163,-4.695000000001036,-2.7660000000005884,0.08580321784341627
277.5,-4.690000000001036,-2.7630000000005883,1.0857275875913155,-4.690000000001036,-2.7630000000005883,0.08572758759131549
277.6,-4.685000000001036,-2.760000000000588,1.0856519573392147,-4.685000000001036,-2.760000000000588,0.08565195733921471
277.7,-4.680000000001036,-2.757000000000588,1.085576327087114,-4.680000000001036,-2.757000000000588,0.08557632708711393
277.8,-4.675000000001036,-2.754000000000588,1.0855006968350132,-4.675000000001036,-2.754000000000588,0.08550069683501316
277.90000000000003,-4.670000000001036,-2.751000000000588,1.0854250665829124,-4.670000000001036,-2.751000000000588,0.08542506658291238
278.0,-4.6650000000010365,-2.7480000000005878,1.0853494363308116,-4.6650000000010365,-2.7480000000005878,0.0853494363308116
278.1,-4.660000000001037,-2.7450000000005876,1.0852738060787108,-4.660000000001037,-2.7450000000005876,0.08527380607871082
278.2,-4.655000000001037,-2.7420000000005875,1.08519817582661,-4.655000000001037,-2.7420000000005875,0.08519817582661005
278.3,-4.650000000001037,-2.7390000000005874,1.0851225455745093,-4.650000000001037,-2.7390000000005874,0.08512254557450927
278.40000000000003,-4.645000000001037,-2.7360000000005873,1.0850469153224085,-4.645000000001037,-2.7360000000005873,0.08504691532240849
278.5,-4.640000000001037,-2.733000000000587,1.0849712850703077,-4.640000000001037,-2.733000000000587,0.08497128507030771
278.6,-4.635000000001037,-2.730000000000587,1.084895654818207,-4.635000000001037,-2.730000000000587,0.08489565481820693
278.7,-4.630000000001037,-2.727000000000587,1.0848200245661062,-4.630000000001037,-2.727000000000587,0.08482002456610616
278.8,-4.625000000001037,-2.724000000000587,1.0847443943140054,-4.625000000001037,-2.724000000000587,0.08474439431400538
278.90000000000003,-4.6200000000010375,-2.7210000000005867,1.0846687640619046,-4.6200000000010375,-2.7210000000005867,0.0846687640619046
279.0,-4.615000000001038,-2.7180000000005866,1.0846109128222352,-4.615000000001038,-2.7180000000005866,0.0846109128222352
279.1,-4.610000000001038,-2.7150000000005865,1.0845530615825658,-4.610000000001038,-2.7150000000005865,0.08455306158256581
279.2,-4.605000000001038,-2.7120000000005864,1.0844952103428964,-4.605000000001038,-2.7120000000005864,0.08449521034289642
279.3,-4.600000000001038,-2.7090000000005863,1.084437359103227,-4.600000000001038,-2.7090000000005863,0.08443735910322703
279.40000000000003,-4.595000000001038,-2.706000000000586,1.0843795078635576,-4.595000000001038,-2.706000000000586,0.08437950786355763
279.5,-4.590000000001038,-2.703000000000586,1.0843216566238882,-4.590000000001038,-2.703000000000586,0.08432165662388824
279.6,-4.585000000001038,-2.700000000000586,1.0842638053842188,-4.585000000001038,-2.700000000000586,0.08426380538421885
279.7,-4.580000000001038,-2.697000000000586,1.0842059541445495,-4.580000000001038,-2.697000000000586,0.08420595414454946
279.8,-4.5750000000010385,-2.6940000000005857,1.08414810290488,-4.5750000000010385,-2.6940000000005857,0.08414810290488006
279.90000000000003,-4.570000000001039,-2.6910000000005856,1.0840902516652107,-4.570000000001039,-2.6910000000005856,0.08409025166521067
280.0,-4.565000000001039,-2.6880000000005855,1.0840324004255413,-4.565000000001039,-2.6880000000005855,0.08403240042554128
280.1,-4.560000000001039,-2.6850000000005854,1.0839745491858719,-4.560000000001039,-2.6850000000005854,0.08397454918587188
280.2,-4.555000000001039,-2.6820000000005852,1.0839166979462025,-4.555000000001039,-2.6820000000005852,0.08391669794620249
280.3,-4.550000000001039,-2.679000000000585,1.083858846706533,-4.550000000001039,-2.679000000000585,0.0838588467065331
280.40000000000003,-4.545000000001039,-2.676000000000585,1.0838009954668637,-4.545000000001039,-2.676000000000585,0.0838009954668637
280.5,-4.540000000001039,-2.673000000000585,1.0837431442271943,-4.540000000001039,-2.673000000000585,0.08374314422719431
280.6,-4.535000000001039,-2.670000000000585,1.083685292987525,-4.535000000001039,-2.670000000000585,0.08368529298752492
280.7,-4.530000000001039,-2.6670000000005847,1.0836274417478555,-4.530000000001039,-2.6670000000005847,0.08362744174785552
280.8,-4.5250000000010395,-2.6640000000005846,1.0835695905081861,-4.5250000000010395,-2.6640000000005846,0.08356959050818613
280.90000000000003,-4.52000000000104,-2.6610000000005845,1.0835117392685167,-4.52000000000104,-2.6610000000005845,0.08351173926851674
281.0,-4.51500000000104,-2.6580000000005843,1.0834538880288473,-4.51500000000104,-2.6580000000005843,0.08345388802884735
281.1,-4.51000000000104,-2.6550000000005842,1.083396036789178,-4.51000000000104,-2.6550000000005842,0.08339603678917795
281.2,-4.50500000000104,-2.652000000000584,1.0833381855495086,-4.50500000000104,-2.652000000000584,0.08333818554950856
281.3,-4.50000000000104,-2.649000000000584,1.0832803343098392,-4.50000000000104,-2.649000000000584,0.08328033430983917
281.40000000000003,-4.49500000000104,-2.646000000000584,1.0832224830701698,-4.49500000000104,-2.646000000000584,0.08322248307016977
281.5,-4.49000000000104,-2.6430000000005838,1.0831646318305004,-4.49000000000104,-2.6430000000005838,0.08316463183050038
281.6,-4.48500000000104,-2.6400000000005837,1.083106780590831,-4.48500000000104,-2.6400000000005837,0.08310678059083099
281.7,-4.4800000000010405,-2.6370000000005835,1.0830489293511616,-4.4800000000010405,-2.6370000000005835,0.0830489293511616
281.8,-4.475000000001041,-2.6340000000005834,1.0829910781114922,-4.475000000001041,-2.6340000000005834,0.0829910781114922
281.90000000000003,-4.470000000001041,-2.6310000000005833,1.0829332268718228,-4.470000000001041,-2.6310000000005833,0.08293322687182281
282.0,-4.465000000001041,-2.628000000000583,1.0828753756321534,-4.465000000001041,-2.628000000000583,0.08287537563215341
282.1,-4.460000000001041,-2.625000000000583,1.082817524392484,-4.460000000001041,-2.625000000000583,0.08281752439248402
282.2,-4.455000000001041,-2.622000000000583,1.0827596731528146,-4.455000000001041,-2.622000000000583,0.08275967315281463
282.3,-4.450000000001041,-2.619000000000583,1.0827018219131452,-4.450000000001041,-2.619000000000583,0.08270182191314523
282.40000000000003,-4.445000000001041,-2.6160000000005827,1.0826439706734758,-4.445000000001041,-2.6160000000005827,0.08264397067347584
282.5,-4.440000000001041,-2.6130000000005826,1.0825861194338064,-4.440000000001041,-2.6130000000005826,0.08258611943380645
282.6,-4.435000000001041,-2.6100000000005825,1.082528268194137,-4.435000000001041,-2.6100000000005825,0.08252826819413706
282.7,-4.4300000000010415,-2.6070000000005824,1.0824704169544677,-4.4300000000010415,-2.6070000000005824,0.08247041695446766
282.8,-4.425000000001042,-2.6040000000005823,1.0824125657147983,-4.425000000001042,-2.6040000000005823,0.08241256571479827
282.90000000000003,-4.420000000001042,-2.601000000000582,1.0823547144751289,-4.420000000001042,-2.601000000000582,0.08235471447512888
283.0,-4.415000000001042,-2.598000000000582,1.0822968632354595,-4.415000000001042,-2.598000000000582,0.08229686323545948
283.1,-4.410000000001042,-2.595000000000582,1.08223901199579,-4.410000000001042,-2.595000000000582,0.08223901199579009
283.2,-4.405000000001042,-2.592000000000582,1.0821811607561207,-4.405000000001042,-2.592000000000582,0.0821811607561207
283.3,-4.400000000001042,-2.5890000000005817,1.0821233095164513,-4.400000000001042,-2.5890000000005817,0.0821233095164513
283.40000000000003,-4.395000000001042,-2.5860000000005816,1.082065458276782,-4.395000000001042,-2.5860000000005816,0.08206545827678191
283.5,-4.390000000001042,-2.5830000000005815,1.0820076070371125,-4.390000000001042,-2.5830000000005815,0.08200760703711252
283.6,-4.3850000000010425,-2.5800000000005814,1.0819497557974431,-4.3850000000010425,-2.5800000000005814,0.08194975579744312
283.7,-4.380000000001043,-2.5770000000005813,1.0818919045577737,-4.380000000001043,-2.5770000000005813,0.08189190455777373
283.8,-4.375000000001043,-2.574000000000581,1.0818340533181043,-4.375000000001043,-2.574000000000581,0.08183405331810434
283.90000000000003,-4.370000000001043,-2.571000000000581,1.081776202078435,-4.370000000001043,-2.571000000000581,0.08177620207843495
284.0,-4.365000000001043,-2.568000000000581,1.0817183508387656,-4.365000000001043,-2.568000000000581,0.08171835083876555
284.1,-4.360000000001043,-2.565000000000581,1.0816604995990962,-4.360000000001043,-2.565000000000581,0.08166049959909616
284.2,-4.355000000001043,-2.5620000000005807,1.0816026483594268,-4.355000000001043,-2.5620000000005807,0.08160264835942677
284.3,-4.350000000001043,-2.5590000000005806,1.0815447971197574,-4.350000000001043,-2.5590000000005806,0.08154479711975737
284.40000000000003,-4.345000000001043,-2.5560000000005805,1.081486945880088,-4.345000000001043,-2.5560000000005805,0.08148694588008798
284.5,-4.3400000000010435,-2.5530000000005804,1.0814290946404186,-4.3400000000010435,-2.5530000000005804,0.08142909464041859
284.6,-4.335000000001044,-2.5500000000005802,1.0813712434007492,-4.335000000001044,-2.5500000000005802,0.0813712434007492
284.7,-4.330000000001044,-2.54700000000058,1.0813133921610798,-4.330000000001044,-2.54700000000058,0.0813133921610798
284.8,-4.325000000001044,-2.54400000000058,1.0812555409214104,-4.325000000001044,-2.54400000000058,0.08125554092141041
284.90000000000003,-4.320000000001044,-2.54100000000058,1.081197689681741,-4.320000000001044,-2.54100000000058,0.08119768968174101
285.0,-4.315000000001044,-2.53800000000058,1.0811398384420716,-4.315000000001044,-2.53800000000058,0.08113983844207162
285.1,-4.310000000001044,-2.5350000000005797,1.0810819872024022,-4.310000000001044,-2.5350000000005797,0.08108198720240223
285.2,-4.305000000001044,-2.5320000000005796,1.0810241359627328,-4.305000000001044,-2.5320000000005796,0.08102413596273284
285.3,-4.300000000001044,-2.5290000000005795,1.0809662847230634,-4.300000000001044,-2.5290000000005795,0.08096628472306344
285.40000000000003,-4.295000000001044,-2.5260000000005793,1.080908433483394,-4.295000000001044,-2.5260000000005793,0.08090843348339405
285.5,-4.2900000000010445,-2.5230000000005792,1.0808505822437247,-4.2900000000010445,-2.5230000000005792,0.08085058224372466
285.6,-4.285000000001045,-2.520000000000579,1.0807927310040553,-4.285000000001045,-2.520000000000579,0.08079273100405526
285.7,-4.280000000001045,-2.517000000000579,1.0807348797643859,-4.280000000001045,-2.517000000000579,0.08073487976438587
285.8,-4.275000000001045,-2.514000000000579,1.0806770285247165,-4.275000000001045,-2.514000000000579,0.08067702852471648
285.90000000000003,-4.270000000001045,-2.5110000000005788,1.080619177285047,-4.270000000001045,-2.5110000000005788,0.08061917728504708
286.0,-4.265000000001045,-2.5080000000005787,1.0805613260453777,-4.265000000001045,-2.5080000000005787,0.08056132604537769
286.1,-4.260000000001045,-2.5050000000005785,1.0805034748057083,-4.260000000001045,-2.5050000000005785,0.0805034748057083
286.2,-4.255000000001045,-2.5020000000005784,1.080445623566039,-4.255000000001045,-2.5020000000005784,0.0804456235660389
286.3,-4.250000000001045,-2.4990000000005783,1.0803877723263695,-4.250000000001045,-2.4990000000005783,0.08038777232636951
286.40000000000003,-4.2450000000010455,-2.496000000000578,1.0803299210867001,-4.2450000000010455,-2.496000000000578,0.08032992108670012
286.5,-4.240000000001046,-2.493000000000578,1.0802720698470307,-4.240000000001046,-2.493000000000578,0.08027206984703072
286.6,-4.235000000001046,-2.490000000000578,1.0802142186073613,-4.235000000001046,-2.490000000000578,0.08021421860736133
286.7,-4.230000000001046,-2.487000000000578,1.080156367367692,-4.230000000001046,-2.487000000000578,0.08015636736769194
286.8,-4.225000000001046,-2.4840000000005777,1.0800985161280225,-4.225000000001046,-2.4840000000005777,0.08009851612802255
286.90000000000003,-4.220000000001046,-2.4810000000005776,1.0800406648883532,-4.220000000001046,-2.4810000000005776,0.08004066488835315
287.0,-4.215000000001046,-2.4780000000005775,1.0799828136486838,-4.215000000001046,-2.4780000000005775,0.07998281364868376
287.1,-4.210000000001046,-2.4750000000005774,1.0799249624090144,-4.210000000001046,-2.4750000000005774,0.07992496240901437
287.2,-4.205000000001046,-2.4720000000005773,1.079867111169345,-4.205000000001046,-2.4720000000005773,0.07986711116934497
287.3,-4.2000000000010465,-2.469000000000577,1.0798092599296756,-4.2000000000010465,-2.469000000000577,0.07980925992967558
287.40000000000003,-4.195000000001047,-2.466000000000577,1.0797514086900062,-4.195000000001047,-2.466000000000577,0.07975140869000619
287.5,-4.190000000001047,-2.463000000000577,1.0796935574503368,-4.190000000001047,-2.463000000000577,0.0796935574503368
287.6,-4.185000000001047,-2.460000000000577,1.0796357062106674,-4.185000000001047,-2.460000000000577,0.0796357062106674
287.7,-4.180000000001047,-2.4570000000005767,1.079577854970998,-4.180000000001047,-2.4570000000005767,0.07957785497099801
287.8,-4.175000000001047,-2.4540000000005766,1.0795200037313286,-4.175000000001047,-2.4540000000005766,0.07952000373132861
287.90000000000003,-4.170000000001047,-2.4510000000005765,1.0794621524916592,-4.170000000001047,-2.4510000000005765,0.07946215249165922
288.0,-4.165000000001047,-2.4480000000005764,1.0794043012519898,-4.165000000001047,-2.4480000000005764,0.07940430125198983
288.1,-4.160000000001047,-2.4450000000005763,1.0793464500123204,-4.160000000001047,-2.4450000000005763,0.07934645001232044
288.2,-4.155000000001047,-2.442000000000576,1.079288598772651,-4.155000000001047,-2.442000000000576,0.07928859877265104
288.3,-4.1500000000010475,-2.439000000000576,1.0792307475329816,-4.1500000000010475,-2.439000000000576,0.07923074753298165
288.40000000000003,-4.145000000001048,-2.436000000000576,1.0791728962933123,-4.145000000001048,-2.436000000000576,0.07917289629331226
288.5,-4.140000000001048,-2.433000000000576,1.0791150450536429,-4.140000000001048,-2.433000000000576,0.07911504505364286
288.6,-4.135000000001048,-2.4300000000005757,1.0790571938139735,-4.135000000001048,-2.4300000000005757,0.07905719381397347
288.7,-4.130000000001048,-2.4270000000005756,1.078999342574304,-4.130000000001048,-2.4270000000005756,0.07899934257430408
288.8,-4.125000000001048,-2.4240000000005755,1.0789414913346347,-4.125000000001048,-2.4240000000005755,0.07894149133463468
288.90000000000003,-4.120000000001048,-2.4210000000005754,1.0788836400949653,-4.120000000001048,-2.4210000000005754,0.07888364009496529
289.0,-4.115000000001048,-2.4180000000005752,1.078825788855296,-4.115000000001048,-2.4180000000005752,0.0788257888552959
289.1,-4.110000000001048,-2.415000000000575,1.0787679376156265,-4.110000000001048,-2.415000000000575,0.0787679376156265
289.2,-4.1050000000010485,-2.412000000000575,1.0787100863759571,-4.1050000000010485,-2.412000000000575,0.07871008637595711
289.3,-4.100000000001049,-2.409000000000575,1.0786522351362877,-4.100000000001049,-2.409000000000575,0.07865223513628772
289.40000000000003,-4.095000000001049,-2.406000000000575,1.0785943838966183,-4.095000000001049,-2.406000000000575,0.07859438389661833
289.5,-4.090000000001049,-2.4030000000005747,1.078536532656949,-4.090000000001049,-2.4030000000005747,0.07853653265694893
289.6,-4.085000000001049,-2.4000000000005746,1.0784786814172795,-4.085000000001049,-2.4000000000005746,0.07847868141727954
289.7,-4.080000000001049,-2.3970000000005744,1.0784208301776101,-4.080000000001049,-2.3970000000005744,0.07842083017761015
289.8,-4.075000000001049,-2.3940000000005743,1.0783629789379408,-4.075000000001049,-2.3940000000005743,0.07836297893794075
289.90000000000003,-4.070000000001049,-2.391000000000574,1.0783051276982714,-4.070000000001049,-2.391000000000574,0.07830512769827136
290.0,-4.065000000001049,-2.388000000000574,1.078247276458602,-4.065000000001049,-2.388000000000574,0.07824727645860197
290.1,-4.060000000001049,-2.385000000000574,1.0781894252189326,-4.060000000001049,-2.385000000000574,0.07818942521893257
290.2,-4.0550000000010495,-2.382000000000574,1.0781315739792632,-4.0550000000010495,-2.382000000000574,0.07813157397926318
290.3,-4.05000000000105,-2.3790000000005738,1.0780737227395938,-4.05000000000105,-2.3790000000005738,0.07807372273959379
290.40000000000003,-4.04500000000105,-2.3760000000005737,1.0780158714999244,-4.04500000000105,-2.3760000000005737,0.0780158714999244
290.5,-4.04000000000105,-2.3730000000005735,1.077958020260255,-4.04000000000105,-2.3730000000005735,0.077958020260255
290.6,-4.03500000000105,-2.3700000000005734,1.0779001690205856,-4.03500000000105,-2.3700000000005734,0.07790016902058561
290.7,-4.03000000000105,-2.3670000000005733,1.0778423177809162,-4.03000000000105,-2.3670000000005733,0.07784231778091621
290.8,-4.02500000000105,-2.364000000000573,1.0777844665412468,-4.02500000000105,-2.364000000000573,0.07778446654124682
290.90000000000003,-4.02000000000105,-2.361000000000573,1.0777266153015774,-4.02000000000105,-2.361000000000573,0.07772661530157743
291.0,-4.01500000000105,-2.358000000000573,1.077668764061908,-4.01500000000105,-2.358000000000573,0.07766876406190804
291.1,-4.0100000000010505,-2.355000000000573,1.0776109128222386,-4.0100000000010505,-2.355000000000573,0.07761091282223864
291.2,-4.005000000001051,-2.3520000000005727,1.0775530615825692,-4.005000000001051,-2.3520000000005727,0.07755306158256925
291.3,-4.000000000001051,-2.3490000000005726,1.0774952103428999,-4.000000000001051,-2.3490000000005726,0.07749521034289986
291.40000000000003,-3.995000000001051,-2.3460000000005725,1.0774373591032305,-3.995000000001051,-2.3460000000005725,0.07743735910323046
291.5,-3.990000000001051,-2.3430000000005724,1.077379507863561,-3.990000000001051,-2.3430000000005724,0.07737950786356107
291.6,-3.986000000001051,-2.3400000000005723,1.0773216566238917,-3.986000000001051,-2.3400000000005723,0.07732165662389168
291.7,-3.982000000001051,-2.337000000000572,1.0772638053842223,-3.982000000001051,-2.337000000000572,0.07726380538422228
291.8,-3.978000000001051,-2.334000000000572,1.077205954144553,-3.978000000001051,-2.334000000000572,0.07720595414455289
291.90000000000003,-3.974000000001051,-2.331000000000572,1.0771481029048835,-3.974000000001051,-2.331000000000572,0.0771481029048835
292.0,-3.970000000001051,-2.328000000000572,1.077090251665214,-3.970000000001051,-2.328000000000572,0.0770902516652141
292.1,-3.966000000001051,-2.3250000000005717,1.0770324004255447,-3.966000000001051,-2.3250000000005717,0.07703240042554471
292.2,-3.962000000001051,-2.3220000000005716,1.0769745491858753,-3.962000000001051,-2.3220000000005716,0.07697454918587532
292.3,-3.958000000001051,-2.3190000000005715,1.076916697946206,-3.958000000001051,-2.3190000000005715,0.07691669794620593
292.40000000000003,-3.954000000001051,-2.3160000000005714,1.0768588467065365,-3.954000000001051,-2.3160000000005714,0.07685884670653653
292.5,-3.950000000001051,-2.3130000000005713,1.0768009954668671,-3.950000000001051,-2.3130000000005713,0.07680099546686714
292.6,-3.946000000001051,-2.310000000000571,1.0767431442271977,-3.946000000001051,-2.310000000000571,0.07674314422719775
292.7,-3.942000000001051,-2.307000000000571,1.0766852929875284,-3.942000000001051,-2.307000000000571,0.07668529298752835
292.8,-3.938000000001051,-2.304000000000571,1.076627441747859,-3.938000000001051,-2.304000000000571,0.07662744174785896
292.90000000000003,-3.934000000001051,-2.301000000000571,1.0765695905081896,-3.934000000001051,-2.301000000000571,0.07656959050818957
293.0,-3.930000000001051,-2.2980000000005707,1.0765117392685202,-3.930000000001051,-2.2980000000005707,0.07651173926852017
293.1,-3.926000000001051,-2.2950000000005706,1.0764538880288508,-3.926000000001051,-2.2950000000005706,0.07645388802885078
293.2,-3.922000000001051,-2.2920000000005705,1.0763960367891814,-3.922000000001051,-2.2920000000005705,0.07639603678918139
293.3,-3.918000000001051,-2.2890000000005704,1.076338185549512,-3.918000000001051,-2.2890000000005704,0.076338185549512
293.40000000000003,-3.914000000001051,-2.2860000000005702,1.0762803343098426,-3.914000000001051,-2.2860000000005702,0.0762803343098426
293.5,-3.910000000001051,-2.28300000000057,1.0762224830701732,-3.910000000001051,-2.28300000000057,0.07622248307017321
293.6,-3.906000000001051,-2.28000000000057,1.0761646318305038,-3.906000000001051,-2.28000000000057,0.07616463183050382
293.7,-3.902000000001051,-2.27700000000057,1.0761067805908344,-3.902000000001051,-2.27700000000057,0.07610678059083442
293.8,-3.898000000001051,-2.27400000000057,1.076048929351165,-3.898000000001051,-2.27400000000057,0.07604892935116503
293.90000000000003,-3.894000000001051,-2.2710000000005697,1.0759910781114956,-3.894000000001051,-2.2710000000005697,0.07599107811149564
294.0,-3.890000000001051,-2.2680000000005696,1.0759332268718262,-3.890000000001051,-2.2680000000005696,0.07593322687182624
294.1,-3.886000000001051,-2.2650000000005694,1.0758753756321568,-3.886000000001051,-2.2650000000005694,0.07587537563215685
294.2,-3.882000000001051,-2.2620000000005693,1.0758175243924875,-3.882000000001051,-2.2620000000005693,0.07581752439248746
294.3,-3.878000000001051,-2.259000000000569,1.075759673152818,-3.878000000001051,-2.259000000000569,0.07575967315281806
294.40000000000003,-3.874000000001051,-2.256000000000569,1.0757018219131487,-3.874000000001051,-2.256000000000569,0.07570182191314867
294.5,-3.870000000001051,-2.253000000000569,1.0756439706734793,-3.870000000001051,-2.253000000000569,0.07564397067347928
294.6,-3.866000000001051,-2.250000000000569,1.0755861194338099,-3.866000000001051,-2.250000000000569,0.07558611943380988
294.7,-3.862000000001051,-2.2470000000005688,1.0755282681941405,-3.862000000001051,-2.2470000000005688,0.07552826819414049
294.8,-3.858000000001051,-2.2440000000005687,1.075470416954471,-3.858000000001051,-2.2440000000005687,0.0754704169544711
294.90000000000003,-3.854000000001051,-2.2410000000005685,1.0754125657148017,-3.854000000001051,-2.2410000000005685,0.0754125657148017
295.0,-3.850000000001051,-2.2380000000005684,1.0753547144751323,-3.850000000001051,-2.2380000000005684,0.07535471447513231
295.1,-3.846000000001051,-2.2350000000005683,1.075296863235463,-3.846000000001051,-2.2350000000005683,0.07529686323546292
295.2,-3.842000000001051,-2.232000000000568,1.0752390119957935,-3.842000000001051,-2.232000000000568,0.07523901199579353
295.3,-3.838000000001051,-2.229000000000568,1.0751811607561241,-3.838000000001051,-2.229000000000568,0.07518116075612413
295.40000000000003,-3.834000000001051,-2.226000000000568,1.0751233095164547,-3.834000000001051,-2.226000000000568,0.07512330951645474
295.5,-3.830000000001051,-2.223000000000568,1.0750654582767853,-3.830000000001051,-2.223000000000568,0.07506545827678535
295.6,-3.826000000001051,-2.2200000000005677,1.075007607037116,-3.826000000001051,-2.2200000000005677,0.07500760703711595
295.7,-3.822000000001051,-2.2170000000005676,1.0749497557974466,-3.822000000001051,-2.2170000000005676,0.07494975579744656
295.8,-3.8180000000010508,-2.2140000000005675,1.0748919045577772,-3.8180000000010508,-2.2140000000005675,0.07489190455777717
295.90000000000003,-3.8140000000010508,-2.2110000000005674,1.0748340533181078,-3.8140000000010508,-2.2110000000005674,0.07483405331810777
296.0,-3.8100000000010508,-2.2080000000005673,1.0747762020784384,-3.8100000000010508,-2.2080000000005673,0.07477620207843838
296.1,-3.8060000000010508,-2.205000000000567,1.074718350838769,-3.8060000000010508,-2.205000000000567,0.07471835083876899
296.2,-3.8020000000010508,-2.202000000000567,1.0746604995990996,-3.8020000000010508,-2.202000000000567,0.0746604995990996
296.3,-3.7980000000010508,-2.199000000000567,1.0746026483594302,-3.7980000000010508,-2.199000000000567,0.0746026483594302
296.40000000000003,-3.7940000000010508,-2.196000000000567,1.0745447971197608,-3.7940000000010508,-2.196000000000567,0.07454479711976081
296.5,-3.7900000000010508,-2.1930000000005667,1.0744869458800914,-3.7900000000010508,-2.1930000000005667,0.07448694588009142
296.6,-3.7860000000010507,-2.1900000000005666,1.074429094640422,-3.7860000000010507,-2.1900000000005666,0.07442909464042202
296.7,-3.7820000000010507,-2.1870000000005665,1.0743712434007526,-3.7820000000010507,-2.1870000000005665,0.07437124340075263
296.8,-3.7780000000010507,-2.1840000000005664,1.0743133921610832,-3.7780000000010507,-2.1840000000005664,0.07431339216108324
296.90000000000003,-3.7740000000010507,-2.1810000000005663,1.0742555409214138,-3.7740000000010507,-2.1810000000005663,0.07425554092141384
297.0,-3.7700000000010507,-2.178000000000566,1.0741976896817444,-3.7700000000010507,-2.178000000000566,0.07419768968174445
297.1,-3.7660000000010507,-2.175000000000566,1.074139838442075,-3.7660000000010507,-2.175000000000566,0.07413983844207506
297.2,-3.7620000000010507,-2.172000000000566,1.0740819872024057,-3.7620000000010507,-2.172000000000566,0.07408198720240566
297.3,-3.7580000000010507,-2.169000000000566,1.0740241359627363,-3.7580000000010507,-2.169000000000566,0.07402413596273627
297.40000000000003,-3.7540000000010507,-2.1660000000005657,1.0739662847230669,-3.7540000000010507,-2.1660000000005657,0.07396628472306688
297.5,-3.7500000000010507,-2.1630000000005656,1.0739084334833975,-3.7500000000010507,-2.1630000000005656,0.07390843348339748
297.6,-3.7460000000010507,-2.1600000000005655,1.073850582243728,-3.7460000000010507,-2.1600000000005655,0.07385058224372809
297.7,-3.7420000000010507,-2.1570000000005654,1.0737927310040587,-3.7420000000010507,-2.1570000000005654,0.0737927310040587
297.8,-3.7380000000010507,-2.1540000000005652,1.0737348797643893,-3.7380000000010507,-2.1540000000005652,0.0737348797643893
297.90000000000003,-3.7340000000010507,-2.151000000000565,1.07367702852472,-3.7340000000010507,-2.151000000000565,0.07367702852471991
298.0,-3.7300000000010507,-2.148000000000565,1.0736191772850505,-3.7300000000010507,-2.148000000000565,0.07361917728505052
298.1,-3.7260000000010507,-2.145000000000565,1.0735613260453811,-3.7260000000010507,-2.145000000000565,0.07356132604538113
298.2,-3.7220000000010507,-2.142000000000565,1.0735034748057117,-3.7220000000010507,-2.142000000000565,0.07350347480571173
298.3,-3.7180000000010507,-2.1390000000005647,1.0734456235660423,-3.7180000000010507,-2.1390000000005647,0.07344562356604234
298.40000000000003,-3.7140000000010507,-2.1360000000005646,1.073387772326373,-3.7140000000010507,-2.1360000000005646,0.07338777232637295
298.5,-3.7100000000010507,-2.1330000000005644,1.0733299210867036,-3.7100000000010507,-2.1330000000005644,0.07332992108670355
298.6,-3.7060000000010507,-2.1300000000005643,1.0732720698470342,-3.7060000000010507,-2.1300000000005643,0.07327206984703416
298.7,-3.7020000000010507,-2.127000000000564,1.0732142186073648,-3.7020000000010507,-2.127000000000564,0.07321421860736477
298.8,-3.6980000000010507,-2.124000000000564,1.0731563673676954,-3.6980000000010507,-2.124000000000564,0.07315636736769537
298.90000000000003,-3.6940000000010507,-2.121000000000564,1.073098516128026,-3.6940000000010507,-2.121000000000564,0.07309851612802598
299.0,-3.6900000000010507,-2.118000000000564,1.0730406648883566,-3.6900000000010507,-2.118000000000564,0.07304066488835659
299.1,-3.6860000000010507,-2.1150000000005638,1.0729828136486872,-3.6860000000010507,-2.1150000000005638,0.0729828136486872
299.2,-3.6820000000010507,-2.1120000000005636,1.0729249624090178,-3.6820000000010507,-2.1120000000005636,0.0729249624090178
299.3,-3.6780000000010507,-2.1090000000005635,1.0728671111693484,-3.6780000000010507,-2.1090000000005635,0.07286711116934841
299.40000000000003,-3.6740000000010506,-2.1060000000005634,1.072809259929679,-3.6740000000010506,-2.1060000000005634,0.07280925992967902
299.5,-3.6700000000010506,-2.1030000000005633,1.0727514086900096,-3.6700000000010506,-2.1030000000005633,0.07275140869000962
299.6,-3.6660000000010506,-2.100000000000563,1.0726935574503402,-3.6660000000010506,-2.100000000000563,0.07269355745034023
299.7,-3.6620000000010506,-2.097000000000563,1.0726357062106708,-3.6620000000010506,-2.097000000000563,0.07263570621067084
299.8,-3.6580000000010506,-2.094000000000563,1.0725778549710014,-3.6580000000010506,-2.094000000000563,0.07257785497100144
299.90000000000003,-3.6540000000010506,-2.091000000000563,1.072520003731332,-3.6540000000010506,-2.091000000000563,0.07252000373133205
300.0,-3.6500000000010506,-2.0880000000005627,1.0724621524916627,-3.6500000000010506,-2.0880000000005627,0.07246215249166266
300.1,-3.6460000000010506,-2.0850000000005626,1.0724043012519933,-3.6460000000010506,-2.0850000000005626,0.07240430125199326
300.2,-3.6420000000010506,-2.0820000000005625,1.0723464500123239,-3.6420000000010506,-2.0820000000005625,0.07234645001232387
300.3,-3.6380000000010506,-2.0790000000005624,1.0722885987726545,-3.6380000000010506,-2.0790000000005624,0.07228859877265448
300.40000000000003,-3.6340000000010506,-2.0760000000005623,1.072230747532985,-3.6340000000010506,-2.0760000000005623,0.07223074753298508
300.5,-3.6300000000010506,-2.073000000000562,1.0721728962933157,-3.6300000000010506,-2.073000000000562,0.07217289629331569
300.6,-3.6260000000010506,-2.070000000000562,1.0721150450536463,-3.6260000000010506,-2.070000000000562,0.0721150450536463
300.7,-3.6220000000010506,-2.067000000000562,1.072057193813977,-3.6220000000010506,-2.067000000000562,0.0720571938139769
300.8,-3.6180000000010506,-2.064000000000562,1.0719993425743075,-3.6180000000010506,-2.064000000000562,0.07199934257430751
300.90000000000003,-3.6140000000010506,-2.0610000000005617,1.0719414913346381,-3.6140000000010506,-2.0610000000005617,0.07194149133463812
301.0,-3.6100000000010506,-2.0580000000005616,1.0718836400949687,-3.6100000000010506,-2.0580000000005616,0.07188364009496873
301.1,-3.6060000000010506,-2.0550000000005615,1.0718257888552993,-3.6060000000010506,-2.0550000000005615,0.07182578885529933
301.2,-3.6020000000010506,-2.0520000000005614,1.07176793761563,-3.6020000000010506,-2.0520000000005614,0.07176793761562994
301.3,-3.5980000000010506,-2.0490000000005613,1.0717100863759605,-3.5980000000010506,-2.0490000000005613,0.07171008637596055
301.40000000000003,-3.5940000000010506,-2.046000000000561,1.0716522351362912,-3.5940000000010506,-2.046000000000561,0.07165223513629115
301.5,-3.5900000000010506,-2.043000000000561,1.0715943838966218,-3.5900000000010506,-2.043000000000561,0.07159438389662176
301.6,-3.5860000000010506,-2.040000000000561,1.0715365326569524,-3.5860000000010506,-2.040000000000561,0.07153653265695237
301.7,-3.5820000000010506,-2.037000000000561,1.071478681417283,-3.5820000000010506,-2.037000000000561,0.07147868141728297
301.8,-3.5780000000010506,-2.0340000000005607,1.0714208301776136,-3.5780000000010506,-2.0340000000005607,0.07142083017761358
301.90000000000003,-3.5740000000010506,-2.0310000000005606,1.0713629789379442,-3.5740000000010506,-2.0310000000005606,0.07136297893794419
302.0,-3.5700000000010506,-2.0280000000005605,1.0713051276982748,-3.5700000000010506,-2.0280000000005605,0.0713051276982748
302.1,-3.5660000000010506,-2.0250000000005604,1.0712472764586054,-3.5660000000010506,-2.0250000000005604,0.0712472764586054
302.2,-3.5620000000010505,-2.0220000000005602,1.071189425218936,-3.5620000000010505,-2.0220000000005602,0.07118942521893601
302.3,-3.5580000000010505,-2.01900000000056,1.0711315739792666,-3.5580000000010505,-2.01900000000056,0.07113157397926662
302.40000000000003,-3.5540000000010505,-2.01600000000056,1.0710737227395972,-3.5540000000010505,-2.01600000000056,0.07107372273959722
302.5,-3.5500000000010505,-2.01300000000056,1.0710158714999278,-3.5500000000010505,-2.01300000000056,0.07101587149992783
302.6,-3.5460000000010505,-2.01000000000056,1.0709580202602584,-3.5460000000010505,-2.01000000000056,0.07095802026025844
302.7,-3.5420000000010505,-2.0070000000005597,1.070900169020589,-3.5420000000010505,-2.0070000000005597,0.07090016902058904
302.8,-3.5380000000010505,-2.0040000000005596,1.0708423177809197,-3.5380000000010505,-2.0040000000005596,0.07084231778091965
302.90000000000003,-3.5340000000010505,-2.0010000000005594,1.0707844665412503,-3.5340000000010505,-2.0010000000005594,0.07078446654125026
303.0,-3.5300000000010505,-1.9980000000005596,1.0707266153015809,-3.5300000000010505,-1.9980000000005596,0.07072661530158086
303.1,-3.5260000000010505,-1.9950000000005597,1.0706687640619115,-3.5260000000010505,-1.9950000000005597,0.07066876406191147
303.2,-3.5220000000010505,-1.9930000000005597,1.070610912822242,-3.5220000000010505,-1.9930000000005597,0.07061091282224208
303.3,-3.5180000000010505,-1.9910000000005597,1.0705530615825727,-3.5180000000010505,-1.9910000000005597,0.07055306158257268
303.40000000000003,-3.5140000000010505,-1.9890000000005597,1.0704952103429033,-3.5140000000010505,-1.9890000000005597,0.07049521034290329
303.5,-3.5100000000010505,-1.9870000000005597,1.070437359103234,-3.5100000000010505,-1.9870000000005597,0.0704373591032339
303.6,-3.5060000000010505,-1.9850000000005597,1.0703795078635645,-3.5060000000010505,-1.9850000000005597,0.0703795078635645
303.7,-3.5020000000010505,-1.9830000000005596,1.0703216566238951,-3.5020000000010505,-1.9830000000005596,0.07032165662389511
303.8,-3.4980000000010505,-1.9810000000005596,1.0702638053842257,-3.4980000000010505,-1.9810000000005596,0.07026380538422572
303.90000000000003,-3.4940000000010505,-1.9790000000005596,1.0702059541445563,-3.4940000000010505,-1.9790000000005596,0.07020595414455633
304.0,-3.4900000000010505,-1.9770000000005596,1.070148102904887,-3.4900000000010505,-1.9770000000005596,0.07014810290488693
304.1,-3.4860000000010505,-1.9750000000005596,1.0700902516652175,-3.4860000000010505,-1.9750000000005596,0.07009025166521754
304.2,-3.4820000000010505,-1.9730000000005596,1.0700324004255481,-3.4820000000010505,-1.9730000000005596,0.07003240042554815
304.3,-3.4780000000010505,-1.9710000000005596,1.0699745491858788,-3.4780000000010505,-1.9710000000005596,0.06997454918587875
304.40000000000003,-3.4740000000010505,-1.9690000000005596,1.0699166979462094,-3.4740000000010505,-1.9690000000005596,0.06991669794620936
304.5,-3.4700000000010505,-1.9670000000005596,1.06985884670654,-3.4700000000010505,-1.9670000000005596,0.06985884670653997
304.6,-3.4660000000010505,-1.9650000000005596,1.0698009954668706,-3.4660000000010505,-1.9650000000005596,0.06980099546687057
304.7,-3.4620000000010505,-1.9630000000005596,1.0697431442272012,-3.4620000000010505,-1.9630000000005596,0.06974314422720118
304.8,-3.4580000000010505,-1.9610000000005596,1.0696852929875318,-3.4580000000010505,-1.9610000000005596,0.06968529298753179
304.90000000000003,-3.4540000000010505,-1.9590000000005596,1.0696274417478624,-3.4540000000010505,-1.9590000000005596,0.0696274417478624
305.0,-3.4500000000010504,-1.9570000000005596,1.069569590508193,-3.4500000000010504,-1.9570000000005596,0.069569590508193
305.1,-3.4460000000010504,-1.9550000000005596,1.0695117392685236,-3.4460000000010504,-1.9550000000005596,0.06951173926852361
305.2,-3.4420000000010504,-1.9530000000005596,1.0694538880288542,-3.4420000000010504,-1.9530000000005596,0.06945388802885422
305.3,-3.4380000000010504,-1.9510000000005596,1.0693960367891848,-3.4380000000010504,-1.9510000000005596,0.06939603678918482
305.40000000000003,-3.4340000000010504,-1.9490000000005596,1.0693381855495154,-3.4340000000010504,-1.9490000000005596,0.06933818554951543
305.5,-3.4300000000010504,-1.9470000000005596,1.069280334309846,-3.4300000000010504,-1.9470000000005596,0.06928033430984604
305.6,-3.4260000000010504,-1.9450000000005596,1.0692224830701766,-3.4260000000010504,-1.9450000000005596,0.06922248307017664
305.7,-3.4220000000010504,-1.9430000000005596,1.0691646318305073,-3.4220000000010504,-1.9430000000005596,0.06916463183050725
305.8,-3.4180000000010504,-1.9410000000005596,1.0691067805908379,-3.4180000000010504,-1.9410000000005596,0.06910678059083786
305.90000000000003,-3.4140000000010504,-1.9390000000005596,1.0690489293511685,-3.4140000000010504,-1.9390000000005596,0.06904892935116846
306.0,-3.4100000000010504,-1.9370000000005596,1.068991078111499,-3.4100000000010504,-1.9370000000005596,0.06899107811149907
306.1,-3.4060000000010504,-1.9350000000005596,1.0689332268718297,-3.4060000000010504,-1.9350000000005596,0.06893322687182968
306.2,-3.4020000000010504,-1.9330000000005596,1.0688753756321603,-3.4020000000010504,-1.9330000000005596,0.06887537563216029
306.3,-3.3980000000010504,-1.9310000000005596,1.068817524392491,-3.3980000000010504,-1.9310000000005596,0.06881752439249089
306.40000000000003,-3.3940000000010504,-1.9290000000005596,1.0687596731528215,-3.3940000000010504,-1.9290000000005596,0.0687596731528215
306.5,-3.3900000000010504,-1.9270000000005596,1.068701821913152,-3.3900000000010504,-1.9270000000005596,0.0687018219131521
306.6,-3.3860000000010504,-1.9250000000005596,1.0686439706734827,-3.3860000000010504,-1.9250000000005596,0.06864397067348271
306.7,-3.3820000000010504,-1.9230000000005596,1.0685861194338133,-3.3820000000010504,-1.9230000000005596,0.06858611943381332
306.8,-3.3780000000010504,-1.9210000000005596,1.068528268194144,-3.3780000000010504,-1.9210000000005596,0.06852826819414393
306.90000000000003,-3.3740000000010504,-1.9190000000005596,1.0684704169544745,-3.3740000000010504,-1.9190000000005596,0.06847041695447453
307.0,-3.3700000000010504,-1.9170000000005596,1.0684125657148051,-3.3700000000010504,-1.9170000000005596,0.06841256571480514
307.1,-3.3660000000010504,-1.9150000000005596,1.0683547144751357,-3.3660000000010504,-1.9150000000005596,0.06835471447513575
307.20000000000005,-3.3620000000010504,-1.9130000000005596,1.0682968632354664,-3.3620000000010504,-1.9130000000005596,0.06829686323546635
307.3,-3.3580000000010504,-1.9110000000005596,1.068239011995797,-3.3580000000010504,-1.9110000000005596,0.06823901199579696
307.40000000000003,-3.3540000000010504,-1.9090000000005596,1.0681811607561276,-3.3540000000010504,-1.9090000000005596,0.06818116075612757
307.5,-3.3500000000010504,-1.9070000000005596,1.0681233095164582,-3.3500000000010504,-1.9070000000005596,0.06812330951645817
307.6,-3.3460000000010504,-1.9050000000005596,1.0680654582767888,-3.3460000000010504,-1.9050000000005596,0.06806545827678878
307.70000000000005,-3.3420000000010504,-1.9030000000005596,1.0680076070371194,-3.3420000000010504,-1.9030000000005596,0.06800760703711939
307.8,-3.3380000000010503,-1.9010000000005596,1.06794975579745,-3.3380000000010503,-1.9010000000005596,0.06794975579745
307.90000000000003,-3.3340000000010503,-1.8990000000005596,1.0678919045577806,-3.3340000000010503,-1.8990000000005596,0.0678919045577806
308.0,-3.3300000000010503,-1.8970000000005596,1.0678340533181112,-3.3300000000010503,-1.8970000000005596,0.06783405331811121
308.1,-3.3260000000010503,-1.8950000000005596,1.0677762020784418,-3.3260000000010503,-1.8950000000005596,0.06777620207844182
308.20000000000005,-3.3220000000010503,-1.8930000000005596,1.0677183508387724,-3.3220000000010503,-1.8930000000005596,0.06771835083877242
308.3,-3.3180000000010503,-1.8910000000005596,1.067660499599103,-3.3180000000010503,-1.8910000000005596,0.06766049959910303
308.40000000000003,-3.3140000000010503,-1.8890000000005596,1.0676026483594336,-3.3140000000010503,-1.8890000000005596,0.06760264835943364
308.5,-3.3100000000010503,-1.8870000000005596,1.0675447971197642,-3.3100000000010503,-1.8870000000005596,0.06754479711976424
308.6,-3.3060000000010503,-1.8850000000005596,1.0674869458800949,-3.3060000000010503,-1.8850000000005596,0.06748694588009485
308.70000000000005,-3.3020000000010503,-1.8830000000005596,1.0674290946404255,-3.3020000000010503,-1.8830000000005596,0.06742909464042546
308.8,-3.2980000000010503,-1.8810000000005596,1.067371243400756,-3.2980000000010503,-1.8810000000005596,0.06737124340075606
308.90000000000003,-3.2940000000010503,-1.8790000000005596,1.0673133921610867,-3.2940000000010503,-1.8790000000005596,0.06731339216108667
309.0,-3.2900000000010503,-1.8770000000005596,1.0672555409214173,-3.2900000000010503,-1.8770000000005596,0.06725554092141728
309.1,-3.2860000000010503,-1.8750000000005596,1.0671976896817479,-3.2860000000010503,-1.8750000000005596,0.06719768968174789
309.20000000000005,-3.2820000000010503,-1.8730000000005596,1.0671398384420785,-3.2820000000010503,-1.8730000000005596,0.06713983844207849
309.3,-3.2780000000010503,-1.8710000000005595,1.067081987202409,-3.2780000000010503,-1.8710000000005595,0.0670819872024091
309.40000000000003,-3.2740000000010503,-1.8690000000005595,1.0670241359627397,-3.2740000000010503,-1.8690000000005595,0.0670241359627397
309.5,-3.2700000000010503,-1.8670000000005595,1.0669662847230703,-3.2700000000010503,-1.8670000000005595,0.06696628472307031
309.6,-3.2660000000010503,-1.8650000000005595,1.066908433483401,-3.2660000000010503,-1.8650000000005595,0.06690843348340092
309.70000000000005,-3.2620000000010503,-1.8630000000005595,1.0668505822437315,-3.2620000000010503,-1.8630000000005595,0.06685058224373153
309.8,-3.2580000000010503,-1.8610000000005595,1.0667927310040621,-3.2580000000010503,-1.8610000000005595,0.06679273100406213
309.90000000000003,-3.2540000000010503,-1.8590000000005595,1.0667348797643927,-3.2540000000010503,-1.8590000000005595,0.06673487976439274
310.0,-3.2500000000010503,-1.8570000000005595,1.0666770285247233,-3.2500000000010503,-1.8570000000005595,0.06667702852472335
310.1,-3.2460000000010503,-1.8550000000005595,1.066619177285054,-3.2460000000010503,-1.8550000000005595,0.06661917728505395
310.20000000000005,-3.2420000000010503,-1.8530000000005595,1.0665613260453846,-3.2420000000010503,-1.8530000000005595,0.06656132604538456
310.3,-3.2380000000010503,-1.8510000000005595,1.0665206756388805,-3.2380000000010503,-1.8510000000005595,0.06652067563888053
310.40000000000003,-3.2340000000010503,-1.8490000000005595,1.0664800252323765,-3.2340000000010503,-1.8490000000005595,0.0664800252323765
310.5,-3.2300000000010503,-1.8470000000005595,1.0664393748258725,-3.2300000000010503,-1.8470000000005595,0.06643937482587248
310.6,-3.2260000000010502,-1.8450000000005595,1.0663987244193684,-3.2260000000010502,-1.8450000000005595,0.06639872441936845
310.70000000000005,-3.2220000000010502,-1.8430000000005595,1.0663580740128644,-3.2220000000010502,-1.8430000000005595,0.06635807401286442
310.8,-3.2180000000010502,-1.8410000000005595,1.0663174236063604,-3.2180000000010502,-1.8410000000005595,0.06631742360636039
310.90000000000003,-3.2140000000010502,-1.8390000000005595,1.0662767731998564,-3.2140000000010502,-1.8390000000005595,0.06627677319985636
311.0,-3.2100000000010502,-1.8370000000005595,1.0662361227933523,-3.2100000000010502,-1.8370000000005595,0.06623612279335234
311.1,-3.2060000000010502,-1.8350000000005595,1.0661954723868483,-3.2060000000010502,-1.8350000000005595,0.06619547238684831
311.20000000000005,-3.2020000000010502,-1.8330000000005595,1.0661548219803443,-3.2020000000010502,-1.8330000000005595,0.06615482198034428
311.3,-3.1980000000010502,-1.8310000000005595,1.0661141715738403,-3.1980000000010502,-1.8310000000005595,0.06611417157384025
311.40000000000003,-3.19400000000105,-1.8290000000005595,1.0660735211673362,-3.19400000000105,-1.8290000000005595,0.06607352116733622
311.5,-3.19000000000105,-1.8270000000005595,1.0660328707608322,-3.19000000000105,-1.8270000000005595,0.0660328707608322
311.6,-3.18600000000105,-1.8250000000005595,1.0659922203543282,-3.18600000000105,-1.8250000000005595,0.06599222035432817
311.70000000000005,-3.18200000000105,-1.8230000000005595,1.0659515699478241,-3.18200000000105,-1.8230000000005595,0.06595156994782414
311.8,-3.17800000000105,-1.8210000000005595,1.0659109195413201,-3.17800000000105,-1.8210000000005595,0.06591091954132011
311.90000000000003,-3.17400000000105,-1.8190000000005595,1.065870269134816,-3.17400000000105,-1.8190000000005595,0.06587026913481608
312.0,-3.17000000000105,-1.8170000000005595,1.065829618728312,-3.17000000000105,-1.8170000000005595,0.06582961872831206
312.1,-3.16600000000105,-1.8150000000005595,1.065788968321808,-3.16600000000105,-1.8150000000005595,0.06578896832180803
312.20000000000005,-3.16200000000105,-1.8130000000005595,1.065748317915304,-3.16200000000105,-1.8130000000005595,0.065748317915304
312.3,-3.15800000000105,-1.8110000000005595,1.0657076675088,-3.15800000000105,-1.8110000000005595,0.06570766750879997
312.40000000000003,-3.15400000000105,-1.8090000000005595,1.065667017102296,-3.15400000000105,-1.8090000000005595,0.06566701710229594
312.5,-3.15000000000105,-1.8070000000005595,1.065626366695792,-3.15000000000105,-1.8070000000005595,0.06562636669579192
312.6,-3.14600000000105,-1.8050000000005595,1.0655857162892879,-3.14600000000105,-1.8050000000005595,0.06558571628928789
312.70000000000005,-3.14200000000105,-1.8030000000005595,1.0655450658827839,-3.14200000000105,-1.8030000000005595,0.06554506588278386
312.8,-3.13800000000105,-1.8010000000005595,1.0655044154762798,-3.13800000000105,-1.8010000000005595,0.06550441547627983
312.90000000000003,-3.13400000000105,-1.7990000000005595,1.0654637650697758,-3.13400000000105,-1.7990000000005595,0.0654637650697758
313.0,-3.13000000000105,-1.7970000000005595,1.0654231146632718,-3.13000000000105,-1.7970000000005595,0.06542311466327178
313.1,-3.12600000000105,-1.7950000000005595,1.0653824642567677,-3.12600000000105,-1.7950000000005595,0.06538246425676775
313.20000000000005,-3.12200000000105,-1.7930000000005595,1.0653418138502637,-3.12200000000105,-1.7930000000005595,0.06534181385026372
313.3,-3.11800000000105,-1.7910000000005595,1.0653011634437597,-3.11800000000105,-1.7910000000005595,0.06530116344375969
313.40000000000003,-3.11400000000105,-1.7890000000005595,1.0652605130372557,-3.11400000000105,-1.7890000000005595,0.06526051303725566
313.5,-3.11000000000105,-1.7870000000005595,1.0652198626307516,-3.11000000000105,-1.7870000000005595,0.06521986263075163
313.6,-3.10600000000105,-1.7850000000005595,1.0651792122242476,-3.10600000000105,-1.7850000000005595,0.0651792122242476
313.70000000000005,-3.10200000000105,-1.7830000000005595,1.0651385618177436,-3.10200000000105,-1.7830000000005595,0.06513856181774358
313.8,-3.09800000000105,-1.7810000000005595,1.0650979114112396,-3.09800000000105,-1.7810000000005595,0.06509791141123955
313.90000000000003,-3.09400000000105,-1.7790000000005595,1.0650572610047355,-3.09400000000105,-1.7790000000005595,0.06505726100473552
314.0,-3.09000000000105,-1.7770000000005595,1.0650166105982315,-3.09000000000105,-1.7770000000005595,0.0650166105982315
314.1,-3.08600000000105,-1.7750000000005595,1.0649759601917275,-3.08600000000105,-1.7750000000005595,0.06497596019172747
314.20000000000005,-3.08200000000105,-1.7730000000005595,1.0649353097852234,-3.08200000000105,-1.7730000000005595,0.06493530978522344
314.3,-3.07800000000105,-1.7710000000005595,1.0648946593787194,-3.07800000000105,-1.7710000000005595,0.06489465937871941
314.40000000000003,-3.07400000000105,-1.7690000000005595,1.0648540089722154,-3.07400000000105,-1.7690000000005595,0.06485400897221538
314.5,-3.07000000000105,-1.7670000000005595,1.0648133585657114,-3.07000000000105,-1.7670000000005595,0.06481335856571135
314.6,-3.06600000000105,-1.7650000000005595,1.0647727081592073,-3.06600000000105,-1.7650000000005595,0.06477270815920733
314.70000000000005,-3.06200000000105,-1.7630000000005595,1.0647320577527033,-3.06200000000105,-1.7630000000005595,0.0647320577527033
314.8,-3.05800000000105,-1.7610000000005595,1.0646914073461993,-3.05800000000105,-1.7610000000005595,0.06469140734619927
314.90000000000003,-3.05400000000105,-1.7590000000005594,1.0646507569396952,-3.05400000000105,-1.7590000000005594,0.06465075693969524
315.0,-3.05000000000105,-1.7570000000005594,1.0646101065331912,-3.05000000000105,-1.7570000000005594,0.06461010653319121
315.1,-3.04600000000105,-1.7550000000005594,1.0645694561266872,-3.04600000000105,-1.7550000000005594,0.06456945612668719
315.20000000000005,-3.04200000000105,-1.7530000000005594,1.0645288057201832,-3.04200000000105,-1.7530000000005594,0.06452880572018316
315.3,-3.03800000000105,-1.7510000000005594,1.0644881553136791,-3.03800000000105,-1.7510000000005594,0.06448815531367913
315.40000000000003,-3.03400000000105,-1.7490000000005594,1.064447504907175,-3.03400000000105,-1.7490000000005594,0.0644475049071751
315.5,-3.03000000000105,-1.7470000000005594,1.064406854500671,-3.03000000000105,-1.7470000000005594,0.06440685450067107
315.6,-3.02600000000105,-1.7450000000005594,1.064366204094167,-3.02600000000105,-1.7450000000005594,0.06436620409416705
315.70000000000005,-3.02200000000105,-1.7430000000005594,1.064325553687663,-3.02200000000105,-1.7430000000005594,0.06432555368766302
315.8,-3.01800000000105,-1.7410000000005594,1.064284903281159,-3.01800000000105,-1.7410000000005594,0.06428490328115899
315.90000000000003,-3.01400000000105,-1.7390000000005594,1.064244252874655,-3.01400000000105,-1.7390000000005594,0.06424425287465496
316.0,-3.01000000000105,-1.7370000000005594,1.064203602468151,-3.01000000000105,-1.7370000000005594,0.06420360246815093
316.1,-3.00600000000105,-1.7350000000005594,1.064162952061647,-3.00600000000105,-1.7350000000005594,0.0641629520616469
316.20000000000005,-3.00200000000105,-1.7330000000005594,1.0641223016551429,-3.00200000000105,-1.7330000000005594,0.06412230165514288
316.3,-2.99800000000105,-1.7310000000005594,1.0640816512486388,-2.99800000000105,-1.7310000000005594,0.06408165124863885
316.40000000000003,-2.99400000000105,-1.7290000000005594,1.0640410008421348,-2.99400000000105,-1.7290000000005594,0.06404100084213482
316.5,-2.99100000000105,-1.7270000000005594,1.0640003504356308,-2.99100000000105,-1.7270000000005594,0.06400035043563079
316.6,-2.98800000000105,-1.7250000000005594,1.0639597000291268,-2.98800000000105,-1.7250000000005594,0.06395970002912676
316.70000000000005,-2.9850000000010497,-1.7230000000005594,1.0639190496226227,-2.9850000000010497,-1.7230000000005594,0.06391904962262274
316.8,-2.9820000000010496,-1.7210000000005594,1.0638783992161187,-2.9820000000010496,-1.7210000000005594,0.06387839921611871
316.90000000000003,-2.9790000000010495,-1.7190000000005594,1.0638377488096147,-2.9790000000010495,-1.7190000000005594,0.06383774880961468
317.0,-2.9760000000010494,-1.7170000000005594,1.0637970984031107,-2.9760000000010494,-1.7170000000005594,0.06379709840311065
317.1,-2.9730000000010492,-1.7150000000005594,1.0637564479966066,-2.9730000000010492,-1.7150000000005594,0.06375644799660662
317.20000000000005,-2.970000000001049,-1.7130000000005594,1.0637157975901026,-2.970000000001049,-1.7130000000005594,0.0637157975901026
317.3,-2.967000000001049,-1.7110000000005594,1.0636751471835986,-2.967000000001049,-1.7110000000005594,0.06367514718359857
317.40000000000003,-2.964000000001049,-1.7090000000005594,1.0636344967770945,-2.964000000001049,-1.7090000000005594,0.06363449677709454
317.5,-2.961000000001049,-1.7070000000005594,1.0635938463705905,-2.961000000001049,-1.7070000000005594,0.06359384637059051
317.6,-2.9580000000010487,-1.7050000000005594,1.0635531959640865,-2.9580000000010487,-1.7050000000005594,0.06355319596408648
317.70000000000005,-2.9550000000010486,-1.7030000000005594,1.0635125455575825,-2.9550000000010486,-1.7030000000005594,0.06351254555758246
317.8,-2.9520000000010485,-1.7010000000005594,1.0634718951510784,-2.9520000000010485,-1.7010000000005594,0.06347189515107843
317.90000000000003,-2.9490000000010483,-1.6990000000005594,1.0634312447445744,-2.9490000000010483,-1.6990000000005594,0.0634312447445744
318.0,-2.9460000000010482,-1.6970000000005594,1.0633905943380704,-2.9460000000010482,-1.6970000000005594,0.06339059433807037
318.1,-2.943000000001048,-1.6950000000005594,1.0633499439315663,-2.943000000001048,-1.6950000000005594,0.06334994393156634
318.20000000000005,-2.940000000001048,-1.6930000000005594,1.0633092935250623,-2.940000000001048,-1.6930000000005594,0.06330929352506232
318.3,-2.937000000001048,-1.6910000000005594,1.0632686431185583,-2.937000000001048,-1.6910000000005594,0.06326864311855829
318.40000000000003,-2.9340000000010478,-1.6890000000005594,1.0632279927120543,-2.9340000000010478,-1.6890000000005594,0.06322799271205426
318.5,-2.9310000000010477,-1.6870000000005594,1.0631873423055502,-2.9310000000010477,-1.6870000000005594,0.06318734230555023
318.6,-2.9280000000010475,-1.6850000000005594,1.0631466918990462,-2.9280000000010475,-1.6850000000005594,0.0631466918990462
318.70000000000005,-2.9250000000010474,-1.6830000000005594,1.0631060414925422,-2.9250000000010474,-1.6830000000005594,0.06310604149254218
318.8,-2.9220000000010473,-1.6810000000005594,1.0630653910860381,-2.9220000000010473,-1.6810000000005594,0.06306539108603815
318.90000000000003,-2.919000000001047,-1.6790000000005594,1.0630247406795341,-2.919000000001047,-1.6790000000005594,0.06302474067953412
319.0,-2.916000000001047,-1.6770000000005594,1.06298409027303,-2.916000000001047,-1.6770000000005594,0.06298409027303009
319.1,-2.913000000001047,-1.6750000000005594,1.062943439866526,-2.913000000001047,-1.6750000000005594,0.06294343986652606
319.20000000000005,-2.910000000001047,-1.6730000000005594,1.062902789460022,-2.910000000001047,-1.6730000000005594,0.06290278946002203
319.3,-2.9070000000010467,-1.6710000000005594,1.062862139053518,-2.9070000000010467,-1.6710000000005594,0.062862139053518
319.40000000000003,-2.9040000000010466,-1.6690000000005594,1.062821488647014,-2.9040000000010466,-1.6690000000005594,0.06282148864701398
319.5,-2.9010000000010465,-1.6670000000005594,1.06278083824051,-2.9010000000010465,-1.6670000000005594,0.06278083824050995
319.6,-2.8980000000010464,-1.6650000000005594,1.062740187834006,-2.8980000000010464,-1.6650000000005594,0.06274018783400592
319.70000000000005,-2.8950000000010463,-1.6630000000005594,1.062699537427502,-2.8950000000010463,-1.6630000000005594,0.0626995374275019
319.8,-2.892000000001046,-1.6610000000005594,1.0626588870209979,-2.892000000001046,-1.6610000000005594,0.06265888702099787
319.90000000000003,-2.889000000001046,-1.6590000000005594,1.0626182366144938,-2.889000000001046,-1.6590000000005594,0.06261823661449384
320.0,-2.886000000001046,-1.6570000000005594,1.0625775862079898,-2.886000000001046,-1.6570000000005594,0.06257758620798981
320.1,-2.883000000001046,-1.6550000000005594,1.0625369358014858,-2.883000000001046,-1.6550000000005594,0.06253693580148578
320.20000000000005,-2.8800000000010457,-1.6530000000005594,1.0624962853949818,-2.8800000000010457,-1.6530000000005594,0.062496285394981754
320.3,-2.8770000000010456,-1.6510000000005594,1.0624556349884777,-2.8770000000010456,-1.6510000000005594,0.062455634988477726
320.40000000000003,-2.8740000000010455,-1.6490000000005594,1.0624149845819737,-2.8740000000010455,-1.6490000000005594,0.0624149845819737
320.5,-2.8710000000010454,-1.6470000000005593,1.0623743341754697,-2.8710000000010454,-1.6470000000005593,0.06237433417546967
320.6,-2.8680000000010453,-1.6450000000005593,1.0623336837689656,-2.8680000000010453,-1.6450000000005593,0.06233368376896564
320.70000000000005,-2.865000000001045,-1.6430000000005593,1.0622930333624616,-2.865000000001045,-1.6430000000005593,0.062293033362461614
320.8,-2.862000000001045,-1.6410000000005593,1.0622523829559576,-2.862000000001045,-1.6410000000005593,0.062252382955957586
320.90000000000003,-2.859000000001045,-1.6390000000005593,1.0622117325494536,-2.859000000001045,-1.6390000000005593,0.06221173254945356
321.0,-2.856000000001045,-1.6370000000005593,1.0621710821429495,-2.856000000001045,-1.6370000000005593,0.06217108214294953
321.1,-2.8530000000010447,-1.6350000000005593,1.0621304317364455,-2.8530000000010447,-1.6350000000005593,0.0621304317364455
321.20000000000005,-2.8500000000010446,-1.6330000000005593,1.0620897813299415,-2.8500000000010446,-1.6330000000005593,0.062089781329941474
321.3,-2.8470000000010445,-1.6310000000005593,1.0620491309234374,-2.8470000000010445,-1.6310000000005593,0.062049130923437446
321.40000000000003,-2.8440000000010444,-1.6290000000005593,1.0620084805169334,-2.8440000000010444,-1.6290000000005593,0.06200848051693342
321.5,-2.8410000000010442,-1.6270000000005593,1.0619678301104294,-2.8410000000010442,-1.6270000000005593,0.06196783011042939
321.6,-2.838000000001044,-1.6250000000005593,1.0619271797039254,-2.838000000001044,-1.6250000000005593,0.06192717970392536
321.70000000000005,-2.835000000001044,-1.6230000000005593,1.0618865292974213,-2.835000000001044,-1.6230000000005593,0.06188652929742133
321.8,-2.832000000001044,-1.6210000000005593,1.0618458788909173,-2.832000000001044,-1.6210000000005593,0.061845878890917305
321.90000000000003,-2.829000000001044,-1.6190000000005593,1.0618052284844133,-2.829000000001044,-1.6190000000005593,0.06180522848441328
322.0,-2.8260000000010437,-1.6170000000005593,1.0617645780779092,-2.8260000000010437,-1.6170000000005593,0.06176457807790925
322.1,-2.8230000000010436,-1.6150000000005593,1.0617239276714052,-2.8230000000010436,-1.6150000000005593,0.06172392767140522
322.20000000000005,-2.8200000000010434,-1.6130000000005593,1.0616832772649012,-2.8200000000010434,-1.6130000000005593,0.06168327726490119
322.3,-2.8170000000010433,-1.6110000000005593,1.0616426268583972,-2.8170000000010433,-1.6110000000005593,0.061642626858397165
322.40000000000003,-2.8140000000010432,-1.6090000000005593,1.0616019764518931,-2.8140000000010432,-1.6090000000005593,0.06160197645189314
322.5,-2.811000000001043,-1.6070000000005593,1.061561326045389,-2.811000000001043,-1.6070000000005593,0.06156132604538911
322.6,-2.808000000001043,-1.6050000000005593,1.061520675638885,-2.808000000001043,-1.6050000000005593,0.06152067563888508
322.70000000000005,-2.805000000001043,-1.6030000000005593,1.061480025232381,-2.805000000001043,-1.6030000000005593,0.06148002523238105
322.8,-2.8020000000010428,-1.6010000000005593,1.061439374825877,-2.8020000000010428,-1.6010000000005593,0.061439374825877024
322.90000000000003,-2.7990000000010427,-1.5990000000005593,1.061398724419373,-2.7990000000010427,-1.5990000000005593,0.061398724419372996
323.0,-2.7960000000010425,-1.5970000000005593,1.061358074012869,-2.7960000000010425,-1.5970000000005593,0.06135807401286897
323.1,-2.7930000000010424,-1.5950000000005593,1.061317423606365,-2.7930000000010424,-1.5950000000005593,0.06131742360636494
323.20000000000005,-2.7900000000010423,-1.5930000000005593,1.061276773199861,-2.7900000000010423,-1.5930000000005593,0.06127677319986091
323.3,-2.787000000001042,-1.5910000000005593,1.0612361227933569,-2.787000000001042,-1.5910000000005593,0.061236122793356884
323.40000000000003,-2.784000000001042,-1.5890000000005593,1.0611954723868529,-2.784000000001042,-1.5890000000005593,0.061195472386852856
323.5,-2.781000000001042,-1.5870000000005593,1.0611548219803488,-2.781000000001042,-1.5870000000005593,0.06115482198034883
323.6,-2.778000000001042,-1.5850000000005593,1.0611141715738448,-2.778000000001042,-1.5850000000005593,0.0611141715738448
323.70000000000005,-2.7750000000010417,-1.5830000000005593,1.0610735211673408,-2.7750000000010417,-1.5830000000005593,0.06107352116734077
323.8,-2.7720000000010416,-1.5810000000005593,1.0610328707608367,-2.7720000000010416,-1.5810000000005593,0.061032870760836744
323.90000000000003,-2.7690000000010415,-1.5790000000005593,1.0609922203543327,-2.7690000000010415,-1.5790000000005593,0.060992220354332716
324.0,-2.7660000000010414,-1.5770000000005593,1.0609515699478287,-2.7660000000010414,-1.5770000000005593,0.06095156994782869
324.1,-2.7630000000010413,-1.5750000000005593,1.0609109195413247,-2.7630000000010413,-1.5750000000005593,0.06091091954132466
324.20000000000005,-2.760000000001041,-1.5730000000005593,1.0608702691348206,-2.760000000001041,-1.5730000000005593,0.06087026913482063
324.3,-2.757000000001041,-1.5710000000005593,1.0608296187283166,-2.757000000001041,-1.5710000000005593,0.0608296187283166
324.40000000000003,-2.754000000001041,-1.5690000000005593,1.0607889683218126,-2.754000000001041,-1.5690000000005593,0.060788968321812575
324.5,-2.751000000001041,-1.5670000000005593,1.0607483179153085,-2.751000000001041,-1.5670000000005593,0.06074831791530855
324.6,-2.7480000000010407,-1.5650000000005593,1.0607076675088045,-2.7480000000010407,-1.5650000000005593,0.06070766750880452
324.70000000000005,-2.7450000000010406,-1.5630000000005593,1.0606670171023005,-2.7450000000010406,-1.5630000000005593,0.06066701710230049
324.8,-2.7420000000010405,-1.5610000000005593,1.0606263666957965,-2.7420000000010405,-1.5610000000005593,0.06062636669579646
324.90000000000003,-2.7390000000010404,-1.5590000000005593,1.0605857162892924,-2.7390000000010404,-1.5590000000005593,0.060585716289292435
325.0,-2.7360000000010403,-1.5570000000005593,1.0605450658827884,-2.7360000000010403,-1.5570000000005593,0.06054506588278841
325.1,-2.73300000000104,-1.5550000000005593,1.0605044154762844,-2.73300000000104,-1.5550000000005593,0.06050441547628438
325.20000000000005,-2.73000000000104,-1.5530000000005593,1.0604637650697804,-2.73000000000104,-1.5530000000005593,0.06046376506978035
325.3,-2.72700000000104,-1.5510000000005593,1.0604231146632763,-2.72700000000104,-1.5510000000005593,0.06042311466327632
325.40000000000003,-2.72400000000104,-1.5490000000005593,1.0603824642567723,-2.72400000000104,-1.5490000000005593,0.060382464256772295
325.5,-2.7210000000010397,-1.5470000000005593,1.0603418138502683,-2.7210000000010397,-1.5470000000005593,0.06034181385026827
325.6,-2.7180000000010396,-1.5450000000005593,1.0603011634437642,-2.7180000000010396,-1.5450000000005593,0.06030116344376424
325.70000000000005,-2.7150000000010395,-1.5430000000005593,1.0602605130372602,-2.7150000000010395,-1.5430000000005593,0.06026051303726021
325.8,-2.7120000000010394,-1.5410000000005593,1.0602198626307562,-2.7120000000010394,-1.5410000000005593,0.06021986263075618
325.90000000000003,-2.7090000000010392,-1.5390000000005593,1.0601792122242522,-2.7090000000010392,-1.5390000000005593,0.060179212224252154
326.0,-2.706000000001039,-1.5370000000005593,1.0601385618177481,-2.706000000001039,-1.5370000000005593,0.060138561817748126
326.1,-2.703000000001039,-1.5350000000005593,1.060097911411244,-2.703000000001039,-1.5350000000005593,0.0600979114112441
326.20000000000005,-2.700000000001039,-1.5330000000005592,1.06005726100474,-2.700000000001039,-1.5330000000005592,0.06005726100474007
326.3,-2.697000000001039,-1.5310000000005592,1.060016610598236,-2.697000000001039,-1.5310000000005592,0.06001661059823604
326.40000000000003,-2.6940000000010387,-1.5290000000005592,1.059975960191732,-2.6940000000010387,-1.5290000000005592,0.059975960191732014
326.5,-2.6910000000010386,-1.5270000000005592,1.059935309785228,-2.6910000000010386,-1.5270000000005592,0.059935309785227986
326.6,-2.6880000000010384,-1.5250000000005592,1.059894659378724,-2.6880000000010384,-1.5250000000005592,0.05989465937872396
326.70000000000005,-2.6850000000010383,-1.5230000000005592,1.05985400897222,-2.6850000000010383,-1.5230000000005592,0.05985400897221993
326.8,-2.682000000001038,-1.5210000000005592,1.059813358565716,-2.682000000001038,-1.5210000000005592,0.0598133585657159
326.90000000000003,-2.679000000001038,-1.5190000000005592,1.0597727081592119,-2.679000000001038,-1.5190000000005592,0.059772708159211874
327.0,-2.676000000001038,-1.5170000000005592,1.0597320577527078,-2.676000000001038,-1.5170000000005592,0.059732057752707846
327.1,-2.673000000001038,-1.5150000000005592,1.0596914073462038,-2.673000000001038,-1.5150000000005592,0.05969140734620382
327.20000000000005,-2.6700000000010378,-1.5130000000005592,1.0596507569396998,-2.6700000000010378,-1.5130000000005592,0.05965075693969979
327.3,-2.6670000000010377,-1.5110000000005592,1.0596101065331958,-2.6670000000010377,-1.5110000000005592,0.05961010653319576
327.40000000000003,-2.6640000000010375,-1.5090000000005592,1.0595694561266917,-2.6640000000010375,-1.5090000000005592,0.05956945612669173
327.5,-2.6610000000010374,-1.5070000000005592,1.0595288057201877,-2.6610000000010374,-1.5070000000005592,0.059528805720187705
327.6,-2.6580000000010373,-1.5050000000005592,1.0594881553136837,-2.6580000000010373,-1.5050000000005592,0.05948815531368368
327.70000000000005,-2.655000000001037,-1.5030000000005592,1.0594475049071796,-2.655000000001037,-1.5030000000005592,0.05944750490717965
327.8,-2.652000000001037,-1.5010000000005592,1.0594068545006756,-2.652000000001037,-1.5010000000005592,0.05940685450067562
327.90000000000003,-2.649000000001037,-1.4990000000005592,1.0593662040941716,-2.649000000001037,-1.4990000000005592,0.05936620409417159
328.0,-2.646000000001037,-1.4970000000005592,1.0593255536876676,-2.646000000001037,-1.4970000000005592,0.059325553687667565
328.1,-2.6430000000010367,-1.4950000000005592,1.0592849032811635,-2.6430000000010367,-1.4950000000005592,0.05928490328116354
328.20000000000005,-2.6400000000010366,-1.4930000000005592,1.0592442528746595,-2.6400000000010366,-1.4930000000005592,0.05924425287465951
328.3,-2.6370000000010365,-1.4910000000005592,1.0592036024681555,-2.6370000000010365,-1.4910000000005592,0.05920360246815548
328.40000000000003,-2.6340000000010364,-1.4890000000005592,1.0591629520616515,-2.6340000000010364,-1.4890000000005592,0.05916295206165145
328.5,-2.6310000000010363,-1.4870000000005592,1.0591223016551474,-2.6310000000010363,-1.4870000000005592,0.059122301655147425
328.6,-2.628000000001036,-1.4850000000005592,1.0590816512486434,-2.628000000001036,-1.4850000000005592,0.059081651248643396
328.70000000000005,-2.625000000001036,-1.4830000000005592,1.0590410008421394,-2.625000000001036,-1.4830000000005592,0.05904100084213937
328.8,-2.622000000001036,-1.4810000000005592,1.0590003504356353,-2.622000000001036,-1.4810000000005592,0.05900035043563534
328.90000000000003,-2.619000000001036,-1.4790000000005592,1.0589597000291313,-2.619000000001036,-1.4790000000005592,0.05895970002913131
329.0,-2.6160000000010357,-1.4770000000005592,1.0589190496226273,-2.6160000000010357,-1.4770000000005592,0.058919049622627284
329.1,-2.6130000000010356,-1.4750000000005592,1.0588783992161233,-2.6130000000010356,-1.4750000000005592,0.058878399216123256
329.20000000000005,-2.6100000000010355,-1.4730000000005592,1.0588377488096192,-2.6100000000010355,-1.4730000000005592,0.05883774880961923
329.3,-2.6070000000010354,-1.4710000000005592,1.0587970984031152,-2.6070000000010354,-1.4710000000005592,0.0587970984031152
329.40000000000003,-2.6040000000010353,-1.4690000000005592,1.0587564479966112,-2.6040000000010353,-1.4690000000005592,0.05875644799661117
329.5,-2.601000000001035,-1.4670000000005592,1.0587157975901071,-2.601000000001035,-1.4670000000005592,0.058715797590107144
329.6,-2.598000000001035,-1.4650000000005592,1.0586751471836031,-2.598000000001035,-1.4650000000005592,0.058675147183603116
329.70000000000005,-2.595000000001035,-1.4630000000005592,1.058634496777099,-2.595000000001035,-1.4630000000005592,0.05863449677709909
329.8,-2.592000000001035,-1.4610000000005592,1.058593846370595,-2.592000000001035,-1.4610000000005592,0.05859384637059506
329.90000000000003,-2.5890000000010347,-1.4590000000005592,1.058553195964091,-2.5890000000010347,-1.4590000000005592,0.05855319596409103
330.0,-2.5860000000010346,-1.4570000000005592,1.058512545557587,-2.5860000000010346,-1.4570000000005592,0.058512545557587003
330.1,-2.5830000000010345,-1.4550000000005592,1.058471895151083,-2.5830000000010345,-1.4550000000005592,0.058471895151082975
330.20000000000005,-2.5800000000010344,-1.4530000000005592,1.058431244744579,-2.5800000000010344,-1.4530000000005592,0.05843124474457895
330.3,-2.5770000000010342,-1.4510000000005592,1.058390594338075,-2.5770000000010342,-1.4510000000005592,0.05839059433807492
330.40000000000003,-2.574000000001034,-1.4490000000005592,1.058349943931571,-2.574000000001034,-1.4490000000005592,0.05834994393157089
330.5,-2.571000000001034,-1.4470000000005592,1.0583092935250669,-2.571000000001034,-1.4470000000005592,0.05830929352506686
330.6,-2.568000000001034,-1.4450000000005592,1.0582686431185628,-2.568000000001034,-1.4450000000005592,0.058268643118562835
330.70000000000005,-2.565000000001034,-1.4430000000005592,1.0582279927120588,-2.565000000001034,-1.4430000000005592,0.05822799271205881
330.8,-2.5620000000010337,-1.4410000000005592,1.0581873423055548,-2.5620000000010337,-1.4410000000005592,0.05818734230555478
330.90000000000003,-2.5590000000010336,-1.4390000000005592,1.0581466918990508,-2.5590000000010336,-1.4390000000005592,0.05814669189905075
331.0,-2.5560000000010334,-1.4370000000005592,1.0581060414925467,-2.5560000000010334,-1.4370000000005592,0.05810604149254672
331.1,-2.5530000000010333,-1.4350000000005592,1.0580653910860427,-2.5530000000010333,-1.4350000000005592,0.058065391086042695
331.20000000000005,-2.550000000001033,-1.4330000000005592,1.0580247406795387,-2.550000000001033,-1.4330000000005592,0.05802474067953867
331.3,-2.547000000001033,-1.4310000000005592,1.0579840902730346,-2.547000000001033,-1.4310000000005592,0.05798409027303464
331.40000000000003,-2.544000000001033,-1.4290000000005592,1.0579434398665306,-2.544000000001033,-1.4290000000005592,0.05794343986653061
331.5,-2.541000000001033,-1.4270000000005592,1.0579027894600266,-2.541000000001033,-1.4270000000005592,0.05790278946002658
331.6,-2.5380000000010328,-1.4250000000005592,1.0578621390535226,-2.5380000000010328,-1.4250000000005592,0.057862139053522554
331.70000000000005,-2.5350000000010326,-1.4230000000005592,1.0578214886470185,-2.5350000000010326,-1.4230000000005592,0.057821488647018526
331.8,-2.5320000000010325,-1.4210000000005591,1.0577808382405145,-2.5320000000010325,-1.4210000000005591,0.0577808382405145
331.90000000000003,-2.5290000000010324,-1.4190000000005591,1.0577401878340105,-2.5290000000010324,-1.4190000000005591,0.05774018783401047
332.0,-2.5260000000010323,-1.4170000000005591,1.0576995374275064,-2.5260000000010323,-1.4170000000005591,0.05769953742750644
332.1,-2.523000000001032,-1.4150000000005591,1.0576588870210024,-2.523000000001032,-1.4150000000005591,0.057658887021002414
332.20000000000005,-2.520000000001032,-1.4130000000005591,1.0576182366144984,-2.520000000001032,-1.4130000000005591,0.057618236614498386
332.3,-2.517000000001032,-1.4110000000005591,1.0575775862079944,-2.517000000001032,-1.4110000000005591,0.05757758620799436
332.40000000000003,-2.514000000001032,-1.4090000000005591,1.0575369358014903,-2.514000000001032,-1.4090000000005591,0.05753693580149033
332.5,-2.5110000000010317,-1.4070000000005591,1.0574962853949863,-2.5110000000010317,-1.4070000000005591,0.0574962853949863
332.6,-2.5080000000010316,-1.4050000000005591,1.0574556349884823,-2.5080000000010316,-1.4050000000005591,0.057455634988482274
332.70000000000005,-2.5050000000010315,-1.4030000000005591,1.0574149845819782,-2.5050000000010315,-1.4030000000005591,0.057414984581978246
332.8,-2.5020000000010314,-1.4010000000005591,1.0573743341754742,-2.5020000000010314,-1.4010000000005591,0.05737433417547422
332.90000000000003,-2.4990000000010313,-1.3990000000005591,1.0573336837689702,-2.4990000000010313,-1.3990000000005591,0.05733368376897019
333.0,-2.496000000001031,-1.3970000000005591,1.0572930333624662,-2.496000000001031,-1.3970000000005591,0.05729303336246616
333.1,-2.493000000001031,-1.3950000000005591,1.0572523829559621,-2.493000000001031,-1.3950000000005591,0.05725238295596213
333.20000000000005,-2.490000000001031,-1.3930000000005591,1.057211732549458,-2.490000000001031,-1.3930000000005591,0.057211732549458105
333.3,-2.487000000001031,-1.3910000000005591,1.057171082142954,-2.487000000001031,-1.3910000000005591,0.05717108214295408
333.40000000000003,-2.4840000000010307,-1.3890000000005591,1.05713043173645,-2.4840000000010307,-1.3890000000005591,0.05713043173645005
333.5,-2.4810000000010306,-1.3870000000005591,1.057089781329946,-2.4810000000010306,-1.3870000000005591,0.05708978132994602
333.6,-2.4780000000010305,-1.3850000000005591,1.057049130923442,-2.4780000000010305,-1.3850000000005591,0.05704913092344199
333.70000000000005,-2.4750000000010304,-1.3830000000005591,1.057008480516938,-2.4750000000010304,-1.3830000000005591,0.057008480516937965
333.8,-2.4720000000010303,-1.3810000000005591,1.056967830110434,-2.4720000000010303,-1.3810000000005591,0.05696783011043394
333.90000000000003,-2.46900000000103,-1.3790000000005591,1.05692717970393,-2.46900000000103,-1.3790000000005591,0.05692717970392991
334.0,-2.46600000000103,-1.377000000000559,1.0568865292974259,-2.46600000000103,-1.377000000000559,0.05688652929742588
334.1,-2.46300000000103,-1.375000000000559,1.0568458788909219,-2.46300000000103,-1.375000000000559,0.05684587889092185
334.20000000000005,-2.46000000000103,-1.373000000000559,1.0568052284844178,-2.46000000000103,-1.373000000000559,0.056805228484417825
334.3,-2.4570000000010297,-1.371000000000559,1.0567645780779138,-2.4570000000010297,-1.371000000000559,0.056764578077913797
334.40000000000003,-2.4540000000010296,-1.369000000000559,1.0567239276714098,-2.4540000000010296,-1.369000000000559,0.05672392767140977
334.5,-2.4510000000010295,-1.367000000000559,1.0566832772649057,-2.4510000000010295,-1.367000000000559,0.05668327726490574
334.6,-2.4480000000010294,-1.365000000000559,1.0566426268584017,-2.4480000000010294,-1.365000000000559,0.05664262685840171
334.70000000000005,-2.4450000000010292,-1.363000000000559,1.0566019764518977,-2.4450000000010292,-1.363000000000559,0.056601976451897684
334.8,-2.442000000001029,-1.361000000000559,1.0565613260453937,-2.442000000001029,-1.361000000000559,0.056561326045393656
334.90000000000003,-2.439000000001029,-1.359000000000559,1.0565206756388896,-2.439000000001029,-1.359000000000559,0.05652067563888963
335.0,-2.436000000001029,-1.357000000000559,1.0564800252323856,-2.436000000001029,-1.357000000000559,0.0564800252323856
335.1,-2.433000000001029,-1.355000000000559,1.0564393748258816,-2.433000000001029,-1.355000000000559,0.05643937482588157
335.20000000000005,-2.4300000000010287,-1.353000000000559,1.0563987244193775,-2.4300000000010287,-1.353000000000559,0.056398724419377544
335.3,-2.4270000000010286,-1.351000000000559,1.0563580740128735,-2.4270000000010286,-1.351000000000559,0.056358074012873516
335.40000000000003,-2.4240000000010284,-1.349000000000559,1.0563174236063695,-2.4240000000010284,-1.349000000000559,0.05631742360636949
335.5,-2.4210000000010283,-1.347000000000559,1.0562767731998655,-2.4210000000010283,-1.347000000000559,0.05627677319986546
335.6,-2.418000000001028,-1.345000000000559,1.0562361227933614,-2.418000000001028,-1.345000000000559,0.05623612279336143
335.70000000000005,-2.415000000001028,-1.343000000000559,1.0561954723868574,-2.415000000001028,-1.343000000000559,0.056195472386857404
335.8,-2.412000000001028,-1.341000000000559,1.0561548219803534,-2.412000000001028,-1.341000000000559,0.056154821980353375
335.90000000000003,-2.409000000001028,-1.339000000000559,1.0561141715738493,-2.409000000001028,-1.339000000000559,0.05611417157384935
336.0,-2.4060000000010278,-1.337000000000559,1.0560735211673453,-2.4060000000010278,-1.337000000000559,0.05607352116734532
336.1,-2.4030000000010276,-1.335000000000559,1.0560328707608413,-2.4030000000010276,-1.335000000000559,0.05603287076084129
336.20000000000005,-2.4000000000010275,-1.333000000000559,1.0559922203543373,-2.4000000000010275,-1.333000000000559,0.05599222035433726
336.3,-2.3970000000010274,-1.331000000000559,1.0559515699478332,-2.3970000000010274,-1.331000000000559,0.055951569947833235
336.40000000000003,-2.3940000000010273,-1.329000000000559,1.0559109195413292,-2.3940000000010273,-1.329000000000559,0.05591091954132921
336.5,-2.391000000001027,-1.327000000000559,1.0558702691348252,-2.391000000001027,-1.327000000000559,0.05587026913482518
336.6,-2.388000000001027,-1.325000000000559,1.0558296187283212,-2.388000000001027,-1.325000000000559,0.05582961872832115
336.70000000000005,-2.385000000001027,-1.323000000000559,1.0557889683218171,-2.385000000001027,-1.323000000000559,0.05578896832181712
336.8,-2.382000000001027,-1.321000000000559,1.055748317915313,-2.382000000001027,-1.321000000000559,0.055748317915313095
336.90000000000003,-2.3790000000010267,-1.319000000000559,1.055707667508809,-2.3790000000010267,-1.319000000000559,0.05570766750880907
337.0,-2.3760000000010266,-1.317000000000559,1.055667017102305,-2.3760000000010266,-1.317000000000559,0.05566701710230504
337.1,-2.3730000000010265,-1.315000000000559,1.055626366695801,-2.3730000000010265,-1.315000000000559,0.05562636669580101
337.20000000000005,-2.3700000000010264,-1.313000000000559,1.055585716289297,-2.3700000000010264,-1.313000000000559,0.05558571628929698
337.3,-2.3670000000010263,-1.311000000000559,1.055545065882793,-2.3670000000010263,-1.311000000000559,0.055545065882792954
337.40000000000003,-2.364000000001026,-1.309000000000559,1.055504415476289,-2.364000000001026,-1.309000000000559,0.055504415476288926
337.5,-2.361000000001026,-1.307000000000559,1.055463765069785,-2.361000000001026,-1.307000000000559,0.0554637650697849
337.6,-2.358000000001026,-1.305000000000559,1.0554231146632809,-2.358000000001026,-1.305000000000559,0.05542311466328087
337.70000000000005,-2.355000000001026,-1.303000000000559,1.0553824642567768,-2.355000000001026,-1.303000000000559,0.05538246425677684
337.8,-2.3520000000010257,-1.301000000000559,1.0553418138502728,-2.3520000000010257,-1.301000000000559,0.055341813850272814
337.90000000000003,-2.3490000000010256,-1.299000000000559,1.0553011634437688,-2.3490000000010256,-1.299000000000559,0.055301163443768786
338.0,-2.3460000000010255,-1.297000000000559,1.0552605130372648,-2.3460000000010255,-1.297000000000559,0.05526051303726476
338.1,-2.3430000000010254,-1.295000000000559,1.0552198626307607,-2.3430000000010254,-1.295000000000559,0.05521986263076073
338.20000000000005,-2.3400000000010253,-1.293000000000559,1.0551792122242567,-2.3400000000010253,-1.293000000000559,0.0551792122242567
338.3,-2.337000000001025,-1.291000000000559,1.0551385618177527,-2.337000000001025,-1.291000000000559,0.055138561817752674
338.40000000000003,-2.334000000001025,-1.289000000000559,1.0550979114112486,-2.334000000001025,-1.289000000000559,0.055097911411248646
338.5,-2.331000000001025,-1.287000000000559,1.0550572610047446,-2.331000000001025,-1.287000000000559,0.05505726100474462
338.6,-2.328000000001025,-1.285000000000559,1.0550166105982406,-2.328000000001025,-1.285000000000559,0.05501661059824059
338.70000000000005,-2.3250000000010247,-1.283000000000559,1.0549759601917366,-2.3250000000010247,-1.283000000000559,0.05497596019173656
338.8,-2.3220000000010246,-1.281000000000559,1.0549353097852325,-2.3220000000010246,-1.281000000000559,0.05493530978523253
338.90000000000003,-2.3190000000010245,-1.279000000000559,1.0548946593787285,-2.3190000000010245,-1.279000000000559,0.054894659378728505
339.0,-2.3160000000010244,-1.277000000000559,1.0548540089722245,-2.3160000000010244,-1.277000000000559,0.05485400897222448
339.1,-2.3130000000010242,-1.275000000000559,1.0548133585657204,-2.3130000000010242,-1.275000000000559,0.05481335856572045
339.20000000000005,-2.310000000001024,-1.273000000000559,1.0547727081592164,-2.310000000001024,-1.273000000000559,0.05477270815921642
339.3,-2.307000000001024,-1.271000000000559,1.0547320577527124,-2.307000000001024,-1.271000000000559,0.05473205775271239
339.40000000000003,-2.304000000001024,-1.269000000000559,1.0546914073462084,-2.304000000001024,-1.269000000000559,0.054691407346208365
339.5,-2.301000000001024,-1.267000000000559,1.0546507569397043,-2.301000000001024,-1.267000000000559,0.05465075693970434
339.6,-2.2980000000010237,-1.265000000000559,1.0546101065332003,-2.2980000000010237,-1.265000000000559,0.05461010653320031
339.70000000000005,-2.2950000000010236,-1.263000000000559,1.0545694561266963,-2.2950000000010236,-1.263000000000559,0.05456945612669628
339.8,-2.2920000000010234,-1.261000000000559,1.0545288057201923,-2.2920000000010234,-1.261000000000559,0.05452880572019225
339.90000000000003,-2.2890000000010233,-1.259000000000559,1.0544881553136882,-2.2890000000010233,-1.259000000000559,0.054488155313688225
340.0,-2.286000000001023,-1.257000000000559,1.0544475049071842,-2.286000000001023,-1.257000000000559,0.0544475049071842
340.1,-2.283000000001023,-1.255000000000559,1.0544068545006802,-2.283000000001023,-1.255000000000559,0.05440685450068017
340.20000000000005,-2.280000000001023,-1.253000000000559,1.0543662040941761,-2.280000000001023,-1.253000000000559,0.05436620409417614
340.3,-2.277000000001023,-1.251000000000559,1.0543255536876721,-2.277000000001023,-1.251000000000559,0.05432555368767211
340.40000000000003,-2.2740000000010228,-1.249000000000559,1.054284903281168,-2.2740000000010228,-1.249000000000559,0.054284903281168084
340.5,-2.2710000000010226,-1.247000000000559,1.054244252874664,-2.2710000000010226,-1.247000000000559,0.054244252874664056
340.6,-2.2680000000010225,-1.245000000000559,1.05420360246816,-2.2680000000010225,-1.245000000000559,0.05420360246816003
340.70000000000005,-2.2650000000010224,-1.243000000000559,1.054162952061656,-2.2650000000010224,-1.243000000000559,0.054162952061656
340.8,-2.2620000000010223,-1.241000000000559,1.054122301655152,-2.2620000000010223,-1.241000000000559,0.05412230165515197
340.90000000000003,-2.259000000001022,-1.239000000000559,1.054081651248648,-2.259000000001022,-1.239000000000559,0.054081651248647944
341.0,-2.256000000001022,-1.237000000000559,1.054041000842144,-2.256000000001022,-1.237000000000559,0.054041000842143916
341.1,-2.253000000001022,-1.235000000000559,1.0540003504356399,-2.253000000001022,-1.235000000000559,0.05400035043563989
341.20000000000005,-2.250000000001022,-1.233000000000559,1.0539597000291359,-2.250000000001022,-1.233000000000559,0.05395970002913586
341.3,-2.2470000000010217,-1.231000000000559,1.0539190496226318,-2.2470000000010217,-1.231000000000559,0.05391904962263183
341.40000000000003,-2.2440000000010216,-1.229000000000559,1.0538783992161278,-2.2440000000010216,-1.229000000000559,0.053878399216127804
341.5,-2.2410000000010215,-1.227000000000559,1.0538377488096238,-2.2410000000010215,-1.227000000000559,0.053837748809623776
341.6,-2.2380000000010214,-1.225000000000559,1.0537970984031197,-2.2380000000010214,-1.225000000000559,0.05379709840311975
341.70000000000005,-2.2350000000010213,-1.223000000000559,1.0537564479966157,-2.2350000000010213,-1.223000000000559,0.05375644799661572
341.8,-2.232000000001021,-1.221000000000559,1.0537157975901117,-2.232000000001021,-1.221000000000559,0.05371579759011169
341.90000000000003,-2.229000000001021,-1.219000000000559,1.0536751471836077,-2.229000000001021,-1.219000000000559,0.05367514718360766
342.0,-2.226000000001021,-1.217000000000559,1.0536344967771036,-2.226000000001021,-1.217000000000559,0.053634496777103635
342.1,-2.223000000001021,-1.215000000000559,1.0535938463705996,-2.223000000001021,-1.215000000000559,0.05359384637059961
342.20000000000005,-2.2200000000010207,-1.213000000000559,1.0535531959640956,-2.2200000000010207,-1.213000000000559,0.05355319596409558
342.3,-2.2170000000010206,-1.211000000000559,1.0535125455575916,-2.2170000000010206,-1.211000000000559,0.05351254555759155
342.40000000000003,-2.2140000000010205,-1.209000000000559,1.0534718951510875,-2.2140000000010205,-1.209000000000559,0.05347189515108752
342.5,-2.2110000000010204,-1.207000000000559,1.0534312447445835,-2.2110000000010204,-1.207000000000559,0.053431244744583495
342.6,-2.2080000000010203,-1.205000000000559,1.0533905943380795,-2.2080000000010203,-1.205000000000559,0.05339059433807947
342.70000000000005,-2.20500000000102,-1.203000000000559,1.0533499439315754,-2.20500000000102,-1.203000000000559,0.05334994393157544
342.8,-2.20200000000102,-1.201000000000559,1.0533092935250714,-2.20200000000102,-1.201000000000559,0.05330929352507141
342.90000000000003,-2.19900000000102,-1.199000000000559,1.0532686431185674,-2.19900000000102,-1.199000000000559,0.05326864311856738
343.0,-2.19600000000102,-1.197000000000559,1.0532279927120634,-2.19600000000102,-1.197000000000559,0.053227992712063354
343.1,-2.1930000000010197,-1.195000000000559,1.0531873423055593,-2.1930000000010197,-1.195000000000559,0.053187342305559326
343.20000000000005,-2.1900000000010196,-1.193000000000559,1.0531466918990553,-2.1900000000010196,-1.193000000000559,0.0531466918990553
343.3,-2.1870000000010195,-1.191000000000559,1.0531060414925513,-2.1870000000010195,-1.191000000000559,0.05310604149255127
343.40000000000003,-2.1840000000010193,-1.189000000000559,1.0530653910860472,-2.1840000000010193,-1.189000000000559,0.05306539108604724
343.5,-2.1810000000010192,-1.187000000000559,1.0530247406795432,-2.1810000000010192,-1.187000000000559,0.053024740679543214
343.6,-2.178000000001019,-1.185000000000559,1.0529840902730392,-2.178000000001019,-1.185000000000559,0.052984090273039186
343.70000000000005,-2.175000000001019,-1.183000000000559,1.0529434398665352,-2.175000000001019,-1.183000000000559,0.05294343986653516
343.8,-2.172000000001019,-1.181000000000559,1.0529027894600311,-2.172000000001019,-1.181000000000559,0.05290278946003113
343.90000000000003,-2.169000000001019,-1.179000000000559,1.052862139053527,-2.169000000001019,-1.179000000000559,0.0528621390535271
344.0,-2.1660000000010187,-1.177000000000559,1.052821488647023,-2.1660000000010187,-1.177000000000559,0.052821488647023074
344.1,-2.1630000000010186,-1.175000000000559,1.052780838240519,-2.1630000000010186,-1.175000000000559,0.052780838240519046
344.20000000000005,-2.1600000000010184,-1.173000000000559,1.052740187834015,-2.1600000000010184,-1.173000000000559,0.05274018783401502
344.3,-2.1570000000010183,-1.171000000000559,1.052699537427511,-2.1570000000010183,-1.171000000000559,0.05269953742751099
344.40000000000003,-2.154000000001018,-1.169000000000559,1.052658887021007,-2.154000000001018,-1.169000000000559,0.05265888702100696
344.5,-2.151000000001018,-1.167000000000559,1.052618236614503,-2.151000000001018,-1.167000000000559,0.05261823661450293
344.6,-2.148000000001018,-1.165000000000559,1.052577586207999,-2.148000000001018,-1.165000000000559,0.052577586207998905
344.70000000000005,-2.145000000001018,-1.163000000000559,1.0525369358014949,-2.145000000001018,-1.163000000000559,0.05253693580149488
344.8,-2.1420000000010178,-1.161000000000559,1.0524962853949908,-2.1420000000010178,-1.161000000000559,0.05249628539499085
344.90000000000003,-2.1390000000010176,-1.159000000000559,1.0524556349884868,-2.1390000000010176,-1.159000000000559,0.05245563498848682
345.0,-2.1360000000010175,-1.157000000000559,1.0524149845819828,-2.1360000000010175,-1.157000000000559,0.05241498458198279
345.1,-2.1330000000010174,-1.155000000000559,1.0523743341754788,-2.1330000000010174,-1.155000000000559,0.052374334175478765
345.20000000000005,-2.1300000000010173,-1.153000000000559,1.0523336837689747,-2.1300000000010173,-1.153000000000559,0.05233368376897474
345.3,-2.127000000001017,-1.151000000000559,1.0522930333624707,-2.127000000001017,-1.151000000000559,0.05229303336247071
345.40000000000003,-2.124000000001017,-1.149000000000559,1.0522523829559667,-2.124000000001017,-1.149000000000559,0.05225238295596668
345.5,-2.121000000001017,-1.147000000000559,1.0522117325494627,-2.121000000001017,-1.147000000000559,0.05221173254946265
345.6,-2.118000000001017,-1.145000000000559,1.0521710821429586,-2.118000000001017,-1.145000000000559,0.052171082142958625
345.70000000000005,-2.1150000000010167,-1.143000000000559,1.0521304317364546,-2.1150000000010167,-1.143000000000559,0.0521304317364546
345.8,-2.1120000000010166,-1.141000000000559,1.0520897813299506,-2.1120000000010166,-1.141000000000559,0.05208978132995057
345.90000000000003,-2.1090000000010165,-1.139000000000559,1.0520491309234465,-2.1090000000010165,-1.139000000000559,0.05204913092344654
346.0,-2.1060000000010164,-1.137000000000559,1.0520084805169425,-2.1060000000010164,-1.137000000000559,0.05200848051694251
346.1,-2.1030000000010163,-1.135000000000559,1.0519678301104385,-2.1030000000010163,-1.135000000000559,0.051967830110438484
346.20000000000005,-2.100000000001016,-1.133000000000559,1.0519271797039345,-2.100000000001016,-1.133000000000559,0.051927179703934456
346.3,-2.097000000001016,-1.131000000000559,1.0518865292974304,-2.097000000001016,-1.131000000000559,0.05188652929743043
346.40000000000003,-2.094000000001016,-1.129000000000559,1.0518458788909264,-2.094000000001016,-1.129000000000559,0.0518458788909264
346.5,-2.091000000001016,-1.1270000000005589,1.0518052284844224,-2.091000000001016,-1.1270000000005589,0.05180522848442237
346.6,-2.0880000000010157,-1.1250000000005589,1.0517645780779183,-2.0880000000010157,-1.1250000000005589,0.051764578077918344
346.70000000000005,-2.0850000000010156,-1.1230000000005589,1.0517239276714143,-2.0850000000010156,-1.1230000000005589,0.051723927671414316
346.8,-2.0820000000010155,-1.1210000000005589,1.0516832772649103,-2.0820000000010155,-1.1210000000005589,0.05168327726491029
346.90000000000003,-2.0790000000010154,-1.1190000000005589,1.0516426268584063,-2.0790000000010154,-1.1190000000005589,0.05164262685840626
347.0,-2.0760000000010153,-1.1170000000005589,1.0516019764519022,-2.0760000000010153,-1.1170000000005589,0.05160197645190223
347.1,-2.073000000001015,-1.1150000000005589,1.0515613260453982,-2.073000000001015,-1.1150000000005589,0.051561326045398204
347.20000000000005,-2.070000000001015,-1.1130000000005589,1.0515206756388942,-2.070000000001015,-1.1130000000005589,0.051520675638894176
347.3,-2.067000000001015,-1.1110000000005589,1.0514800252323901,-2.067000000001015,-1.1110000000005589,0.05148002523239015
347.40000000000003,-2.064000000001015,-1.1090000000005589,1.0514393748258861,-2.064000000001015,-1.1090000000005589,0.05143937482588612
347.5,-2.0610000000010147,-1.1070000000005589,1.051398724419382,-2.0610000000010147,-1.1070000000005589,0.05139872441938209
347.6,-2.0580000000010146,-1.1050000000005589,1.051358074012878,-2.0580000000010146,-1.1050000000005589,0.05135807401287806
347.70000000000005,-2.0550000000010145,-1.1030000000005589,1.051317423606374,-2.0550000000010145,-1.1030000000005589,0.051317423606374035
347.8,-2.0520000000010143,-1.1010000000005589,1.05127677319987,-2.0520000000010143,-1.1010000000005589,0.05127677319987001
347.90000000000003,-2.0490000000010142,-1.0990000000005589,1.051236122793366,-2.0490000000010142,-1.0990000000005589,0.05123612279336598
348.0,-2.046000000001014,-1.0970000000005589,1.051195472386862,-2.046000000001014,-1.0970000000005589,0.05119547238686195
348.1,-2.043000000001014,-1.0950000000005589,1.051154821980358,-2.043000000001014,-1.0950000000005589,0.05115482198035792
348.20000000000005,-2.040000000001014,-1.0930000000005589,1.051114171573854,-2.040000000001014,-1.0930000000005589,0.051114171573853895
348.3,-2.0370000000010138,-1.0910000000005589,1.0510735211673499,-2.0370000000010138,-1.0910000000005589,0.05107352116734987
348.40000000000003,-2.0340000000010137,-1.0890000000005589,1.0510328707608458,-2.0340000000010137,-1.0890000000005589,0.05103287076084584
348.5,-2.0310000000010136,-1.0870000000005589,1.0509922203543418,-2.0310000000010136,-1.0870000000005589,0.05099222035434181
348.6,-2.0280000000010134,-1.0850000000005589,1.0509515699478378,-2.0280000000010134,-1.0850000000005589,0.05095156994783778
348.70000000000005,-2.0250000000010133,-1.0830000000005588,1.0509109195413338,-2.0250000000010133,-1.0830000000005588,0.050910919541333755
348.8,-2.022000000001013,-1.0810000000005588,1.0508702691348297,-2.022000000001013,-1.0810000000005588,0.050870269134829726
348.90000000000003,-2.019000000001013,-1.0790000000005588,1.0508296187283257,-2.019000000001013,-1.0790000000005588,0.0508296187283257
349.0,-2.016000000001013,-1.0770000000005588,1.0507889683218217,-2.016000000001013,-1.0770000000005588,0.05078896832182167
349.1,-2.013000000001013,-1.0750000000005588,1.0507483179153176,-2.013000000001013,-1.0750000000005588,0.05074831791531764
349.20000000000005,-2.0100000000010128,-1.0730000000005588,1.0507076675088136,-2.0100000000010128,-1.0730000000005588,0.050707667508813614
349.3,-2.0070000000010126,-1.0710000000005588,1.0506670171023096,-2.0070000000010126,-1.0710000000005588,0.050667017102309586
349.40000000000003,-2.0040000000010125,-1.0690000000005588,1.0506263666958056,-2.0040000000010125,-1.0690000000005588,0.05062636669580556
349.5,-2.0010000000010124,-1.0670000000005588,1.0505857162893015,-2.0010000000010124,-1.0670000000005588,0.05058571628930153
349.6,-1.9980000000010125,-1.0650000000005588,1.0505450658827975,-1.9980000000010125,-1.0650000000005588,0.0505450658827975
349.70000000000005,-1.9950000000010126,-1.0630000000005588,1.0505044154762935,-1.9950000000010126,-1.0630000000005588,0.050504415476293474
349.8,-1.9930000000010126,-1.0610000000005588,1.0504637650697894,-1.9930000000010126,-1.0610000000005588,0.050463765069789446
349.90000000000003,-1.9910000000010126,-1.0590000000005588,1.0504231146632854,-1.9910000000010126,-1.0590000000005588,0.05042311466328542
350.0,-1.9890000000010126,-1.0570000000005588,1.0503824642567814,-1.9890000000010126,-1.0570000000005588,0.05038246425678139
350.1,-1.9870000000010126,-1.0550000000005588,1.0503418138502774,-1.9870000000010126,-1.0550000000005588,0.05034181385027736
350.20000000000005,-1.9850000000010126,-1.0530000000005588,1.0503011634437733,-1.9850000000010126,-1.0530000000005588,0.050301163443773333
350.3,-1.9830000000010126,-1.0510000000005588,1.0502605130372693,-1.9830000000010126,-1.0510000000005588,0.050260513037269305
350.40000000000003,-1.9810000000010126,-1.0490000000005588,1.0502198626307653,-1.9810000000010126,-1.0490000000005588,0.05021986263076528
350.5,-1.9790000000010126,-1.0470000000005588,1.0501792122242612,-1.9790000000010126,-1.0470000000005588,0.05017921222426125
350.6,-1.9770000000010126,-1.0450000000005588,1.0501385618177572,-1.9770000000010126,-1.0450000000005588,0.05013856181775722
350.70000000000005,-1.9750000000010126,-1.0430000000005588,1.0500979114112532,-1.9750000000010126,-1.0430000000005588,0.05009791141125319
350.8,-1.9730000000010126,-1.0410000000005588,1.0500572610047492,-1.9730000000010126,-1.0410000000005588,0.050057261004749165
350.90000000000003,-1.9710000000010126,-1.0390000000005588,1.0500166105982451,-1.9710000000010126,-1.0390000000005588,0.05001661059824514
351.0,-1.9690000000010126,-1.0370000000005588,1.049975960191741,-1.9690000000010126,-1.0370000000005588,0.04997596019174111
351.1,-1.9670000000010126,-1.0350000000005588,1.049935309785237,-1.9670000000010126,-1.0350000000005588,0.04993530978523708
351.20000000000005,-1.9650000000010126,-1.0330000000005588,1.049894659378733,-1.9650000000010126,-1.0330000000005588,0.04989465937873305
351.3,-1.9630000000010126,-1.0310000000005588,1.049854008972229,-1.9630000000010126,-1.0310000000005588,0.049854008972229025
351.40000000000003,-1.9610000000010126,-1.0290000000005588,1.049813358565725,-1.9610000000010126,-1.0290000000005588,0.049813358565725
351.5,-1.9590000000010126,-1.0270000000005588,1.049772708159221,-1.9590000000010126,-1.0270000000005588,0.04977270815922097
351.6,-1.9570000000010126,-1.0250000000005588,1.049732057752717,-1.9570000000010126,-1.0250000000005588,0.04973205775271694
351.70000000000005,-1.9550000000010126,-1.0230000000005588,1.049691407346213,-1.9550000000010126,-1.0230000000005588,0.04969140734621291
351.8,-1.9530000000010126,-1.0210000000005588,1.0496507569397089,-1.9530000000010126,-1.0210000000005588,0.049650756939708884
351.90000000000003,-1.9510000000010126,-1.0190000000005588,1.0496101065332049,-1.9510000000010126,-1.0190000000005588,0.049610106533204856
352.0,-1.9490000000010126,-1.0170000000005588,1.0495694561267008,-1.9490000000010126,-1.0170000000005588,0.04956945612670083
352.1,-1.9470000000010126,-1.0150000000005588,1.0495288057201968,-1.9470000000010126,-1.0150000000005588,0.0495288057201968
352.20000000000005,-1.9450000000010126,-1.0130000000005588,1.0494881553136928,-1.9450000000010126,-1.0130000000005588,0.04948815531369277
352.3,-1.9430000000010126,-1.0110000000005588,1.0494475049071887,-1.9430000000010126,-1.0110000000005588,0.049447504907188744
352.40000000000003,-1.9410000000010126,-1.0090000000005588,1.0494068545006847,-1.9410000000010126,-1.0090000000005588,0.049406854500684716
352.5,-1.9390000000010126,-1.0070000000005588,1.0493662040941807,-1.9390000000010126,-1.0070000000005588,0.04936620409418069
352.6,-1.9370000000010126,-1.0050000000005588,1.0493255536876767,-1.9370000000010126,-1.0050000000005588,0.04932555368767666
352.70000000000005,-1.9350000000010126,-1.0030000000005588,1.0492849032811726,-1.9350000000010126,-1.0030000000005588,0.04928490328117263
352.8,-1.9330000000010126,-1.0010000000005588,1.0492442528746686,-1.9330000000010126,-1.0010000000005588,0.049244252874668604
352.90000000000003,-1.9310000000010126,-0.9990000000005588,1.0492036024681646,-1.9310000000010126,-0.9990000000005588,0.049203602468164576
353.0,-1.9290000000010126,-0.9970000000005588,1.0491629520616605,-1.9290000000010126,-0.9970000000005588,0.04916295206166055
353.1,-1.9270000000010126,-0.9960000000005588,1.0491223016551565,-1.9270000000010126,-0.9960000000005588,0.04912230165515652
353.20000000000005,-1.9250000000010126,-0.9950000000005588,1.0490983016551565,-1.9250000000010126,-0.9950000000005588,0.049098301655156495
353.3,-1.9230000000010126,-0.9940000000005588,1.0490743016551565,-1.9230000000010126,-0.9940000000005588,0.04907430165515647
353.40000000000003,-1.9210000000010126,-0.9930000000005588,1.0490503016551564,-1.9210000000010126,-0.9930000000005588,0.04905030165515645
353.5,-1.9190000000010126,-0.9920000000005588,1.0490263016551564,-1.9190000000010126,-0.9920000000005588,0.04902630165515642
353.6,-1.9170000000010126,-0.9910000000005588,1.0490023016551564,-1.9170000000010126,-0.9910000000005588,0.0490023016551564
353.70000000000005,-1.9150000000010126,-0.9900000000005588,1.0489783016551564,-1.9150000000010126,-0.9900000000005588,0.048978301655156375
353.8,-1.9130000000010126,-0.9890000000005588,1.0489543016551564,-1.9130000000010126,-0.9890000000005588,0.04895430165515635
353.90000000000003,-1.9110000000010126,-0.9880000000005588,1.0489303016551563,-1.9110000000010126,-0.9880000000005588,0.04893030165515633
354.0,-1.9090000000010126,-0.9870000000005588,1.0489063016551563,-1.9090000000010126,-0.9870000000005588,0.0489063016551563
354.1,-1.9070000000010126,-0.9860000000005588,1.0488823016551563,-1.9070000000010126,-0.9860000000005588,0.04888230165515628
354.20000000000005,-1.9050000000010126,-0.9850000000005588,1.0488583016551563,-1.9050000000010126,-0.9850000000005588,0.048858301655156255
354.3,-1.9030000000010125,-0.9840000000005588,1.0488343016551562,-1.9030000000010125,-0.9840000000005588,0.04883430165515623
354.40000000000003,-1.9010000000010125,-0.9830000000005588,1.0488103016551562,-1.9010000000010125,-0.9830000000005588,0.04881030165515621
354.5,-1.8990000000010125,-0.9820000000005588,1.0487863016551562,-1.8990000000010125,-0.9820000000005588,0.04878630165515618
354.6,-1.8970000000010125,-0.9810000000005588,1.0487623016551562,-1.8970000000010125,-0.9810000000005588,0.04876230165515616
354.70000000000005,-1.8950000000010125,-0.9800000000005588,1.0487383016551561,-1.8950000000010125,-0.9800000000005588,0.048738301655156135
354.8,-1.8930000000010125,-0.9790000000005588,1.0487143016551561,-1.8930000000010125,-0.9790000000005588,0.04871430165515611
354.90000000000003,-1.8910000000010125,-0.9780000000005588,1.048690301655156,-1.8910000000010125,-0.9780000000005588,0.04869030165515609
355.0,-1.8890000000010125,-0.9770000000005588,1.048666301655156,-1.8890000000010125,-0.9770000000005588,0.04866630165515606
355.1,-1.8870000000010125,-0.9760000000005588,1.048642301655156,-1.8870000000010125,-0.9760000000005588,0.04864230165515604
355.20000000000005,-1.8850000000010125,-0.9750000000005588,1.048618301655156,-1.8850000000010125,-0.9750000000005588,0.048618301655156015
355.3,-1.8830000000010125,-0.9740000000005588,1.048594301655156,-1.8830000000010125,-0.9740000000005588,0.04859430165515599
355.40000000000003,-1.8810000000010125,-0.9730000000005588,1.048570301655156,-1.8810000000010125,-0.9730000000005588,0.04857030165515597
355.5,-1.8790000000010125,-0.9720000000005588,1.048546301655156,-1.8790000000010125,-0.9720000000005588,0.04854630165515594
355.6,-1.8770000000010125,-0.9710000000005587,1.048522301655156,-1.8770000000010125,-0.9710000000005587,0.04852230165515592
355.70000000000005,-1.8750000000010125,-0.9700000000005587,1.048498301655156,-1.8750000000010125,-0.9700000000005587,0.048498301655155895
355.8,-1.8730000000010125,-0.9690000000005587,1.0484743016551559,-1.8730000000010125,-0.9690000000005587,0.04847430165515587
355.90000000000003,-1.8710000000010125,-0.9680000000005587,1.0484503016551558,-1.8710000000010125,-0.9680000000005587,0.04845030165515585
356.0,-1.8690000000010125,-0.9670000000005587,1.0484263016551558,-1.8690000000010125,-0.9670000000005587,0.04842630165515582
356.1,-1.8670000000010125,-0.9660000000005587,1.0484023016551558,-1.8670000000010125,-0.9660000000005587,0.0484023016551558
356.20000000000005,-1.8650000000010125,-0.9650000000005587,1.0483783016551558,-1.8650000000010125,-0.9650000000005587,0.048378301655155775
356.3,-1.8630000000010125,-0.9640000000005587,1.0483543016551558,-1.8630000000010125,-0.9640000000005587,0.04835430165515575
356.40000000000003,-1.8610000000010125,-0.9630000000005587,1.0483303016551557,-1.8610000000010125,-0.9630000000005587,0.04833030165515573
356.5,-1.8590000000010125,-0.9620000000005587,1.0483063016551557,-1.8590000000010125,-0.9620000000005587,0.0483063016551557
356.6,-1.8570000000010125,-0.9610000000005587,1.0482823016551557,-1.8570000000010125,-0.9610000000005587,0.04828230165515568
356.70000000000005,-1.8550000000010125,-0.9600000000005587,1.0482583016551557,-1.8550000000010125,-0.9600000000005587,0.048258301655155655
356.8,-1.8530000000010125,-0.9590000000005587,1.0482343016551556,-1.8530000000010125,-0.9590000000005587,0.04823430165515563
356.90000000000003,-1.8510000000010125,-0.9580000000005587,1.0482103016551556,-1.8510000000010125,-0.9580000000005587,0.04821030165515561
357.0,-1.8490000000010125,-0.9570000000005587,1.0481863016551556,-1.8490000000010125,-0.9570000000005587,0.04818630165515558
357.1,-1.8470000000010125,-0.9560000000005587,1.0481623016551556,-1.8470000000010125,-0.9560000000005587,0.04816230165515556
357.20000000000005,-1.8450000000010125,-0.9550000000005587,1.0481383016551555,-1.8450000000010125,-0.9550000000005587,0.048138301655155535
357.3,-1.8430000000010125,-0.9540000000005587,1.0481143016551555,-1.8430000000010125,-0.9540000000005587,0.04811430165515551
357.40000000000003,-1.8410000000010125,-0.9530000000005587,1.0480903016551555,-1.8410000000010125,-0.9530000000005587,0.04809030165515549
357.5,-1.8390000000010125,-0.9520000000005587,1.0480663016551555,-1.8390000000010125,-0.9520000000005587,0.04806630165515546
357.6,-1.8370000000010125,-0.9510000000005587,1.0480423016551554,-1.8370000000010125,-0.9510000000005587,0.04804230165515544
357.70000000000005,-1.8350000000010125,-0.9500000000005587,1.0480183016551554,-1.8350000000010125,-0.9500000000005587,0.048018301655155415
357.8,-1.8330000000010125,-0.9490000000005587,1.0479943016551554,-1.8330000000010125,-0.9490000000005587,0.04799430165515539
357.90000000000003,-1.8310000000010125,-0.9480000000005587,1.0479703016551554,-1.8310000000010125,-0.9480000000005587,0.04797030165515537
358.0,-1.8290000000010125,-0.9470000000005587,1.0479463016551553,-1.8290000000010125,-0.9470000000005587,0.04794630165515534
358.1,-1.8270000000010125,-0.9460000000005587,1.0479223016551553,-1.8270000000010125,-0.9460000000005587,0.04792230165515532
358.20000000000005,-1.8250000000010125,-0.9450000000005587,1.0478983016551553,-1.8250000000010125,-0.9450000000005587,0.047898301655155295
358.3,-1.8230000000010125,-0.9440000000005587,1.0478743016551553,-1.8230000000010125,-0.9440000000005587,0.04787430165515527
358.40000000000003,-1.8210000000010125,-0.9430000000005587,1.0478503016551552,-1.8210000000010125,-0.9430000000005587,0.04785030165515525
358.5,-1.8190000000010125,-0.9420000000005587,1.0478263016551552,-1.8190000000010125,-0.9420000000005587,0.04782630165515522
358.6,-1.8170000000010125,-0.9410000000005587,1.0478023016551552,-1.8170000000010125,-0.9410000000005587,0.0478023016551552
358.70000000000005,-1.8150000000010125,-0.9400000000005587,1.0477783016551552,-1.8150000000010125,-0.9400000000005587,0.047778301655155175
358.8,-1.8130000000010125,-0.9390000000005587,1.0477543016551552,-1.8130000000010125,-0.9390000000005587,0.04775430165515515
358.90000000000003,-1.8110000000010125,-0.9380000000005587,1.0477303016551551,-1.8110000000010125,-0.9380000000005587,0.04773030165515513
359.0,-1.8090000000010125,-0.9370000000005587,1.047706301655155,-1.8090000000010125,-0.9370000000005587,0.0477063016551551
359.1,-1.8070000000010125,-0.9360000000005587,1.047682301655155,-1.8070000000010125,-0.9360000000005587,0.04768230165515508
359.20000000000005,-1.8050000000010125,-0.9350000000005587,1.047658301655155,-1.8050000000010125,-0.9350000000005587,0.047658301655155055
359.3,-1.8030000000010125,-0.9340000000005587,1.047634301655155,-1.8030000000010125,-0.9340000000005587,0.04763430165515503
359.40000000000003,-1.8010000000010125,-0.9330000000005587,1.047610301655155,-1.8010000000010125,-0.9330000000005587,0.04761030165515501
359.5,-1.7990000000010125,-0.9320000000005587,1.047586301655155,-1.7990000000010125,-0.9320000000005587,0.04758630165515498
359.6,-1.7970000000010125,-0.9310000000005587,1.047562301655155,-1.7970000000010125,-0.9310000000005587,0.04756230165515496
359.70000000000005,-1.7950000000010125,-0.9300000000005587,1.047538301655155,-1.7950000000010125,-0.9300000000005587,0.047538301655154935
359.8,-1.7930000000010125,-0.9290000000005587,1.047514301655155,-1.7930000000010125,-0.9290000000005587,0.04751430165515491
359.90000000000003,-1.7910000000010124,-0.9280000000005587,1.0474903016551549,-1.7910000000010124,-0.9280000000005587,0.04749030165515489
360.0,-1.7890000000010124,-0.9270000000005587,1.0474663016551549,-1.7890000000010124,-0.9270000000005587,0.04746630165515486
360.1,-1.7870000000010124,-0.9260000000005587,1.0474423016551548,-1.7870000000010124,-0.9260000000005587,0.04744230165515484
360.20000000000005,-1.7850000000010124,-0.9250000000005587,1.0474183016551548,-1.7850000000010124,-0.9250000000005587,0.047418301655154815
360.3,-1.7830000000010124,-0.9240000000005587,1.0473943016551548,-1.7830000000010124,-0.9240000000005587,0.04739430165515479
360.40000000000003,-1.7810000000010124,-0.9230000000005587,1.0473703016551548,-1.7810000000010124,-0.9230000000005587,0.04737030165515477
360.5,-1.7790000000010124,-0.9220000000005587,1.0473463016551547,-1.7790000000010124,-0.9220000000005587,0.04734630165515474
360.6,-1.7770000000010124,-0.9210000000005587,1.0473223016551547,-1.7770000000010124,-0.9210000000005587,0.04732230165515472
360.70000000000005,-1.7750000000010124,-0.9200000000005587,1.0472983016551547,-1.7750000000010124,-0.9200000000005587,0.047298301655154695
360.8,-1.7730000000010124,-0.9190000000005587,1.0472743016551547,-1.7730000000010124,-0.9190000000005587,0.04727430165515467
360.90000000000003,-1.7710000000010124,-0.9180000000005587,1.0472503016551546,-1.7710000000010124,-0.9180000000005587,0.04725030165515465
361.0,-1.7690000000010124,-0.9170000000005587,1.0472263016551546,-1.7690000000010124,-0.9170000000005587,0.04722630165515462
361.1,-1.7670000000010124,-0.9160000000005587,1.0472023016551546,-1.7670000000010124,-0.9160000000005587,0.0472023016551546
361.20000000000005,-1.7650000000010124,-0.9150000000005587,1.0471783016551546,-1.7650000000010124,-0.9150000000005587,0.047178301655154575
361.3,-1.7630000000010124,-0.9140000000005587,1.0471543016551546,-1.7630000000010124,-0.9140000000005587,0.04715430165515455
361.40000000000003,-1.7610000000010124,-0.9130000000005587,1.0471303016551545,-1.7610000000010124,-0.9130000000005587,0.04713030165515453
361.5,-1.7590000000010124,-0.9120000000005587,1.0471063016551545,-1.7590000000010124,-0.9120000000005587,0.0471063016551545
361.6,-1.7570000000010124,-0.9110000000005587,1.0470823016551545,-1.7570000000010124,-0.9110000000005587,0.04708230165515448
361.70000000000005,-1.7550000000010124,-0.9100000000005587,1.0470583016551545,-1.7550000000010124,-0.9100000000005587,0.047058301655154455
361.8,-1.7530000000010124,-0.9090000000005587,1.0470343016551544,-1.7530000000010124,-0.9090000000005587,0.04703430165515443
361.90000000000003,-1.7510000000010124,-0.9080000000005587,1.0470103016551544,-1.7510000000010124,-0.9080000000005587,0.04701030165515441
362.0,-1.7490000000010124,-0.9070000000005587,1.0469863016551544,-1.7490000000010124,-0.9070000000005587,0.04698630165515438
362.1,-1.7470000000010124,-0.9060000000005587,1.0469623016551544,-1.7470000000010124,-0.9060000000005587,0.04696230165515436
362.20000000000005,-1.7450000000010124,-0.9050000000005587,1.0469383016551543,-1.7450000000010124,-0.9050000000005587,0.046938301655154335
362.3,-1.7430000000010124,-0.9040000000005587,1.0469143016551543,-1.7430000000010124,-0.9040000000005587,0.04691430165515431
362.40000000000003,-1.7410000000010124,-0.9030000000005587,1.0468903016551543,-1.7410000000010124,-0.9030000000005587,0.04689030165515429
362.5,-1.7390000000010124,-0.9020000000005587,1.0468663016551543,-1.7390000000010124,-0.9020000000005587,0.04686630165515426
362.6,-1.7370000000010124,-0.9010000000005587,1.0468423016551542,-1.7370000000010124,-0.9010000000005587,0.04684230165515424
362.70000000000005,-1.7350000000010124,-0.9000000000005587,1.0468183016551542,-1.7350000000010124,-0.9000000000005587,0.046818301655154215
362.8,-1.7330000000010124,-0.8990000000005587,1.0467943016551542,-1.7330000000010124,-0.8990000000005587,0.04679430165515419
362.90000000000003,-1.7310000000010124,-0.8980000000005587,1.0467703016551542,-1.7310000000010124,-0.8980000000005587,0.04677030165515417
363.0,-1.7290000000010124,-0.8970000000005587,1.0467463016551541,-1.7290000000010124,-0.8970000000005587,0.04674630165515414
363.1,-1.7270000000010124,-0.8960000000005587,1.0467223016551541,-1.7270000000010124,-0.8960000000005587,0.04672230165515412
363.20000000000005,-1.7250000000010124,-0.8950000000005587,1.046698301655154,-1.7250000000010124,-0.8950000000005587,0.046698301655154095
363.3,-1.7230000000010124,-0.8940000000005587,1.046674301655154,-1.7230000000010124,-0.8940000000005587,0.04667430165515407
363.40000000000003,-1.7210000000010124,-0.8930000000005587,1.046650301655154,-1.7210000000010124,-0.8930000000005587,0.04665030165515405
363.5,-1.7190000000010124,-0.8920000000005587,1.046626301655154,-1.7190000000010124,-0.8920000000005587,0.04662630165515402
363.6,-1.7170000000010124,-0.8910000000005587,1.046602301655154,-1.7170000000010124,-0.8910000000005587,0.046602301655154
363.70000000000005,-1.7150000000010124,-0.8900000000005587,1.046578301655154,-1.7150000000010124,-0.8900000000005587,0.046578301655153975
363.8,-1.7130000000010124,-0.8890000000005587,1.046554301655154,-1.7130000000010124,-0.8890000000005587,0.04655430165515395
363.90000000000003,-1.7110000000010124,-0.8880000000005587,1.046530301655154,-1.7110000000010124,-0.8880000000005587,0.04653030165515393
364.0,-1.7090000000010124,-0.8870000000005587,1.046506301655154,-1.7090000000010124,-0.8870000000005587,0.0465063016551539
364.1,-1.7070000000010124,-0.8860000000005587,1.0464823016551539,-1.7070000000010124,-0.8860000000005587,0.04648230165515388
364.20000000000005,-1.7050000000010124,-0.8850000000005587,1.0464583016551539,-1.7050000000010124,-0.8850000000005587,0.046458301655153855
364.3,-1.7030000000010124,-0.8840000000005587,1.0464343016551538,-1.7030000000010124,-0.8840000000005587,0.04643430165515383
364.40000000000003,-1.7010000000010124,-0.8830000000005587,1.0464103016551538,-1.7010000000010124,-0.8830000000005587,0.04641030165515381
364.5,-1.6990000000010124,-0.8820000000005587,1.0463863016551538,-1.6990000000010124,-0.8820000000005587,0.04638630165515378
364.6,-1.6970000000010124,-0.8810000000005587,1.0463623016551538,-1.6970000000010124,-0.8810000000005587,0.04636230165515376
364.70000000000005,-1.6950000000010124,-0.8800000000005587,1.0463383016551537,-1.6950000000010124,-0.8800000000005587,0.046338301655153735
364.8,-1.6930000000010124,-0.8790000000005587,1.0463143016551537,-1.6930000000010124,-0.8790000000005587,0.04631430165515371
364.90000000000003,-1.6910000000010124,-0.8780000000005587,1.0462903016551537,-1.6910000000010124,-0.8780000000005587,0.04629030165515369
365.0,-1.6890000000010124,-0.8770000000005587,1.0462663016551537,-1.6890000000010124,-0.8770000000005587,0.04626630165515366
365.1,-1.6870000000010124,-0.8760000000005587,1.0462423016551536,-1.6870000000010124,-0.8760000000005587,0.04624230165515364
365.20000000000005,-1.6850000000010124,-0.8750000000005587,1.0462183016551536,-1.6850000000010124,-0.8750000000005587,0.046218301655153615
365.3,-1.6830000000010124,-0.8740000000005587,1.0461943016551536,-1.6830000000010124,-0.8740000000005587,0.04619430165515359
365.40000000000003,-1.6810000000010124,-0.8730000000005587,1.0461703016551536,-1.6810000000010124,-0.8730000000005587,0.04617030165515357
365.5,-1.6790000000010123,-0.8720000000005587,1.0461463016551535,-1.6790000000010123,-0.8720000000005587,0.04614630165515354
365.6,-1.6770000000010123,-0.8710000000005587,1.0461223016551535,-1.6770000000010123,-0.8710000000005587,0.04612230165515352
365.70000000000005,-1.6750000000010123,-0.8700000000005587,1.0460983016551535,-1.6750000000010123,-0.8700000000005587,0.046098301655153495
365.8,-1.6730000000010123,-0.8690000000005587,1.0460743016551535,-1.6730000000010123,-0.8690000000005587,0.04607430165515347
365.90000000000003,-1.6710000000010123,-0.8680000000005587,1.0460503016551534,-1.6710000000010123,-0.8680000000005587,0.04605030165515345
366.0,-1.6690000000010123,-0.8670000000005587,1.0460263016551534,-1.6690000000010123,-0.8670000000005587,0.04602630165515342
366.1,-1.6670000000010123,-0.8660000000005587,1.0460023016551534,-1.6670000000010123,-0.8660000000005587,0.0460023016551534
366.20000000000005,-1.6650000000010123,-0.8650000000005587,1.0459783016551534,-1.6650000000010123,-0.8650000000005587,0.045978301655153375
366.3,-1.6630000000010123,-0.8640000000005587,1.0459543016551534,-1.6630000000010123,-0.8640000000005587,0.04595430165515335
366.40000000000003,-1.6610000000010123,-0.8630000000005587,1.0459303016551533,-1.6610000000010123,-0.8630000000005587,0.04593030165515333
366.5,-1.6590000000010123,-0.8620000000005587,1.0459063016551533,-1.6590000000010123,-0.8620000000005587,0.0459063016551533
366.6,-1.6570000000010123,-0.8610000000005587,1.0458823016551533,-1.6570000000010123,-0.8610000000005587,0.04588230165515328
366.70000000000005,-1.6550000000010123,-0.8600000000005587,1.0458583016551533,-1.6550000000010123,-0.8600000000005587,0.045858301655153255
366.8,-1.6530000000010123,-0.8590000000005587,1.0458343016551532,-1.6530000000010123,-0.8590000000005587,0.04583430165515323
366.90000000000003,-1.6510000000010123,-0.8580000000005586,1.0458103016551532,-1.6510000000010123,-0.8580000000005586,0.04581030165515321
367.0,-1.6490000000010123,-0.8570000000005586,1.0457863016551532,-1.6490000000010123,-0.8570000000005586,0.04578630165515318
367.1,-1.6470000000010123,-0.8560000000005586,1.0457623016551532,-1.6470000000010123,-0.8560000000005586,0.04576230165515316
367.20000000000005,-1.6450000000010123,-0.8550000000005586,1.0457383016551531,-1.6450000000010123,-0.8550000000005586,0.045738301655153135
367.3,-1.6430000000010123,-0.8540000000005586,1.0457143016551531,-1.6430000000010123,-0.8540000000005586,0.04571430165515311
367.40000000000003,-1.6410000000010123,-0.8530000000005586,1.045690301655153,-1.6410000000010123,-0.8530000000005586,0.04569030165515309
367.5,-1.6390000000010123,-0.8520000000005586,1.045666301655153,-1.6390000000010123,-0.8520000000005586,0.04566630165515306
367.6,-1.6370000000010123,-0.8510000000005586,1.045642301655153,-1.6370000000010123,-0.8510000000005586,0.04564230165515304
367.70000000000005,-1.6350000000010123,-0.8500000000005586,1.045618301655153,-1.6350000000010123,-0.8500000000005586,0.045618301655153015
367.8,-1.6330000000010123,-0.8490000000005586,1.045594301655153,-1.6330000000010123,-0.8490000000005586,0.04559430165515299
367.90000000000003,-1.6310000000010123,-0.8480000000005586,1.045570301655153,-1.6310000000010123,-0.8480000000005586,0.04557030165515297
368.0,-1.6290000000010123,-0.8470000000005586,1.045546301655153,-1.6290000000010123,-0.8470000000005586,0.04554630165515294
368.1,-1.6270000000010123,-0.8460000000005586,1.045522301655153,-1.6270000000010123,-0.8460000000005586,0.04552230165515292
368.20000000000005,-1.6250000000010123,-0.8450000000005586,1.045498301655153,-1.6250000000010123,-0.8450000000005586,0.045498301655152895
368.3,-1.6230000000010123,-0.8440000000005586,1.0454743016551529,-1.6230000000010123,-0.8440000000005586,0.04547430165515287
368.40000000000003,-1.6210000000010123,-0.8430000000005586,1.0454503016551528,-1.6210000000010123,-0.8430000000005586,0.04545030165515285
368.5,-1.6190000000010123,-0.8420000000005586,1.0454263016551528,-1.6190000000010123,-0.8420000000005586,0.04542630165515282
368.6,-1.6170000000010123,-0.8410000000005586,1.0454023016551528,-1.6170000000010123,-0.8410000000005586,0.0454023016551528
368.70000000000005,-1.6150000000010123,-0.8400000000005586,1.0453783016551528,-1.6150000000010123,-0.8400000000005586,0.045378301655152775
368.8,-1.6130000000010123,-0.8390000000005586,1.0453543016551528,-1.6130000000010123,-0.8390000000005586,0.04535430165515275
368.90000000000003,-1.6110000000010123,-0.8380000000005586,1.0453303016551527,-1.6110000000010123,-0.8380000000005586,0.04533030165515273
369.0,-1.6090000000010123,-0.8370000000005586,1.0453063016551527,-1.6090000000010123,-0.8370000000005586,0.0453063016551527
369.1,-1.6070000000010123,-0.8360000000005586,1.0452823016551527,-1.6070000000010123,-0.8360000000005586,0.04528230165515268
369.20000000000005,-1.6050000000010123,-0.8350000000005586,1.0452583016551527,-1.6050000000010123,-0.8350000000005586,0.045258301655152655
369.3,-1.6030000000010123,-0.8340000000005586,1.0452343016551526,-1.6030000000010123,-0.8340000000005586,0.04523430165515263
369.40000000000003,-1.6010000000010123,-0.8330000000005586,1.0452103016551526,-1.6010000000010123,-0.8330000000005586,0.04521030165515261
369.5,-1.5990000000010123,-0.8320000000005586,1.0451863016551526,-1.5990000000010123,-0.8320000000005586,0.04518630165515258
369.6,-1.5970000000010123,-0.8310000000005586,1.0451623016551526,-1.5970000000010123,-0.8310000000005586,0.04516230165515256
369.70000000000005,-1.5950000000010123,-0.8300000000005586,1.0451383016551525,-1.5950000000010123,-0.8300000000005586,0.045138301655152535
369.8,-1.5930000000010123,-0.8290000000005586,1.0451143016551525,-1.5930000000010123,-0.8290000000005586,0.04511430165515251
369.90000000000003,-1.5910000000010123,-0.8280000000005586,1.0450903016551525,-1.5910000000010123,-0.8280000000005586,0.04509030165515249
370.0,-1.5890000000010123,-0.8270000000005586,1.0450663016551525,-1.5890000000010123,-0.8270000000005586,0.04506630165515246
370.1,-1.5870000000010123,-0.8260000000005586,1.0450423016551524,-1.5870000000010123,-0.8260000000005586,0.04504230165515244
370.20000000000005,-1.5850000000010123,-0.8250000000005586,1.0450183016551524,-1.5850000000010123,-0.8250000000005586,0.045018301655152415
370.3,-1.5830000000010123,-0.8240000000005586,1.0449943016551524,-1.5830000000010123,-0.8240000000005586,0.04499430165515239
370.40000000000003,-1.5810000000010123,-0.8230000000005586,1.0449703016551524,-1.5810000000010123,-0.8230000000005586,0.04497030165515237
370.5,-1.5790000000010123,-0.8220000000005586,1.0449463016551523,-1.5790000000010123,-0.8220000000005586,0.04494630165515234
370.6,-1.5770000000010123,-0.8210000000005586,1.0449223016551523,-1.5770000000010123,-0.8210000000005586,0.04492230165515232
370.70000000000005,-1.5750000000010123,-0.8200000000005586,1.0448983016551523,-1.5750000000010123,-0.8200000000005586,0.044898301655152295
370.8,-1.5730000000010123,-0.8190000000005586,1.0448743016551523,-1.5730000000010123,-0.8190000000005586,0.04487430165515227
370.90000000000003,-1.5710000000010123,-0.8180000000005586,1.0448503016551522,-1.5710000000010123,-0.8180000000005586,0.04485030165515225
371.0,-1.5690000000010123,-0.8170000000005586,1.0448263016551522,-1.5690000000010123,-0.8170000000005586,0.04482630165515222
371.1,-1.5670000000010122,-0.8160000000005586,1.0448023016551522,-1.5670000000010122,-0.8160000000005586,0.0448023016551522
371.20000000000005,-1.5650000000010122,-0.8150000000005586,1.0447783016551522,-1.5650000000010122,-0.8150000000005586,0.044778301655152175
371.3,-1.5630000000010122,-0.8140000000005586,1.0447543016551522,-1.5630000000010122,-0.8140000000005586,0.04475430165515215
371.40000000000003,-1.5610000000010122,-0.8130000000005586,1.0447303016551521,-1.5610000000010122,-0.8130000000005586,0.04473030165515213
371.5,-1.5590000000010122,-0.8120000000005586,1.044706301655152,-1.5590000000010122,-0.8120000000005586,0.0447063016551521
371.6,-1.5570000000010122,-0.8110000000005586,1.044682301655152,-1.5570000000010122,-0.8110000000005586,0.04468230165515208
371.70000000000005,-1.5550000000010122,-0.8100000000005586,1.044658301655152,-1.5550000000010122,-0.8100000000005586,0.044658301655152055
371.8,-1.5530000000010122,-0.8090000000005586,1.044634301655152,-1.5530000000010122,-0.8090000000005586,0.04463430165515203
371.90000000000003,-1.5510000000010122,-0.8080000000005586,1.044610301655152,-1.5510000000010122,-0.8080000000005586,0.04461030165515201
372.0,-1.5490000000010122,-0.8070000000005586,1.044586301655152,-1.5490000000010122,-0.8070000000005586,0.04458630165515198
372.1,-1.5470000000010122,-0.8060000000005586,1.044562301655152,-1.5470000000010122,-0.8060000000005586,0.04456230165515196
372.20000000000005,-1.5450000000010122,-0.8050000000005586,1.044538301655152,-1.5450000000010122,-0.8050000000005586,0.044538301655151935
372.3,-1.5430000000010122,-0.8040000000005586,1.044514301655152,-1.5430000000010122,-0.8040000000005586,0.04451430165515191
372.40000000000003,-1.5410000000010122,-0.8030000000005586,1.0444903016551519,-1.5410000000010122,-0.8030000000005586,0.04449030165515189
372.5,-1.5390000000010122,-0.8020000000005586,1.0444663016551519,-1.5390000000010122,-0.8020000000005586,0.04446630165515186
372.6,-1.5370000000010122,-0.8010000000005586,1.0444423016551518,-1.5370000000010122,-0.8010000000005586,0.04444230165515184
372.70000000000005,-1.5350000000010122,-0.8000000000005586,1.0444183016551518,-1.5350000000010122,-0.8000000000005586,0.044418301655151815
372.8,-1.5330000000010122,-0.7990000000005586,1.0443943016551518,-1.5330000000010122,-0.7990000000005586,0.04439430165515179
372.90000000000003,-1.5310000000010122,-0.7980000000005586,1.0443703016551518,-1.5310000000010122,-0.7980000000005586,0.04437030165515177
373.0,-1.5290000000010122,-0.7970000000005586,1.0443463016551517,-1.5290000000010122,-0.7970000000005586,0.04434630165515174
373.1,-1.5270000000010122,-0.7960000000005586,1.0443223016551517,-1.5270000000010122,-0.7960000000005586,0.04432230165515172
373.20000000000005,-1.5250000000010122,-0.7950000000005586,1.0442983016551517,-1.5250000000010122,-0.7950000000005586,0.044298301655151695
373.3,-1.5230000000010122,-0.7940000000005586,1.0442743016551517,-1.5230000000010122,-0.7940000000005586,0.04427430165515167
373.40000000000003,-1.5210000000010122,-0.7930000000005586,1.0442503016551516,-1.5210000000010122,-0.7930000000005586,0.04425030165515165
373.5,-1.5190000000010122,-0.7920000000005586,1.0442263016551516,-1.5190000000010122,-0.7920000000005586,0.04422630165515162
373.6,-1.5170000000010122,-0.7910000000005586,1.0442023016551516,-1.5170000000010122,-0.7910000000005586,0.0442023016551516
373.70000000000005,-1.5150000000010122,-0.7900000000005586,1.0441783016551516,-1.5150000000010122,-0.7900000000005586,0.044178301655151575
373.8,-1.5130000000010122,-0.7890000000005586,1.0441543016551516,-1.5130000000010122,-0.7890000000005586,0.04415430165515155
373.90000000000003,-1.5110000000010122,-0.7880000000005586,1.0441303016551515,-1.5110000000010122,-0.7880000000005586,0.04413030165515153
374.0,-1.5090000000010122,-0.7870000000005586,1.0441063016551515,-1.5090000000010122,-0.7870000000005586,0.0441063016551515
374.1,-1.5070000000010122,-0.7860000000005586,1.0440823016551515,-1.5070000000010122,-0.7860000000005586,0.04408230165515148
374.20000000000005,-1.5050000000010122,-0.7850000000005586,1.0440583016551515,-1.5050000000010122,-0.7850000000005586,0.044058301655151455
374.3,-1.5030000000010122,-0.7840000000005586,1.0440343016551514,-1.5030000000010122,-0.7840000000005586,0.04403430165515143
374.40000000000003,-1.5010000000010122,-0.7830000000005586,1.0440103016551514,-1.5010000000010122,-0.7830000000005586,0.04401030165515141
374.5,-1.4990000000010122,-0.7820000000005586,1.0439863016551514,-1.4990000000010122,-0.7820000000005586,0.04398630165515138
374.6,-1.4970000000010122,-0.7810000000005586,1.0439623016551514,-1.4970000000010122,-0.7810000000005586,0.04396230165515136
374.70000000000005,-1.4950000000010122,-0.7800000000005586,1.0439383016551513,-1.4950000000010122,-0.7800000000005586,0.043938301655151335
374.8,-1.4930000000010122,-0.7790000000005586,1.0439143016551513,-1.4930000000010122,-0.7790000000005586,0.04391430165515131
374.90000000000003,-1.4910000000010122,-0.7780000000005586,1.0438903016551513,-1.4910000000010122,-0.7780000000005586,0.04389030165515129
375.0,-1.4890000000010122,-0.7770000000005586,1.0438663016551513,-1.4890000000010122,-0.7770000000005586,0.04386630165515126
375.1,-1.4870000000010122,-0.7760000000005586,1.0438423016551512,-1.4870000000010122,-0.7760000000005586,0.04384230165515124
375.20000000000005,-1.4850000000010122,-0.7750000000005586,1.0438183016551512,-1.4850000000010122,-0.7750000000005586,0.043818301655151215
375.3,-1.4830000000010122,-0.7740000000005586,1.0437943016551512,-1.4830000000010122,-0.7740000000005586,0.04379430165515119
375.40000000000003,-1.4810000000010122,-0.7730000000005586,1.0437703016551512,-1.4810000000010122,-0.7730000000005586,0.04377030165515117
375.5,-1.4790000000010122,-0.7720000000005586,1.0437463016551511,-1.4790000000010122,-0.7720000000005586,0.04374630165515114
375.6,-1.4770000000010122,-0.7710000000005586,1.0437223016551511,-1.4770000000010122,-0.7710000000005586,0.04372230165515112
375.70000000000005,-1.4750000000010122,-0.7700000000005586,1.043698301655151,-1.4750000000010122,-0.7700000000005586,0.043698301655151095
375.8,-1.4730000000010122,-0.7690000000005586,1.043674301655151,-1.4730000000010122,-0.7690000000005586,0.04367430165515107
375.90000000000003,-1.4710000000010122,-0.7680000000005586,1.043650301655151,-1.4710000000010122,-0.7680000000005586,0.04365030165515105
376.0,-1.4690000000010122,-0.7670000000005586,1.043626301655151,-1.4690000000010122,-0.7670000000005586,0.04362630165515102
376.1,-1.4670000000010122,-0.7660000000005586,1.043602301655151,-1.4670000000010122,-0.7660000000005586,0.043602301655151
376.20000000000005,-1.4650000000010122,-0.7650000000005586,1.043578301655151,-1.4650000000010122,-0.7650000000005586,0.043578301655150975
376.3,-1.4630000000010122,-0.7640000000005586,1.043554301655151,-1.4630000000010122,-0.7640000000005586,0.04355430165515095
376.40000000000003,-1.4610000000010122,-0.7630000000005586,1.043530301655151,-1.4610000000010122,-0.7630000000005586,0.04353030165515093
376.5,-1.4590000000010122,-0.7620000000005586,1.043506301655151,-1.4590000000010122,-0.7620000000005586,0.0435063016551509
376.6,-1.4570000000010122,-0.7610000000005586,1.0434823016551509,-1.4570000000010122,-0.7610000000005586,0.04348230165515088
376.70000000000005,-1.4550000000010122,-0.7600000000005586,1.0434583016551509,-1.4550000000010122,-0.7600000000005586,0.043458301655150855
376.8,-1.4530000000010121,-0.7590000000005586,1.0434343016551508,-1.4530000000010121,-0.7590000000005586,0.04343430165515083
376.90000000000003,-1.4510000000010121,-0.7580000000005586,1.0434103016551508,-1.4510000000010121,-0.7580000000005586,0.04341030165515081
377.0,-1.4490000000010121,-0.7570000000005586,1.0433863016551508,-1.4490000000010121,-0.7570000000005586,0.04338630165515078
377.1,-1.4470000000010121,-0.7560000000005586,1.0433623016551508,-1.4470000000010121,-0.7560000000005586,0.04336230165515076
377.20000000000005,-1.4450000000010121,-0.7550000000005586,1.0433383016551507,-1.4450000000010121,-0.7550000000005586,0.043338301655150735
377.3,-1.4430000000010121,-0.7540000000005586,1.0433143016551507,-1.4430000000010121,-0.7540000000005586,0.04331430165515071
377.40000000000003,-1.4410000000010121,-0.7530000000005586,1.0432903016551507,-1.4410000000010121,-0.7530000000005586,0.04329030165515069
377.5,-1.4390000000010121,-0.7520000000005586,1.0432663016551507,-1.4390000000010121,-0.7520000000005586,0.04326630165515066
377.6,-1.4370000000010121,-0.7510000000005586,1.0432423016551506,-1.4370000000010121,-0.7510000000005586,0.04324230165515064
377.70000000000005,-1.4350000000010121,-0.7500000000005586,1.0432183016551506,-1.4350000000010121,-0.7500000000005586,0.043218301655150615
377.8,-1.4330000000010121,-0.7490000000005586,1.0431943016551506,-1.4330000000010121,-0.7490000000005586,0.04319430165515059
377.90000000000003,-1.4310000000010121,-0.7480000000005586,1.0431703016551506,-1.4310000000010121,-0.7480000000005586,0.04317030165515057
378.0,-1.4290000000010121,-0.7470000000005586,1.0431463016551505,-1.4290000000010121,-0.7470000000005586,0.04314630165515054
378.1,-1.4270000000010121,-0.7460000000005585,1.0431223016551505,-1.4270000000010121,-0.7460000000005585,0.04312230165515052
378.20000000000005,-1.4250000000010121,-0.7450000000005585,1.0430983016551505,-1.4250000000010121,-0.7450000000005585,0.043098301655150495
378.3,-1.4230000000010121,-0.7440000000005585,1.0430743016551505,-1.4230000000010121,-0.7440000000005585,0.04307430165515047
378.40000000000003,-1.4210000000010121,-0.7430000000005585,1.0430503016551504,-1.4210000000010121,-0.7430000000005585,0.04305030165515045
378.5,-1.4190000000010121,-0.7420000000005585,1.0430263016551504,-1.4190000000010121,-0.7420000000005585,0.04302630165515042
378.6,-1.4170000000010121,-0.7410000000005585,1.0430023016551504,-1.4170000000010121,-0.7410000000005585,0.0430023016551504
378.70000000000005,-1.4150000000010121,-0.7400000000005585,1.0429783016551504,-1.4150000000010121,-0.7400000000005585,0.042978301655150375
378.8,-1.4130000000010121,-0.7390000000005585,1.0429543016551504,-1.4130000000010121,-0.7390000000005585,0.04295430165515035
378.90000000000003,-1.4110000000010121,-0.7380000000005585,1.0429303016551503,-1.4110000000010121,-0.7380000000005585,0.04293030165515033
379.0,-1.409000000001012,-0.7370000000005585,1.0429063016551503,-1.409000000001012,-0.7370000000005585,0.0429063016551503
379.1,-1.407000000001012,-0.7360000000005585,1.0428823016551503,-1.407000000001012,-0.7360000000005585,0.04288230165515028
379.20000000000005,-1.405000000001012,-0.7350000000005585,1.0428583016551503,-1.405000000001012,-0.7350000000005585,0.042858301655150255
379.3,-1.403000000001012,-0.7340000000005585,1.0428343016551502,-1.403000000001012,-0.7340000000005585,0.04283430165515023
379.40000000000003,-1.401000000001012,-0.7330000000005585,1.0428103016551502,-1.401000000001012,-0.7330000000005585,0.04281030165515021
379.5,-1.399000000001012,-0.7320000000005585,1.0427863016551502,-1.399000000001012,-0.7320000000005585,0.04278630165515018
379.6,-1.397000000001012,-0.7310000000005585,1.0427623016551502,-1.397000000001012,-0.7310000000005585,0.04276230165515016
379.70000000000005,-1.395000000001012,-0.7300000000005585,1.0427383016551501,-1.395000000001012,-0.7300000000005585,0.042738301655150135
379.8,-1.393000000001012,-0.7290000000005585,1.04271430165515,-1.393000000001012,-0.7290000000005585,0.04271430165515011
379.90000000000003,-1.391000000001012,-0.7280000000005585,1.04269030165515,-1.391000000001012,-0.7280000000005585,0.04269030165515009
380.0,-1.389000000001012,-0.7270000000005585,1.04266630165515,-1.389000000001012,-0.7270000000005585,0.04266630165515006
380.1,-1.387000000001012,-0.7260000000005585,1.04264230165515,-1.387000000001012,-0.7260000000005585,0.04264230165515004
380.20000000000005,-1.385000000001012,-0.7250000000005585,1.04261830165515,-1.385000000001012,-0.7250000000005585,0.042618301655150015
380.3,-1.383000000001012,-0.7240000000005585,1.04259430165515,-1.383000000001012,-0.7240000000005585,0.04259430165514999
380.40000000000003,-1.381000000001012,-0.7230000000005585,1.04257030165515,-1.381000000001012,-0.7230000000005585,0.04257030165514997
380.5,-1.379000000001012,-0.7220000000005585,1.04254630165515,-1.379000000001012,-0.7220000000005585,0.04254630165514994
380.6,-1.377000000001012,-0.7210000000005585,1.04252230165515,-1.377000000001012,-0.7210000000005585,0.04252230165514992
380.70000000000005,-1.375000000001012,-0.7200000000005585,1.04249830165515,-1.375000000001012,-0.7200000000005585,0.042498301655149895
380.8,-1.373000000001012,-0.7190000000005585,1.0424743016551499,-1.373000000001012,-0.7190000000005585,0.04247430165514987
380.90000000000003,-1.371000000001012,-0.7180000000005585,1.0424503016551498,-1.371000000001012,-0.7180000000005585,0.04245030165514985
381.0,-1.369000000001012,-0.7170000000005585,1.0424263016551498,-1.369000000001012,-0.7170000000005585,0.04242630165514982
381.1,-1.367000000001012,-0.7160000000005585,1.0424023016551498,-1.367000000001012,-0.7160000000005585,0.0424023016551498
381.20000000000005,-1.365000000001012,-0.7150000000005585,1.0423783016551498,-1.365000000001012,-0.7150000000005585,0.042378301655149775
381.3,-1.363000000001012,-0.7140000000005585,1.0423543016551498,-1.363000000001012,-0.7140000000005585,0.04235430165514975
381.40000000000003,-1.361000000001012,-0.7130000000005585,1.0423303016551497,-1.361000000001012,-0.7130000000005585,0.04233030165514973
381.5,-1.359000000001012,-0.7120000000005585,1.0423063016551497,-1.359000000001012,-0.7120000000005585,0.0423063016551497
381.6,-1.357000000001012,-0.7110000000005585,1.0422823016551497,-1.357000000001012,-0.7110000000005585,0.04228230165514968
381.70000000000005,-1.355000000001012,-0.7100000000005585,1.0422583016551497,-1.355000000001012,-0.7100000000005585,0.042258301655149655
381.8,-1.353000000001012,-0.7090000000005585,1.0422343016551496,-1.353000000001012,-0.7090000000005585,0.04223430165514963
381.90000000000003,-1.351000000001012,-0.7080000000005585,1.0422103016551496,-1.351000000001012,-0.7080000000005585,0.04221030165514961
382.0,-1.349000000001012,-0.7070000000005585,1.0421863016551496,-1.349000000001012,-0.7070000000005585,0.04218630165514958
382.1,-1.347000000001012,-0.7060000000005585,1.0421623016551496,-1.347000000001012,-0.7060000000005585,0.04216230165514956
382.20000000000005,-1.345000000001012,-0.7050000000005585,1.0421383016551495,-1.345000000001012,-0.7050000000005585,0.042138301655149535
382.3,-1.343000000001012,-0.7040000000005585,1.0421143016551495,-1.343000000001012,-0.7040000000005585,0.04211430165514951
382.40000000000003,-1.341000000001012,-0.7030000000005585,1.0420903016551495,-1.341000000001012,-0.7030000000005585,0.04209030165514949
382.5,-1.339000000001012,-0.7020000000005585,1.0420663016551495,-1.339000000001012,-0.7020000000005585,0.04206630165514946
382.6,-1.337000000001012,-0.7010000000005585,1.0420423016551494,-1.337000000001012,-0.7010000000005585,0.04204230165514944
382.70000000000005,-1.335000000001012,-0.7000000000005585,1.0420183016551494,-1.335000000001012,-0.7000000000005585,0.042018301655149415
382.8,-1.333000000001012,-0.6990000000005585,1.0419943016551494,-1.333000000001012,-0.6990000000005585,0.04199430165514939
382.90000000000003,-1.331000000001012,-0.6980000000005585,1.0419703016551494,-1.331000000001012,-0.6980000000005585,0.04197030165514937
383.0,-1.329000000001012,-0.6970000000005585,1.0419463016551493,-1.329000000001012,-0.6970000000005585,0.04194630165514934
383.1,-1.327000000001012,-0.6960000000005585,1.0419223016551493,-1.327000000001012,-0.6960000000005585,0.04192230165514932
383.20000000000005,-1.325000000001012,-0.6950000000005585,1.0418983016551493,-1.325000000001012,-0.6950000000005585,0.041898301655149295
383.3,-1.323000000001012,-0.6940000000005585,1.0418743016551493,-1.323000000001012,-0.6940000000005585,0.04187430165514927
383.40000000000003,-1.321000000001012,-0.6930000000005585,1.0418503016551492,-1.321000000001012,-0.6930000000005585,0.04185030165514925
383.5,-1.319000000001012,-0.6920000000005585,1.0418263016551492,-1.319000000001012,-0.6920000000005585,0.04182630165514922
383.6,-1.317000000001012,-0.6910000000005585,1.0418023016551492,-1.317000000001012,-0.6910000000005585,0.0418023016551492
383.70000000000005,-1.315000000001012,-0.6900000000005585,1.0417783016551492,-1.315000000001012,-0.6900000000005585,0.041778301655149175
383.8,-1.313000000001012,-0.6890000000005585,1.0417543016551492,-1.313000000001012,-0.6890000000005585,0.04175430165514915
383.90000000000003,-1.311000000001012,-0.6880000000005585,1.0417303016551491,-1.311000000001012,-0.6880000000005585,0.04173030165514913
384.0,-1.309000000001012,-0.6870000000005585,1.041706301655149,-1.309000000001012,-0.6870000000005585,0.0417063016551491
384.1,-1.307000000001012,-0.6860000000005585,1.041682301655149,-1.307000000001012,-0.6860000000005585,0.04168230165514908
384.20000000000005,-1.305000000001012,-0.6850000000005585,1.041658301655149,-1.305000000001012,-0.6850000000005585,0.041658301655149055
384.3,-1.303000000001012,-0.6840000000005585,1.041634301655149,-1.303000000001012,-0.6840000000005585,0.04163430165514903
384.40000000000003,-1.301000000001012,-0.6830000000005585,1.041610301655149,-1.301000000001012,-0.6830000000005585,0.04161030165514901
384.5,-1.299000000001012,-0.6820000000005585,1.041586301655149,-1.299000000001012,-0.6820000000005585,0.04158630165514898
384.6,-1.297000000001012,-0.6810000000005585,1.041562301655149,-1.297000000001012,-0.6810000000005585,0.04156230165514896
384.70000000000005,-1.295000000001012,-0.6800000000005585,1.041538301655149,-1.295000000001012,-0.6800000000005585,0.041538301655148935
384.8,-1.293000000001012,-0.6790000000005585,1.041514301655149,-1.293000000001012,-0.6790000000005585,0.04151430165514891
384.90000000000003,-1.291000000001012,-0.6780000000005585,1.0414903016551489,-1.291000000001012,-0.6780000000005585,0.04149030165514889
385.0,-1.289000000001012,-0.6770000000005585,1.0414663016551489,-1.289000000001012,-0.6770000000005585,0.04146630165514886
385.1,-1.287000000001012,-0.6760000000005585,1.0414423016551488,-1.287000000001012,-0.6760000000005585,0.04144230165514884
385.20000000000005,-1.285000000001012,-0.6750000000005585,1.0414183016551488,-1.285000000001012,-0.6750000000005585,0.041418301655148815
385.3,-1.283000000001012,-0.6740000000005585,1.0413943016551488,-1.283000000001012,-0.6740000000005585,0.04139430165514879
385.40000000000003,-1.281000000001012,-0.6730000000005585,1.0413703016551488,-1.281000000001012,-0.6730000000005585,0.04137030165514877
385.5,-1.279000000001012,-0.6720000000005585,1.0413463016551487,-1.279000000001012,-0.6720000000005585,0.04134630165514874
385.6,-1.277000000001012,-0.6710000000005585,1.0413223016551487,-1.277000000001012,-0.6710000000005585,0.04132230165514872
385.70000000000005,-1.275000000001012,-0.6700000000005585,1.0412983016551487,-1.275000000001012,-0.6700000000005585,0.041298301655148695
385.8,-1.273000000001012,-0.6690000000005585,1.0412743016551487,-1.273000000001012,-0.6690000000005585,0.04127430165514867
385.90000000000003,-1.271000000001012,-0.6680000000005585,1.0412503016551486,-1.271000000001012,-0.6680000000005585,0.04125030165514865
386.0,-1.269000000001012,-0.6670000000005585,1.0412263016551486,-1.269000000001012,-0.6670000000005585,0.04122630165514862
386.1,-1.267000000001012,-0.6660000000005585,1.0412023016551486,-1.267000000001012,-0.6660000000005585,0.0412023016551486
386.20000000000005,-1.265000000001012,-0.6650000000005585,1.0411783016551486,-1.265000000001012,-0.6650000000005585,0.041178301655148575
386.3,-1.263000000001012,-0.6640000000005585,1.0411543016551486,-1.263000000001012,-0.6640000000005585,0.04115430165514855
386.40000000000003,-1.261000000001012,-0.6630000000005585,1.0411303016551485,-1.261000000001012,-0.6630000000005585,0.04113030165514853
386.5,-1.259000000001012,-0.6620000000005585,1.0411063016551485,-1.259000000001012,-0.6620000000005585,0.0411063016551485
386.6,-1.257000000001012,-0.6610000000005585,1.0410823016551485,-1.257000000001012,-0.6610000000005585,0.04108230165514848
386.70000000000005,-1.255000000001012,-0.6600000000005585,1.0410583016551485,-1.255000000001012,-0.6600000000005585,0.041058301655148455
386.8,-1.253000000001012,-0.6590000000005585,1.0410343016551484,-1.253000000001012,-0.6590000000005585,0.04103430165514843
386.90000000000003,-1.251000000001012,-0.6580000000005585,1.0410103016551484,-1.251000000001012,-0.6580000000005585,0.04101030165514841
387.0,-1.249000000001012,-0.6570000000005585,1.0409863016551484,-1.249000000001012,-0.6570000000005585,0.04098630165514838
387.1,-1.247000000001012,-0.6560000000005585,1.0409623016551484,-1.247000000001012,-0.6560000000005585,0.04096230165514836
387.20000000000005,-1.245000000001012,-0.6550000000005585,1.0409383016551483,-1.245000000001012,-0.6550000000005585,0.040938301655148335
387.3,-1.243000000001012,-0.6540000000005585,1.0409143016551483,-1.243000000001012,-0.6540000000005585,0.04091430165514831
387.40000000000003,-1.241000000001012,-0.6530000000005585,1.0408903016551483,-1.241000000001012,-0.6530000000005585,0.04089030165514829
387.5,-1.239000000001012,-0.6520000000005585,1.0408663016551483,-1.239000000001012,-0.6520000000005585,0.04086630165514826
387.6,-1.237000000001012,-0.6510000000005585,1.0408423016551482,-1.237000000001012,-0.6510000000005585,0.04084230165514824
387.70000000000005,-1.235000000001012,-0.6500000000005585,1.0408183016551482,-1.235000000001012,-0.6500000000005585,0.040818301655148215
387.8,-1.233000000001012,-0.6490000000005585,1.0407943016551482,-1.233000000001012,-0.6490000000005585,0.04079430165514819
387.90000000000003,-1.231000000001012,-0.6480000000005585,1.0407703016551482,-1.231000000001012,-0.6480000000005585,0.04077030165514817
388.0,-1.229000000001012,-0.6470000000005585,1.0407463016551481,-1.229000000001012,-0.6470000000005585,0.04074630165514814
388.1,-1.227000000001012,-0.6460000000005585,1.0407223016551481,-1.227000000001012,-0.6460000000005585,0.04072230165514812
388.20000000000005,-1.225000000001012,-0.6450000000005585,1.040698301655148,-1.225000000001012,-0.6450000000005585,0.040698301655148095
388.3,-1.223000000001012,-0.6440000000005585,1.040674301655148,-1.223000000001012,-0.6440000000005585,0.04067430165514807
388.40000000000003,-1.221000000001012,-0.6430000000005585,1.040650301655148,-1.221000000001012,-0.6430000000005585,0.04065030165514805
388.5,-1.219000000001012,-0.6420000000005585,1.040626301655148,-1.219000000001012,-0.6420000000005585,0.04062630165514802
388.6,-1.217000000001012,-0.6410000000005585,1.040602301655148,-1.217000000001012,-0.6410000000005585,0.040602301655148
388.70000000000005,-1.215000000001012,-0.6400000000005585,1.040578301655148,-1.215000000001012,-0.6400000000005585,0.040578301655147975
388.8,-1.213000000001012,-0.6390000000005585,1.040554301655148,-1.213000000001012,-0.6390000000005585,0.04055430165514795
388.90000000000003,-1.211000000001012,-0.6380000000005585,1.040530301655148,-1.211000000001012,-0.6380000000005585,0.04053030165514793
389.0,-1.209000000001012,-0.6370000000005585,1.040506301655148,-1.209000000001012,-0.6370000000005585,0.0405063016551479
389.1,-1.207000000001012,-0.6360000000005585,1.0404823016551479,-1.207000000001012,-0.6360000000005585,0.04048230165514788
389.20000000000005,-1.205000000001012,-0.6350000000005585,1.0404583016551479,-1.205000000001012,-0.6350000000005585,0.040458301655147855
389.3,-1.203000000001012,-0.6340000000005585,1.0404343016551478,-1.203000000001012,-0.6340000000005585,0.04043430165514783
389.40000000000003,-1.201000000001012,-0.6330000000005584,1.0404103016551478,-1.201000000001012,-0.6330000000005584,0.04041030165514781
389.5,-1.199000000001012,-0.6320000000005584,1.0403863016551478,-1.199000000001012,-0.6320000000005584,0.04038630165514778
389.6,-1.197000000001012,-0.6310000000005584,1.0403623016551478,-1.197000000001012,-0.6310000000005584,0.04036230165514776
389.70000000000005,-1.195000000001012,-0.6300000000005584,1.0403383016551477,-1.195000000001012,-0.6300000000005584,0.040338301655147735
389.8,-1.193000000001012,-0.6290000000005584,1.0403143016551477,-1.193000000001012,-0.6290000000005584,0.04031430165514771
389.90000000000003,-1.191000000001012,-0.6280000000005584,1.0402903016551477,-1.191000000001012,-0.6280000000005584,0.04029030165514769
390.0,-1.189000000001012,-0.6270000000005584,1.0402663016551477,-1.189000000001012,-0.6270000000005584,0.04026630165514766
390.1,-1.187000000001012,-0.6260000000005584,1.0402423016551476,-1.187000000001012,-0.6260000000005584,0.04024230165514764
390.20000000000005,-1.185000000001012,-0.6250000000005584,1.0402183016551476,-1.185000000001012,-0.6250000000005584,0.040218301655147615
390.3,-1.183000000001012,-0.6240000000005584,1.0401943016551476,-1.183000000001012,-0.6240000000005584,0.04019430165514759
390.40000000000003,-1.181000000001012,-0.6230000000005584,1.0401703016551476,-1.181000000001012,-0.6230000000005584,0.04017030165514757
390.5,-1.179000000001012,-0.6220000000005584,1.0401463016551475,-1.179000000001012,-0.6220000000005584,0.04014630165514754
390.6,-1.177000000001012,-0.6210000000005584,1.0401223016551475,-1.177000000001012,-0.6210000000005584,0.04012230165514752
390.70000000000005,-1.175000000001012,-0.6200000000005584,1.0400983016551475,-1.175000000001012,-0.6200000000005584,0.040098301655147495
390.8,-1.173000000001012,-0.6190000000005584,1.0400743016551475,-1.173000000001012,-0.6190000000005584,0.04007430165514747
390.90000000000003,-1.171000000001012,-0.6180000000005584,1.0400503016551474,-1.171000000001012,-0.6180000000005584,0.04005030165514745
391.0,-1.169000000001012,-0.6170000000005584,1.0400263016551474,-1.169000000001012,-0.6170000000005584,0.04002630165514742
391.1,-1.167000000001012,-0.6160000000005584,1.0400023016551474,-1.167000000001012,-0.6160000000005584,0.0400023016551474
391.20000000000005,-1.165000000001012,-0.6150000000005584,1.0399783016551474,-1.165000000001012,-0.6150000000005584,0.039978301655147375
391.3,-1.163000000001012,-0.6140000000005584,1.0399543016551474,-1.163000000001012,-0.6140000000005584,0.03995430165514735
391.40000000000003,-1.161000000001012,-0.6130000000005584,1.0399303016551473,-1.161000000001012,-0.6130000000005584,0.03993030165514733
391.5,-1.1590000000010119,-0.6120000000005584,1.0399063016551473,-1.1590000000010119,-0.6120000000005584,0.0399063016551473
391.6,-1.1570000000010119,-0.6110000000005584,1.0398823016551473,-1.1570000000010119,-0.6110000000005584,0.03988230165514728
391.70000000000005,-1.1550000000010119,-0.6100000000005584,1.0398583016551473,-1.1550000000010119,-0.6100000000005584,0.039858301655147255
391.8,-1.1530000000010119,-0.6090000000005584,1.0398343016551472,-1.1530000000010119,-0.6090000000005584,0.03983430165514723
391.90000000000003,-1.1510000000010119,-0.6080000000005584,1.0398103016551472,-1.1510000000010119,-0.6080000000005584,0.03981030165514721
392.0,-1.1490000000010119,-0.6070000000005584,1.0397863016551472,-1.1490000000010119,-0.6070000000005584,0.03978630165514718
392.1,-1.1470000000010119,-0.6060000000005584,1.0397623016551472,-1.1470000000010119,-0.6060000000005584,0.03976230165514716
392.20000000000005,-1.1450000000010119,-0.6050000000005584,1.0397383016551471,-1.1450000000010119,-0.6050000000005584,0.039738301655147135
392.3,-1.1430000000010119,-0.6040000000005584,1.039714301655147,-1.1430000000010119,-0.6040000000005584,0.03971430165514711
392.40000000000003,-1.1410000000010119,-0.6030000000005584,1.039690301655147,-1.1410000000010119,-0.6030000000005584,0.03969030165514709
392.5,-1.1390000000010119,-0.6020000000005584,1.039666301655147,-1.1390000000010119,-0.6020000000005584,0.03966630165514706
392.6,-1.1370000000010119,-0.6010000000005584,1.039642301655147,-1.1370000000010119,-0.6010000000005584,0.03964230165514704
392.70000000000005,-1.1350000000010119,-0.6000000000005584,1.039618301655147,-1.1350000000010119,-0.6000000000005584,0.039618301655147015
392.8,-1.1330000000010119,-0.5990000000005584,1.039594301655147,-1.1330000000010119,-0.5990000000005584,0.03959430165514699
392.90000000000003,-1.1310000000010119,-0.5980000000005584,1.039570301655147,-1.1310000000010119,-0.5980000000005584,0.03957030165514697
393.0,-1.1290000000010119,-0.5970000000005584,1.039546301655147,-1.1290000000010119,-0.5970000000005584,0.03954630165514694
393.1,-1.1270000000010119,-0.5960000000005584,1.039522301655147,-1.1270000000010119,-0.5960000000005584,0.03952230165514692
393.20000000000005,-1.1250000000010119,-0.5950000000005584,1.039498301655147,-1.1250000000010119,-0.5950000000005584,0.039498301655146895
393.3,-1.1230000000010119,-0.5940000000005584,1.0394743016551469,-1.1230000000010119,-0.5940000000005584,0.03947430165514687
393.40000000000003,-1.1210000000010119,-0.5930000000005584,1.0394503016551468,-1.1210000000010119,-0.5930000000005584,0.03945030165514685
393.5,-1.1190000000010119,-0.5920000000005584,1.0394263016551468,-1.1190000000010119,-0.5920000000005584,0.03942630165514682
393.6,-1.1170000000010119,-0.5910000000005584,1.0394023016551468,-1.1170000000010119,-0.5910000000005584,0.0394023016551468
393.70000000000005,-1.1150000000010118,-0.5900000000005584,1.0393783016551468,-1.1150000000010118,-0.5900000000005584,0.039378301655146775
393.8,-1.1130000000010118,-0.5890000000005584,1.0393543016551468,-1.1130000000010118,-0.5890000000005584,0.03935430165514675
393.90000000000003,-1.1110000000010118,-0.5880000000005584,1.0393303016551467,-1.1110000000010118,-0.5880000000005584,0.03933030165514673
394.0,-1.1090000000010118,-0.5870000000005584,1.0393063016551467,-1.1090000000010118,-0.5870000000005584,0.0393063016551467
394.1,-1.1070000000010118,-0.5860000000005584,1.0392823016551467,-1.1070000000010118,-0.5860000000005584,0.03928230165514668
394.20000000000005,-1.1050000000010118,-0.5850000000005584,1.0392583016551467,-1.1050000000010118,-0.5850000000005584,0.039258301655146655
394.3,-1.1030000000010118,-0.5840000000005584,1.0392343016551466,-1.1030000000010118,-0.5840000000005584,0.03923430165514663
394.40000000000003,-1.1010000000010118,-0.5830000000005584,1.0392103016551466,-1.1010000000010118,-0.5830000000005584,0.03921030165514661
394.5,-1.0990000000010118,-0.5820000000005584,1.0391863016551466,-1.0990000000010118,-0.5820000000005584,0.03918630165514658
394.6,-1.0970000000010118,-0.5810000000005584,1.0391623016551466,-1.0970000000010118,-0.5810000000005584,0.03916230165514656
394.70000000000005,-1.0950000000010118,-0.5800000000005584,1.0391383016551465,-1.0950000000010118,-0.5800000000005584,0.039138301655146535
394.8,-1.0930000000010118,-0.5790000000005584,1.0391143016551465,-1.0930000000010118,-0.5790000000005584,0.03911430165514651
394.90000000000003,-1.0910000000010118,-0.5780000000005584,1.0390903016551465,-1.0910000000010118,-0.5780000000005584,0.03909030165514649
395.0,-1.0890000000010118,-0.5770000000005584,1.0390663016551465,-1.0890000000010118,-0.5770000000005584,0.03906630165514646
395.1,-1.0870000000010118,-0.5760000000005584,1.0390423016551464,-1.0870000000010118,-0.5760000000005584,0.03904230165514644
395.20000000000005,-1.0850000000010118,-0.5750000000005584,1.0390183016551464,-1.0850000000010118,-0.5750000000005584,0.039018301655146415
395.3,-1.0830000000010118,-0.5740000000005584,1.0389943016551464,-1.0830000000010118,-0.5740000000005584,0.03899430165514639
395.40000000000003,-1.0810000000010118,-0.5730000000005584,1.0389703016551464,-1.0810000000010118,-0.5730000000005584,0.03897030165514637
395.5,-1.0790000000010118,-0.5720000000005584,1.0389463016551463,-1.0790000000010118,-0.5720000000005584,0.03894630165514634
395.6,-1.0770000000010118,-0.5710000000005584,1.0389223016551463,-1.0770000000010118,-0.5710000000005584,0.03892230165514632
395.70000000000005,-1.0750000000010118,-0.5700000000005584,1.0388983016551463,-1.0750000000010118,-0.5700000000005584,0.038898301655146295
395.8,-1.0730000000010118,-0.5690000000005584,1.0388743016551463,-1.0730000000010118,-0.5690000000005584,0.03887430165514627
395.90000000000003,-1.0710000000010118,-0.5680000000005584,1.0388503016551462,-1.0710000000010118,-0.5680000000005584,0.03885030165514625
396.0,-1.0690000000010118,-0.5670000000005584,1.0388263016551462,-1.0690000000010118,-0.5670000000005584,0.03882630165514622
396.1,-1.0670000000010118,-0.5660000000005584,1.0388023016551462,-1.0670000000010118,-0.5660000000005584,0.0388023016551462
396.20000000000005,-1.0650000000010118,-0.5650000000005584,1.0387783016551462,-1.0650000000010118,-0.5650000000005584,0.038778301655146175
396.3,-1.0630000000010118,-0.5640000000005584,1.0387543016551462,-1.0630000000010118,-0.5640000000005584,0.03875430165514615
396.40000000000003,-1.0610000000010118,-0.5630000000005584,1.0387303016551461,-1.0610000000010118,-0.5630000000005584,0.03873030165514613
396.5,-1.0590000000010118,-0.5620000000005584,1.038706301655146,-1.0590000000010118,-0.5620000000005584,0.0387063016551461
396.6,-1.0570000000010118,-0.5610000000005584,1.038682301655146,-1.0570000000010118,-0.5610000000005584,0.03868230165514608
396.70000000000005,-1.0550000000010118,-0.5600000000005584,1.038658301655146,-1.0550000000010118,-0.5600000000005584,0.038658301655146055
396.8,-1.0530000000010118,-0.5590000000005584,1.038634301655146,-1.0530000000010118,-0.5590000000005584,0.03863430165514603
396.90000000000003,-1.0510000000010118,-0.5580000000005584,1.038610301655146,-1.0510000000010118,-0.5580000000005584,0.03861030165514601
397.0,-1.0490000000010118,-0.5570000000005584,1.038586301655146,-1.0490000000010118,-0.5570000000005584,0.03858630165514598
397.1,-1.0470000000010118,-0.5560000000005584,1.038562301655146,-1.0470000000010118,-0.5560000000005584,0.03856230165514596
397.20000000000005,-1.0450000000010118,-0.5550000000005584,1.038538301655146,-1.0450000000010118,-0.5550000000005584,0.038538301655145935
397.3,-1.0430000000010118,-0.5540000000005584,1.038514301655146,-1.0430000000010118,-0.5540000000005584,0.03851430165514591
397.40000000000003,-1.0410000000010118,-0.5530000000005584,1.0384903016551459,-1.0410000000010118,-0.5530000000005584,0.038490301655145887
397.5,-1.0390000000010118,-0.5520000000005584,1.0384663016551459,-1.0390000000010118,-0.5520000000005584,0.03846630165514586
397.6,-1.0370000000010118,-0.5510000000005584,1.0384423016551458,-1.0370000000010118,-0.5510000000005584,0.03844230165514584
397.70000000000005,-1.0350000000010118,-0.5500000000005584,1.0384183016551458,-1.0350000000010118,-0.5500000000005584,0.038418301655145815
397.8,-1.0330000000010118,-0.5490000000005584,1.0383943016551458,-1.0330000000010118,-0.5490000000005584,0.03839430165514579
397.90000000000003,-1.0310000000010118,-0.5480000000005584,1.0383703016551458,-1.0310000000010118,-0.5480000000005584,0.038370301655145767
398.0,-1.0290000000010118,-0.5470000000005584,1.0383463016551457,-1.0290000000010118,-0.5470000000005584,0.03834630165514574
398.1,-1.0270000000010118,-0.5460000000005584,1.0383223016551457,-1.0270000000010118,-0.5460000000005584,0.03832230165514572
398.20000000000005,-1.0250000000010118,-0.5450000000005584,1.0382983016551457,-1.0250000000010118,-0.5450000000005584,0.038298301655145695
398.3,-1.0230000000010118,-0.5440000000005584,1.0382743016551457,-1.0230000000010118,-0.5440000000005584,0.03827430165514567
398.40000000000003,-1.0210000000010118,-0.5430000000005584,1.0382503016551456,-1.0210000000010118,-0.5430000000005584,0.038250301655145647
398.5,-1.0190000000010118,-0.5420000000005584,1.0382263016551456,-1.0190000000010118,-0.5420000000005584,0.03822630165514562
398.6,-1.0170000000010118,-0.5410000000005584,1.0382023016551456,-1.0170000000010118,-0.5410000000005584,0.0382023016551456
398.70000000000005,-1.0150000000010118,-0.5400000000005584,1.0381783016551456,-1.0150000000010118,-0.5400000000005584,0.038178301655145575
398.8,-1.0130000000010118,-0.5390000000005584,1.0381543016551456,-1.0130000000010118,-0.5390000000005584,0.03815430165514555
398.90000000000003,-1.0110000000010118,-0.5380000000005584,1.0381303016551455,-1.0110000000010118,-0.5380000000005584,0.038130301655145526
399.0,-1.0090000000010118,-0.5370000000005584,1.0381063016551455,-1.0090000000010118,-0.5370000000005584,0.0381063016551455
399.1,-1.0070000000010118,-0.5360000000005584,1.0380823016551455,-1.0070000000010118,-0.5360000000005584,0.03808230165514548
399.20000000000005,-1.0050000000010118,-0.5350000000005584,1.0380583016551455,-1.0050000000010118,-0.5350000000005584,0.038058301655145454
399.3,-1.0030000000010117,-0.5340000000005584,1.0380343016551454,-1.0030000000010117,-0.5340000000005584,0.03803430165514543
399.40000000000003,-1.0010000000010117,-0.5330000000005584,1.0380103016551454,-1.0010000000010117,-0.5330000000005584,0.038010301655145406
399.5,-0.9990000000010117,-0.5320000000005584,1.0379863016551454,-0.9990000000010117,-0.5320000000005584,0.03798630165514538
