run_id,trial_id,kp,time,x,y,z,error_x,error_y,error_z
20260903_230915,1,0.2,0.1,80.0,50.0,2.0,80.0,50.0,1.0
20260903_230915,1,0.2,0.2,80.0,50.0,2.0,80.0,50.0,1.0
20260903_230915,1,0.2,0.30000000000000004,80.0,50.0,2.0,80.0,50.0,1.0
20260903_230915,1,0.2,0.4,78.4,49.0,1.9817910447761193,78.4,49.0,0.9817910447761193
20260903_230915,1,0.2,0.5,76.84,48.02,1.9635820895522387,76.84,48.02,0.9635820895522387
20260903_230915,1,0.2,0.6000000000000001,75.32000000000001,47.06,1.945373134328358,75.32000000000001,47.06,0.945373134328358
20260903_230915,1,0.2,0.7000000000000001,73.82000000000001,46.120000000000005,1.9271641791044773,73.82000000000001,46.120000000000005,0.9271641791044773
20260903_230915,1,0.2,0.8,72.36000000000001,45.2,1.910062729829115,72.36000000000001,45.2,0.9100627298291151
20260903_230915,1,0.2,0.9,70.92000000000002,44.300000000000004,1.8929612805537528,70.92000000000002,44.300000000000004,0.8929612805537528
20260903_230915,1,0.2,1.0,69.52000000000001,43.42,1.8758598312783905,69.52000000000001,43.42,0.8758598312783905
20260903_230915,1,0.2,1.1,68.14000000000001,42.56,1.8598034932502214,68.14000000000001,42.56,0.8598034932502214
20260903_230915,1,0.2,1.2000000000000002,66.78000000000002,41.72,1.8437471552220523,66.78000000000002,41.72,0.8437471552220523
20260903_230915,1,0.2,1.3,65.46000000000001,40.9,1.8276908171938833,65.46000000000001,40.9,0.8276908171938833
20260903_230915,1,0.2,1.4000000000000001,64.16000000000001,40.1,1.8126223240431982,64.16000000000001,40.1,0.8126223240431982
20260903_230915,1,0.2,1.5,62.88000000000001,39.300000000000004,1.7975538308925132,62.88000000000001,39.300000000000004,0.7975538308925132
20260903_230915,1,0.2,1.6,61.64000000000001,38.52,1.7824853377418282,61.64000000000001,38.52,0.7824853377418282
20260903_230915,1,0.2,1.7000000000000002,60.42000000000001,37.760000000000005,1.7674168445911431,60.42000000000001,37.760000000000005,0.7674168445911431
20260903_230915,1,0.2,1.8,59.220000000000006,37.02,1.7532835112578098,59.220000000000006,37.02,0.7532835112578098
20260903_230915,1,0.2,1.9000000000000001,58.040000000000006,36.28,1.7391501779244765,58.040000000000006,36.28,0.7391501779244765
20260903_230915,1,0.2,2.0,56.88000000000001,35.56,1.7250168445911431,56.88000000000001,35.56,0.7250168445911431
20260903_230915,1,0.2,2.1,55.76000000000001,34.86,1.7117700913443898,55.76000000000001,34.86,0.7117700913443898
20260903_230915,1,0.2,2.2,54.66000000000001,34.18,1.6985233380976366,54.66000000000001,34.18,0.6985233380976366
20260903_230915,1,0.2,2.3000000000000003,53.58000000000001,33.5,1.6852765848508833,53.58000000000001,33.5,0.6852765848508833
20260903_230915,1,0.2,2.4000000000000004,52.52000000000001,32.84,1.67202983160413,52.52000000000001,32.84,0.67202983160413
20260903_230915,1,0.2,2.5,51.48000000000001,32.2,1.6596247683129908,51.48000000000001,32.2,0.6596247683129908
20260903_230915,1,0.2,2.6,50.46000000000001,31.560000000000002,1.6472197050218516,50.46000000000001,31.560000000000002,0.6472197050218516
20260903_230915,1,0.2,2.7,49.46000000000001,30.94,1.6348146417307123,49.46000000000001,30.94,0.6348146417307123
20260903_230915,1,0.2,2.8000000000000003,48.48000000000001,30.34,1.6232097034591073,48.48000000000001,30.34,0.6232097034591073
20260903_230915,1,0.2,2.9000000000000004,47.52000000000001,29.74,1.6116047651875023,47.52000000000001,29.74,0.6116047651875023
20260903_230915,1,0.2,3.0,46.58000000000001,29.159999999999997,1.5999998269158973,46.58000000000001,29.159999999999997,0.5999998269158973
20260903_230915,1,0.2,3.1,45.66000000000001,28.58,1.5891564534219214,45.66000000000001,28.58,0.5891564534219214
20260903_230915,1,0.2,3.2,44.76000000000001,28.02,1.5783130799279455,44.76000000000001,28.02,0.5783130799279455
20260903_230915,1,0.2,3.3000000000000003,43.88000000000001,27.46,1.5674697064339695,43.88000000000001,27.46,0.5674697064339695
20260903_230915,1,0.2,3.4000000000000004,43.00000000000001,26.900000000000002,1.5566263329399936,43.00000000000001,26.900000000000002,0.5566263329399936
20260903_230915,1,0.2,3.5,42.14000000000001,26.380000000000003,1.54650868588117,42.14000000000001,26.380000000000003,0.5465086858811701
20260903_230915,1,0.2,3.6,41.300000000000004,25.860000000000003,1.5363910388223465,41.300000000000004,25.860000000000003,0.5363910388223465
20260903_230915,1,0.2,3.7,40.480000000000004,25.360000000000003,1.526273391763523,40.480000000000004,25.360000000000003,0.526273391763523
20260903_230915,1,0.2,3.8000000000000003,39.68000000000001,24.860000000000003,1.5161557447046994,39.68000000000001,24.860000000000003,0.5161557447046994
20260903_230915,1,0.2,3.9000000000000004,38.900000000000006,24.380000000000003,1.5067304573483775,38.900000000000006,24.380000000000003,0.5067304573483775
20260903_230915,1,0.2,4.0,38.14000000000001,23.900000000000002,1.4973051699920557,38.14000000000001,23.900000000000002,0.49730516999205565
20260903_230915,1,0.2,4.1000000000000005,37.38000000000001,23.44,1.4878798826357338,37.38000000000001,23.44,0.4878798826357338
20260903_230915,1,0.2,4.2,36.62000000000001,22.98,1.478454595279412,36.62000000000001,22.98,0.4784545952794119
20260903_230915,1,0.2,4.3,35.90000000000001,22.54,1.4696905503355917,35.90000000000001,22.54,0.4696905503355917
20260903_230915,1,0.2,4.4,35.20000000000001,22.099999999999998,1.4609265053917715,35.20000000000001,22.099999999999998,0.4609265053917715
20260903_230915,1,0.2,4.5,34.50000000000001,21.659999999999997,1.4521624604479513,34.50000000000001,21.659999999999997,0.4521624604479513
20260903_230915,1,0.2,4.6000000000000005,33.82000000000001,21.239999999999995,1.4440305923160832,33.82000000000001,21.239999999999995,0.4440305923160832
20260903_230915,1,0.2,4.7,33.16000000000001,20.819999999999993,1.4358987241842152,33.16000000000001,20.819999999999993,0.43589872418421516
20260903_230915,1,0.2,4.800000000000001,32.500000000000014,20.419999999999995,1.427766856052347,32.500000000000014,20.419999999999995,0.4277668560523471
20260903_230915,1,0.2,4.9,31.860000000000014,20.019999999999996,1.419634987920479,31.860000000000014,20.019999999999996,0.41963498792047904
20260903_230915,1,0.2,5.0,31.240000000000013,19.619999999999997,1.412108106200049,31.240000000000013,19.619999999999997,0.4121081062000489
20260903_230915,1,0.2,5.1000000000000005,30.62000000000001,19.24,1.4045812244796188,30.62000000000001,19.24,0.40458122447961875
20260903_230915,1,0.2,5.2,30.02000000000001,18.86,1.3970543427591886,30.02000000000001,18.86,0.3970543427591886
20260903_230915,1,0.2,5.300000000000001,29.42000000000001,18.5,1.3895274610387585,29.42000000000001,18.5,0.38952746103875846
20260903_230915,1,0.2,5.4,28.84000000000001,18.14,1.3825800926177059,28.84000000000001,18.14,0.38258009261770587
20260903_230915,1,0.2,5.5,28.280000000000012,17.78,1.3756327241966533,28.280000000000012,17.78,0.3756327241966533
20260903_230915,1,0.2,5.6000000000000005,27.720000000000013,17.44,1.3686853557756007,27.720000000000013,17.44,0.3686853557756007
20260903_230915,1,0.2,5.7,27.180000000000014,17.1,1.361737987354548,27.180000000000014,17.1,0.3617379873545481
20260903_230915,1,0.2,5.800000000000001,26.640000000000015,16.76,1.3547906189334955,26.640000000000015,16.76,0.3547906189334955
20260903_230915,1,0.2,5.9,26.120000000000015,16.44,1.348398866356176,26.120000000000015,16.44,0.3483988663561759
20260903_230915,1,0.2,6.0,25.600000000000016,16.12,1.3420071137788563,25.600000000000016,16.12,0.3420071137788563
20260903_230915,1,0.2,6.1000000000000005,25.100000000000016,15.8,1.3356153612015367,25.100000000000016,15.8,0.3356153612015367
20260903_230915,1,0.2,6.2,24.600000000000016,15.5,1.329223608624217,24.600000000000016,15.5,0.32922360862421707
20260903_230915,1,0.2,6.300000000000001,24.120000000000015,15.2,1.3233650227656313,24.120000000000015,15.2,0.3233650227656313
20260903_230915,1,0.2,6.4,23.640000000000015,14.899999999999999,1.3175064369070455,23.640000000000015,14.899999999999999,0.3175064369070455
20260903_230915,1,0.2,6.5,23.180000000000014,14.62,1.3116478510484597,23.180000000000014,14.62,0.3116478510484597
20260903_230915,1,0.2,6.6000000000000005,22.720000000000013,14.34,1.305789265189874,22.720000000000013,14.34,0.3057892651898739
20260903_230915,1,0.2,6.7,22.280000000000012,14.06,1.3004427305364086,22.280000000000012,14.06,0.3004427305364086
20260903_230915,1,0.2,6.800000000000001,21.84000000000001,13.780000000000001,1.2950961958829432,21.84000000000001,13.780000000000001,0.2950961958829432
20260903_230915,1,0.2,6.9,21.42000000000001,13.520000000000001,1.2897496612294779,21.42000000000001,13.520000000000001,0.2897496612294779
20260903_230915,1,0.2,7.0,21.000000000000007,13.260000000000002,1.2844031265760125,21.000000000000007,13.260000000000002,0.2844031265760125
20260903_230915,1,0.2,7.1000000000000005,20.580000000000005,13.000000000000002,1.2790565919225472,20.580000000000005,13.000000000000002,0.27905659192254717
20260903_230915,1,0.2,7.2,20.180000000000007,12.740000000000002,1.2742022229905083,20.180000000000007,12.740000000000002,0.27420222299050834
20260903_230915,1,0.2,7.300000000000001,19.78000000000001,12.500000000000002,1.2693478540584695,19.78000000000001,12.500000000000002,0.2693478540584695
20260903_230915,1,0.2,7.4,19.40000000000001,12.260000000000002,1.2644934851264307,19.40000000000001,12.260000000000002,0.26449348512643067
20260903_230915,1,0.2,7.5,19.02000000000001,12.020000000000001,1.2596391161943918,19.02000000000001,12.020000000000001,0.25963911619439184
20260903_230915,1,0.2,7.6000000000000005,18.64000000000001,11.780000000000001,1.254784747262353,18.64000000000001,11.780000000000001,0.254784747262353
20260903_230915,1,0.2,7.7,18.280000000000012,11.56,1.2504037948814006,18.280000000000012,11.56,0.25040379488140063
20260903_230915,1,0.2,7.800000000000001,17.920000000000012,11.34,1.2460228425004483,17.920000000000012,11.34,0.24602284250044826
20260903_230915,1,0.2,7.9,17.580000000000013,11.12,1.2416418901194959,17.580000000000013,11.12,0.24164189011949588
20260903_230915,1,0.2,8.0,17.240000000000013,10.899999999999999,1.2372609377385435,17.240000000000013,10.899999999999999,0.2372609377385435
20260903_230915,1,0.2,8.1,16.900000000000013,10.7,1.2328799853575911,16.900000000000013,10.7,0.23287998535759113
20260903_230915,1,0.2,8.200000000000001,16.580000000000013,10.5,1.2284990329766388,16.580000000000013,10.5,0.22849903297663876
20260903_230915,1,0.2,8.3,16.260000000000012,10.3,1.224573799331779,16.260000000000012,10.3,0.2245737993317789
20260903_230915,1,0.2,8.4,15.940000000000012,10.100000000000001,1.220648565686919,15.940000000000012,10.100000000000001,0.22064856568691904
20260903_230915,1,0.2,8.5,15.640000000000011,9.900000000000002,1.2167233320420592,15.640000000000011,9.900000000000002,0.21672333204205918
20260903_230915,1,0.2,8.6,15.34000000000001,9.720000000000002,1.2127980983971993,15.34000000000001,9.720000000000002,0.21279809839719932
20260903_230915,1,0.2,8.700000000000001,15.04000000000001,9.540000000000003,1.2088728647523395,15.04000000000001,9.540000000000003,0.20887286475233946
20260903_230915,1,0.2,8.8,14.740000000000009,9.360000000000003,1.2049476311074796,14.740000000000009,9.360000000000003,0.2049476311074796
20260903_230915,1,0.2,8.9,14.46000000000001,9.180000000000003,1.2014613925753694,14.46000000000001,9.180000000000003,0.20146139257536944
20260903_230915,1,0.2,9.0,14.18000000000001,9.000000000000004,1.1979751540432593,14.18000000000001,9.000000000000004,0.19797515404325927
20260903_230915,1,0.2,9.1,13.900000000000011,8.820000000000004,1.194488915511149,13.900000000000011,8.820000000000004,0.1944889155111491
20260903_230915,1,0.2,9.200000000000001,13.640000000000011,8.660000000000004,1.191002676979039,13.640000000000011,8.660000000000004,0.19100267697903894
20260903_230915,1,0.2,9.3,13.380000000000011,8.500000000000004,1.1875164384469288,13.380000000000011,8.500000000000004,0.18751643844692878
20260903_230915,1,0.2,9.4,13.120000000000012,8.340000000000003,1.1840301999148186,13.120000000000012,8.340000000000003,0.18403019991481862
20260903_230915,1,0.2,9.5,12.860000000000012,8.180000000000003,1.1809671368517556,12.860000000000012,8.180000000000003,0.18096713685175558
20260903_230915,1,0.2,9.600000000000001,12.620000000000012,8.020000000000003,1.1779040737886926,12.620000000000012,8.020000000000003,0.17790407378869255
20260903_230915,1,0.2,9.700000000000001,12.380000000000011,7.860000000000003,1.1748410107256295,12.380000000000011,7.860000000000003,0.17484101072562952
20260903_230915,1,0.2,9.8,12.140000000000011,7.720000000000003,1.1717779476625665,12.140000000000011,7.720000000000003,0.1717779476625665
20260903_230915,1,0.2,9.9,11.900000000000011,7.580000000000004,1.1687148845995035,11.900000000000011,7.580000000000004,0.16871488459950346
20260903_230915,1,0.2,10.0,11.68000000000001,7.440000000000004,1.1656518215364404,11.68000000000001,7.440000000000004,0.16565182153644042
20260903_230915,1,0.2,10.100000000000001,11.46000000000001,7.300000000000004,1.1625887584733774,11.46000000000001,7.300000000000004,0.1625887584733774
20260903_230915,1,0.2,10.200000000000001,11.240000000000009,7.160000000000005,1.1599338912167403,11.240000000000009,7.160000000000005,0.1599338912167403
20260903_230915,1,0.2,10.3,11.020000000000008,7.020000000000005,1.1572790239601032,11.020000000000008,7.020000000000005,0.15727902396010318
20260903_230915,1,0.2,10.4,10.800000000000008,6.880000000000005,1.154624156703466,10.800000000000008,6.880000000000005,0.15462415670346608
20260903_230915,1,0.2,10.5,10.600000000000009,6.760000000000005,1.151969289446829,10.600000000000009,6.760000000000005,0.15196928944682897
20260903_230915,1,0.2,10.600000000000001,10.40000000000001,6.640000000000005,1.1493144221901919,10.40000000000001,6.640000000000005,0.14931442219019186
20260903_230915,1,0.2,10.700000000000001,10.20000000000001,6.520000000000005,1.1466595549335548,10.20000000000001,6.520000000000005,0.14665955493355476
20260903_230915,1,0.2,10.8,10.00000000000001,6.400000000000005,1.1440046876769177,10.00000000000001,6.400000000000005,0.14400468767691765
20260903_230915,1,0.2,10.9,9.800000000000011,6.280000000000005,1.1413498204202805,9.800000000000011,6.280000000000005,0.14134982042028055
20260903_230915,1,0.2,11.0,9.620000000000012,6.160000000000005,1.1390889508550632,9.620000000000012,6.160000000000005,0.13908895085506323
20260903_230915,1,0.2,11.100000000000001,9.440000000000012,6.0400000000000045,1.136828081289846,9.440000000000012,6.0400000000000045,0.13682808128984592
20260903_230915,1,0.2,11.200000000000001,9.260000000000012,5.920000000000004,1.1345672117246286,9.260000000000012,5.920000000000004,0.1345672117246286
20260903_230915,1,0.2,11.3,9.080000000000013,5.820000000000005,1.1323063421594113,9.080000000000013,5.820000000000005,0.13230634215941128
20260903_230915,1,0.2,11.4,8.900000000000013,5.720000000000005,1.130045472594194,8.900000000000013,5.720000000000005,0.13004547259419397
20260903_230915,1,0.2,11.5,8.740000000000013,5.620000000000005,1.1277846030289767,8.740000000000013,5.620000000000005,0.12778460302897665
20260903_230915,1,0.2,11.600000000000001,8.580000000000013,5.520000000000006,1.1255237334637593,8.580000000000013,5.520000000000006,0.12552373346375933
20260903_230915,1,0.2,11.700000000000001,8.420000000000012,5.420000000000006,1.123262863898542,8.420000000000012,5.420000000000006,0.12326286389854202
20260903_230915,1,0.2,11.8,8.260000000000012,5.3200000000000065,1.1210019943333247,8.260000000000012,5.3200000000000065,0.1210019943333247
20260903_230915,1,0.2,11.9,8.100000000000012,5.220000000000007,1.1191216524529828,8.100000000000012,5.220000000000007,0.11912165245298278
20260903_230915,1,0.2,12.0,7.940000000000012,5.120000000000007,1.1172413105726409,7.940000000000012,5.120000000000007,0.11724131057264087
20260903_230915,1,0.2,12.100000000000001,7.800000000000012,5.020000000000008,1.115360968692299,7.800000000000012,5.020000000000008,0.11536096869229895
20260903_230915,1,0.2,12.200000000000001,7.660000000000013,4.920000000000008,1.113480626811957,7.660000000000013,4.920000000000008,0.11348062681195703
20260903_230915,1,0.2,12.3,7.520000000000013,4.840000000000008,1.1116002849316151,7.520000000000013,4.840000000000008,0.11160028493161511
20260903_230915,1,0.2,12.4,7.380000000000013,4.760000000000008,1.1097199430512732,7.380000000000013,4.760000000000008,0.1097199430512732
20260903_230915,1,0.2,12.5,7.2400000000000135,4.680000000000008,1.1078396011709313,7.2400000000000135,4.680000000000008,0.10783960117093128
20260903_230915,1,0.2,12.600000000000001,7.100000000000014,4.600000000000008,1.1059592592905894,7.100000000000014,4.600000000000008,0.10595925929058936
20260903_230915,1,0.2,12.700000000000001,6.960000000000014,4.520000000000008,1.1040789174102474,6.960000000000014,4.520000000000008,0.10407891741024744
20260903_230915,1,0.2,12.8,6.840000000000014,4.4400000000000075,1.1021985755299055,6.840000000000014,4.4400000000000075,0.10219857552990552
20260903_230915,1,0.2,12.9,6.720000000000014,4.360000000000007,1.1006859704878886,6.720000000000014,4.360000000000007,0.10068597048788863
20260903_230915,1,0.2,13.0,6.600000000000014,4.280000000000007,1.0991733654458717,6.600000000000014,4.280000000000007,0.09917336544587174
20260903_230915,1,0.2,13.100000000000001,6.480000000000014,4.200000000000007,1.0976607604038549,6.480000000000014,4.200000000000007,0.09766076040385485
20260903_230915,1,0.2,13.200000000000001,6.360000000000014,4.120000000000007,1.096148155361838,6.360000000000014,4.120000000000007,0.09614815536183796
20260903_230915,1,0.2,13.3,6.2400000000000135,4.040000000000007,1.094635550319821,6.2400000000000135,4.040000000000007,0.09463555031982107
20260903_230915,1,0.2,13.4,6.120000000000013,3.960000000000007,1.0931229452778042,6.120000000000013,3.960000000000007,0.09312294527780418
20260903_230915,1,0.2,13.5,6.000000000000013,3.900000000000007,1.0916103402357873,6.000000000000013,3.900000000000007,0.09161034023578729
20260903_230915,1,0.2,13.600000000000001,5.880000000000013,3.840000000000007,1.0900977351937704,5.880000000000013,3.840000000000007,0.0900977351937704
20260903_230915,1,0.2,13.700000000000001,5.780000000000014,3.780000000000007,1.0885851301517535,5.780000000000014,3.780000000000007,0.08858513015175351
20260903_230915,1,0.2,13.8,5.680000000000014,3.720000000000007,1.0870725251097366,5.680000000000014,3.720000000000007,0.08707252510973662
20260903_230915,1,0.2,13.9,5.580000000000014,3.660000000000007,1.0855599200677197,5.580000000000014,3.660000000000007,0.08555992006771973
20260903_230915,1,0.2,14.0,5.480000000000015,3.6000000000000068,1.0840473150257028,5.480000000000015,3.6000000000000068,0.08404731502570284
20260903_230915,1,0.2,14.100000000000001,5.380000000000015,3.5400000000000067,1.0828902902323143,5.380000000000015,3.5400000000000067,0.08289029023231431
20260903_230915,1,0.2,14.200000000000001,5.280000000000015,3.4800000000000066,1.0817332654389258,5.280000000000015,3.4800000000000066,0.08173326543892578
20260903_230915,1,0.2,14.3,5.180000000000016,3.4200000000000066,1.0805762406455373,5.180000000000016,3.4200000000000066,0.08057624064553726
20260903_230915,1,0.2,14.4,5.080000000000016,3.3600000000000065,1.0794192158521487,5.080000000000016,3.3600000000000065,0.07941921585214873
20260903_230915,1,0.2,14.5,4.980000000000016,3.3000000000000065,1.0782621910587602,4.980000000000016,3.3000000000000065,0.0782621910587602
20260903_230915,1,0.2,14.600000000000001,4.900000000000016,3.2400000000000064,1.0771051662653717,4.900000000000016,3.2400000000000064,0.07710516626537167
20260903_230915,1,0.2,14.700000000000001,4.820000000000016,3.1800000000000064,1.0759481414719831,4.820000000000016,3.1800000000000064,0.07594814147198314
20260903_230915,1,0.2,14.8,4.740000000000016,3.1200000000000063,1.0747911166785946,4.740000000000016,3.1200000000000063,0.07479111667859462
20260903_230915,1,0.2,14.9,4.660000000000016,3.0600000000000063,1.073634091885206,4.660000000000016,3.0600000000000063,0.07363409188520609
20260903_230915,1,0.2,15.0,4.580000000000016,3.000000000000006,1.0724770670918176,4.580000000000016,3.000000000000006,0.07247706709181756
20260903_230915,1,0.2,15.100000000000001,4.500000000000016,2.940000000000006,1.071320042298429,4.500000000000016,2.940000000000006,0.07132004229842903
20260903_230915,1,0.2,15.200000000000001,4.420000000000016,2.900000000000006,1.0701630175050405,4.420000000000016,2.900000000000006,0.0701630175050405
20260903_230915,1,0.2,15.3,4.340000000000016,2.860000000000006,1.069005992711652,4.340000000000016,2.860000000000006,0.06900599271165198
20260903_230915,1,0.2,15.4,4.260000000000016,2.820000000000006,1.0678489679182634,4.260000000000016,2.820000000000006,0.06784896791826345
20260903_230915,1,0.2,15.5,4.180000000000016,2.780000000000006,1.066691943124875,4.180000000000016,2.780000000000006,0.06669194312487492
20260903_230915,1,0.2,15.600000000000001,4.100000000000016,2.740000000000006,1.0655349183314864,4.100000000000016,2.740000000000006,0.06553491833148639
20260903_230915,1,0.2,15.700000000000001,4.020000000000016,2.700000000000006,1.0643778935380979,4.020000000000016,2.700000000000006,0.06437789353809786
20260903_230915,1,0.2,15.8,3.9400000000000155,2.660000000000006,1.0632208687447093,3.9400000000000155,2.660000000000006,0.06322086874470934
20260903_230915,1,0.2,15.9,3.8600000000000154,2.620000000000006,1.0620638439513208,3.8600000000000154,2.620000000000006,0.06206384395132081
20260903_230915,1,0.2,16.0,3.7800000000000153,2.580000000000006,1.0609068191579323,3.7800000000000153,2.580000000000006,0.06090681915793228
20260903_230915,1,0.2,16.1,3.7000000000000153,2.540000000000006,1.0597497943645438,3.7000000000000153,2.540000000000006,0.05974979436454375
20260903_230915,1,0.2,16.2,3.620000000000015,2.5000000000000058,1.0585927695711552,3.620000000000015,2.5000000000000058,0.05859276957115522
20260903_230915,1,0.2,16.3,3.540000000000015,2.4600000000000057,1.0574357447777667,3.540000000000015,2.4600000000000057,0.057435744777766695
20260903_230915,1,0.2,16.400000000000002,3.460000000000015,2.4200000000000057,1.0562787199843782,3.460000000000015,2.4200000000000057,0.05627871998437817
20260903_230915,1,0.2,16.5,3.380000000000015,2.3800000000000057,1.0551216951909896,3.380000000000015,2.3800000000000057,0.05512169519098964
20260903_230915,1,0.2,16.6,3.300000000000015,2.3400000000000056,1.0539646703976011,3.300000000000015,2.3400000000000056,0.05396467039760111
20260903_230915,1,0.2,16.7,3.220000000000015,2.3000000000000056,1.0528076456042126,3.220000000000015,2.3000000000000056,0.05280764560421258
20260903_230915,1,0.2,16.8,3.140000000000015,2.2600000000000056,1.051650620810824,3.140000000000015,2.2600000000000056,0.051650620810824055
20260903_230915,1,0.2,16.900000000000002,3.0600000000000147,2.2200000000000055,1.0504935960174355,3.0600000000000147,2.2200000000000055,0.05049359601743553
20260903_230915,1,0.2,17.0,2.9800000000000146,2.1800000000000055,1.049336571224047,2.9800000000000146,2.1800000000000055,0.049336571224047
20260903_230915,1,0.2,17.1,2.9000000000000146,2.1400000000000055,1.0481795464306585,2.9000000000000146,2.1400000000000055,0.04817954643065847
20260903_230915,1,0.2,17.2,2.8200000000000145,2.1000000000000054,1.04702252163727,2.8200000000000145,2.1000000000000054,0.04702252163726994
20260903_230915,1,0.2,17.3,2.7400000000000144,2.0600000000000054,1.0458654968438814,2.7400000000000144,2.0600000000000054,0.045865496843881415
20260903_230915,1,0.2,17.400000000000002,2.6600000000000144,2.0200000000000053,1.0447084720504929,2.6600000000000144,2.0200000000000053,0.04470847205049289
20260903_230915,1,0.2,17.5,2.5800000000000143,1.9800000000000053,1.0435514472571044,2.5800000000000143,1.9800000000000053,0.04355144725710436
20260903_230915,1,0.2,17.6,2.500000000000014,1.9400000000000053,1.0423944224637158,2.500000000000014,1.9400000000000053,0.04239442246371583
20260903_230915,1,0.2,17.7,2.420000000000014,1.9000000000000052,1.0412373976703273,2.420000000000014,1.9000000000000052,0.0412373976703273
20260903_230915,1,0.2,17.8,2.340000000000014,1.8600000000000052,1.0400803728769388,2.340000000000014,1.8600000000000052,0.040080372876938775
20260903_230915,1,0.2,17.900000000000002,2.260000000000014,1.8200000000000052,1.0389233480835502,2.260000000000014,1.8200000000000052,0.03892334808355025
20260903_230915,1,0.2,18.0,2.180000000000014,1.7800000000000051,1.0377663232901617,2.180000000000014,1.7800000000000051,0.03776632329016172
20260903_230915,1,0.2,18.1,2.100000000000014,1.740000000000005,1.0366092984967732,2.100000000000014,1.740000000000005,0.03660929849677319
20260903_230915,1,0.2,18.2,2.020000000000014,1.700000000000005,1.0354522737033847,2.020000000000014,1.700000000000005,0.03545227370338466
20260903_230915,1,0.2,18.3,1.9400000000000137,1.660000000000005,1.0342952489099961,1.9400000000000137,1.660000000000005,0.034295248909996134
20260903_230915,1,0.2,18.400000000000002,1.8600000000000136,1.620000000000005,1.0331382241166076,1.8600000000000136,1.620000000000005,0.033138224116607606
20260903_230915,1,0.2,18.5,1.7800000000000136,1.580000000000005,1.031981199323219,1.7800000000000136,1.580000000000005,0.03198119932321908
20260903_230915,1,0.2,18.6,1.7000000000000135,1.540000000000005,1.0308241745298306,1.7000000000000135,1.540000000000005,0.03082417452983055
20260903_230915,1,0.2,18.7,1.6200000000000134,1.5000000000000049,1.029667149736442,1.6200000000000134,1.5000000000000049,0.029667149736442022
20260903_230915,1,0.2,18.8,1.5400000000000134,1.4600000000000048,1.0285101249430535,1.5400000000000134,1.4600000000000048,0.028510124943053494
20260903_230915,1,0.2,18.900000000000002,1.4600000000000133,1.4200000000000048,1.027353100149665,1.4600000000000133,1.4200000000000048,0.027353100149664966
20260903_230915,1,0.2,19.0,1.3800000000000132,1.3800000000000048,1.0261960753562764,1.3800000000000132,1.3800000000000048,0.026196075356276438
20260903_230915,1,0.2,19.1,1.3000000000000131,1.3400000000000047,1.025039050562888,1.3000000000000131,1.3400000000000047,0.02503905056288791
20260903_230915,1,0.2,19.200000000000003,1.220000000000013,1.3000000000000047,1.0238820257694994,1.220000000000013,1.3000000000000047,0.023882025769499382
20260903_230915,1,0.2,19.3,1.140000000000013,1.2600000000000047,1.0227250009761109,1.140000000000013,1.2600000000000047,0.022725000976110854
20260903_230915,1,0.2,19.400000000000002,1.060000000000013,1.2200000000000046,1.0215679761827223,1.060000000000013,1.2200000000000046,0.021567976182722326
20260903_230915,1,0.2,19.5,0.9800000000000129,1.1800000000000046,1.0204109513893338,0.9800000000000129,1.1800000000000046,0.020410951389333798
20260903_230915,1,0.2,19.6,0.9000000000000128,1.1400000000000046,1.0192539265959453,0.9000000000000128,1.1400000000000046,0.01925392659594527
20260903_230915,1,0.2,19.700000000000003,0.8200000000000127,1.1000000000000045,1.0180969018025567,0.8200000000000127,1.1000000000000045,0.018096901802556742
20260903_230915,1,0.2,19.8,0.7400000000000126,1.0600000000000045,1.0169398770091682,0.7400000000000126,1.0600000000000045,0.016939877009168214
20260903_230915,1,0.2,19.900000000000002,0.6600000000000126,1.0200000000000045,1.0157828522157797,0.6600000000000126,1.0200000000000045,0.015782852215779686
20260903_230915,1,0.2,20.0,0.5800000000000125,0.9800000000000044,1.0146258274223912,0.5800000000000125,0.9800000000000044,0.014625827422391158
20260903_231157,2,0.2,0.1,-100.0,-100.0,1.5,-100.0,-100.0,0.5
20260903_231157,2,0.2,0.2,-100.0,-100.0,1.5,-100.0,-100.0,0.5
20260903_231157,2,0.2,0.30000000000000004,-100.0,-100.0,1.5,-100.0,-100.0,0.5
20260903_231157,2,0.2,0.4,-98.0,-98.0,1.4905747126436781,-98.0,-98.0,0.49057471264367813
20260903_231157,2,0.2,0.5,-96.0,-96.0,1.4811494252873563,-96.0,-96.0,0.48114942528735627
20260903_231157,2,0.2,0.6000000000000001,-94.04,-94.04,1.4717241379310344,-94.04,-94.04,0.4717241379310344
20260903_231157,2,0.2,0.7000000000000001,-92.12,-92.12,1.4629600929872142,-92.12,-92.12,0.4629600929872142
20260903_231157,2,0.2,0.8,-90.22,-90.22,1.454196048043394,-90.22,-90.22,0.454196048043394
20260903_231157,2,0.2,0.9,-88.36,-88.36,1.4454320030995738,-88.36,-88.36,0.44543200309957376
20260903_231157,2,0.2,1.0,-86.54,-86.54,1.4373001349677057,-86.54,-86.54,0.4373001349677057
20260903_231157,2,0.2,1.1,-84.76,-84.76,1.4291682668358376,-84.76,-84.76,0.42916826683583764
20260903_231157,2,0.2,1.2000000000000002,-83.02000000000001,-83.02000000000001,1.4210363987039696,-83.02000000000001,-83.02000000000001,0.4210363987039696
20260903_231157,2,0.2,1.3,-81.32000000000001,-81.32000000000001,1.4129045305721015,-81.32000000000001,-81.32000000000001,0.4129045305721015
20260903_231157,2,0.2,1.4000000000000001,-79.64,-79.64,1.4053776488516714,-79.64,-79.64,0.4053776488516714
20260903_231157,2,0.2,1.5,-78.0,-78.0,1.3978507671312412,-78.0,-78.0,0.39785076713124123
20260903_231157,2,0.2,1.6,-76.4,-76.4,1.390323885410811,-76.4,-76.4,0.3903238854108111
20260903_231157,2,0.2,1.7000000000000002,-74.84,-74.84,1.382797003690381,-74.84,-74.84,0.38279700369038094
20260903_231157,2,0.2,1.8,-73.3,-73.3,1.3758496352693284,-73.3,-73.3,0.37584963526932835
20260903_231157,2,0.2,1.9000000000000001,-71.8,-71.8,1.3689022668482758,-71.8,-71.8,0.36890226684827576
20260903_231157,2,0.2,2.0,-70.32,-70.32,1.3619548984272232,-70.32,-70.32,0.36195489842722317
20260903_231157,2,0.2,2.1,-68.88,-68.88,1.3550075300061706,-68.88,-68.88,0.3550075300061706
20260903_231157,2,0.2,2.2,-67.46,-67.46,1.348060161585118,-67.46,-67.46,0.348060161585118
20260903_231157,2,0.2,2.3000000000000003,-66.1,-66.1,1.3416684090077984,-66.1,-66.1,0.3416684090077984
20260903_231157,2,0.2,2.4000000000000004,-64.74,-64.74,1.3352766564304788,-64.74,-64.74,0.33527665643047877
20260903_231157,2,0.2,2.5,-63.39999999999999,-63.39999999999999,1.3288849038531592,-63.39999999999999,-63.39999999999999,0.32888490385315916
20260903_231157,2,0.2,2.6,-62.099999999999994,-62.099999999999994,1.3224931512758396,-62.099999999999994,-62.099999999999994,0.32249315127583955
20260903_231157,2,0.2,2.7,-60.81999999999999,-60.81999999999999,1.3166345654172538,-60.81999999999999,-60.81999999999999,0.31663456541725377
20260903_231157,2,0.2,2.8000000000000003,-59.559999999999995,-59.559999999999995,1.310775979558668,-59.559999999999995,-59.559999999999995,0.310775979558668
20260903_231157,2,0.2,2.9000000000000004,-58.339999999999996,-58.339999999999996,1.3049173937000822,-58.339999999999996,-58.339999999999996,0.3049173937000822
20260903_231157,2,0.2,3.0,-57.13999999999999,-57.13999999999999,1.2990588078414964,-57.13999999999999,-57.13999999999999,0.2990588078414964
20260903_231157,2,0.2,3.1,-55.959999999999994,-55.959999999999994,1.293712273188031,-55.959999999999994,-55.959999999999994,0.29371227318803106
20260903_231157,2,0.2,3.2,-54.8,-54.8,1.2883657385345657,-54.8,-54.8,0.2883657385345657
20260903_231157,2,0.2,3.3000000000000003,-53.68,-53.68,1.2830192038811004,-53.68,-53.68,0.28301920388110036
20260903_231157,2,0.2,3.4000000000000004,-52.58,-52.58,1.277672669227635,-52.58,-52.58,0.277672669227635
20260903_231157,2,0.2,3.5,-51.5,-51.5,1.2723261345741697,-51.5,-51.5,0.27232613457416965
20260903_231157,2,0.2,3.6,-50.44,-50.44,1.2674717656421308,-50.44,-50.44,0.2674717656421308
20260903_231157,2,0.2,3.7,-49.4,-49.4,1.262617396710092,-49.4,-49.4,0.262617396710092
20260903_231157,2,0.2,3.8000000000000003,-48.379999999999995,-48.379999999999995,1.2577630277780532,-48.379999999999995,-48.379999999999995,0.25776302777805316
20260903_231157,2,0.2,3.9000000000000004,-47.379999999999995,-47.379999999999995,1.2529086588460143,-47.379999999999995,-47.379999999999995,0.2529086588460143
20260903_231157,2,0.2,4.0,-46.4,-46.4,1.2480542899139755,-46.4,-46.4,0.2480542899139755
20260903_231157,2,0.2,4.1000000000000005,-45.44,-45.44,1.2436733375330231,-45.44,-45.44,0.24367333753302312
20260903_231157,2,0.2,4.2,-44.5,-44.5,1.2392923851520707,-44.5,-44.5,0.23929238515207074
20260903_231157,2,0.2,4.3,-43.58,-43.58,1.2349114327711184,-43.58,-43.58,0.23491143277111837
20260903_231157,2,0.2,4.4,-42.68,-42.68,1.230530480390166,-42.68,-42.68,0.230530480390166
20260903_231157,2,0.2,4.5,-41.8,-41.8,1.2261495280092136,-41.8,-41.8,0.22614952800921362
20260903_231157,2,0.2,4.6000000000000005,-40.94,-40.94,1.2222242943643538,-40.94,-40.94,0.22222429436435376
20260903_231157,2,0.2,4.7,-40.099999999999994,-40.099999999999994,1.218299060719494,-40.099999999999994,-40.099999999999994,0.2182990607194939
20260903_231157,2,0.2,4.800000000000001,-39.279999999999994,-39.279999999999994,1.214373827074634,-39.279999999999994,-39.279999999999994,0.21437382707463404
20260903_231157,2,0.2,4.9,-38.459999999999994,-38.459999999999994,1.2104485934297742,-38.459999999999994,-38.459999999999994,0.21044859342977418
20260903_231157,2,0.2,5.0,-37.66,-37.66,1.2065233597849143,-37.66,-37.66,0.20652335978491432
20260903_231157,2,0.2,5.1000000000000005,-36.879999999999995,-36.879999999999995,1.2025981261400545,-36.879999999999995,-36.879999999999995,0.20259812614005446
20260903_231157,2,0.2,5.2,-36.12,-36.12,1.1991118876079443,-36.12,-36.12,0.1991118876079443
20260903_231157,2,0.2,5.300000000000001,-35.379999999999995,-35.379999999999995,1.1956256490758341,-35.379999999999995,-35.379999999999995,0.19562564907583413
20260903_231157,2,0.2,5.4,-34.63999999999999,-34.63999999999999,1.192139410543724,-34.63999999999999,-34.63999999999999,0.19213941054372397
20260903_231157,2,0.2,5.5,-33.919999999999995,-33.919999999999995,1.1886531720116138,-33.919999999999995,-33.919999999999995,0.1886531720116138
20260903_231157,2,0.2,5.6000000000000005,-33.21999999999999,-33.21999999999999,1.1851669334795036,-33.21999999999999,-33.21999999999999,0.18516693347950364
20260903_231157,2,0.2,5.7,-32.53999999999999,-32.53999999999999,1.1816806949473935,-32.53999999999999,-32.53999999999999,0.18168069494739347
20260903_231157,2,0.2,5.800000000000001,-31.859999999999992,-31.859999999999992,1.1786176318843304,-31.859999999999992,-31.859999999999992,0.17861763188433044
20260903_231157,2,0.2,5.9,-31.199999999999992,-31.199999999999992,1.1755545688212674,-31.199999999999992,-31.199999999999992,0.1755545688212674
20260903_231157,2,0.2,6.0,-30.55999999999999,-30.55999999999999,1.1724915057582044,-30.55999999999999,-30.55999999999999,0.17249150575820438
20260903_231157,2,0.2,6.1000000000000005,-29.91999999999999,-29.91999999999999,1.1694284426951413,-29.91999999999999,-29.91999999999999,0.16942844269514135
20260903_231157,2,0.2,6.2,-29.29999999999999,-29.29999999999999,1.1663653796320783,-29.29999999999999,-29.29999999999999,0.16636537963207831
20260903_231157,2,0.2,6.300000000000001,-28.69999999999999,-28.69999999999999,1.1633023165690153,-28.69999999999999,-28.69999999999999,0.16330231656901528
20260903_231157,2,0.2,6.4,-28.099999999999987,-28.099999999999987,1.1602392535059523,-28.099999999999987,-28.099999999999987,0.16023925350595225
20260903_231157,2,0.2,6.5,-27.51999999999999,-27.51999999999999,1.1575843862493151,-27.51999999999999,-27.51999999999999,0.15758438624931514
20260903_231157,2,0.2,6.6000000000000005,-26.93999999999999,-26.93999999999999,1.154929518992678,-26.93999999999999,-26.93999999999999,0.15492951899267804
20260903_231157,2,0.2,6.7,-26.379999999999992,-26.379999999999992,1.152274651736041,-26.379999999999992,-26.379999999999992,0.15227465173604093
20260903_231157,2,0.2,6.800000000000001,-25.839999999999993,-25.839999999999993,1.1496197844794038,-25.839999999999993,-25.839999999999993,0.14961978447940383
20260903_231157,2,0.2,6.9,-25.299999999999994,-25.299999999999994,1.1469649172227667,-25.299999999999994,-25.299999999999994,0.14696491722276672
20260903_231157,2,0.2,7.0,-24.779999999999994,-24.779999999999994,1.1443100499661296,-24.779999999999994,-24.779999999999994,0.14431004996612962
20260903_231157,2,0.2,7.1000000000000005,-24.259999999999994,-24.259999999999994,1.1416551827094925,-24.259999999999994,-24.259999999999994,0.1416551827094925
20260903_231157,2,0.2,7.2,-23.759999999999994,-23.759999999999994,1.1390003154528554,-23.759999999999994,-23.759999999999994,0.1390003154528554
20260903_231157,2,0.2,7.300000000000001,-23.259999999999994,-23.259999999999994,1.136739445887638,-23.259999999999994,-23.259999999999994,0.1367394458876381
20260903_231157,2,0.2,7.4,-22.779999999999994,-22.779999999999994,1.1344785763224208,-22.779999999999994,-22.779999999999994,0.13447857632242077
20260903_231157,2,0.2,7.5,-22.299999999999994,-22.299999999999994,1.1322177067572035,-22.299999999999994,-22.299999999999994,0.13221770675720346
20260903_231157,2,0.2,7.6000000000000005,-21.839999999999993,-21.839999999999993,1.1299568371919861,-21.839999999999993,-21.839999999999993,0.12995683719198614
20260903_231157,2,0.2,7.7,-21.379999999999992,-21.379999999999992,1.1276959676267688,-21.379999999999992,-21.379999999999992,0.12769596762676882
20260903_231157,2,0.2,7.800000000000001,-20.93999999999999,-20.93999999999999,1.1254350980615515,-20.93999999999999,-20.93999999999999,0.1254350980615515
20260903_231157,2,0.2,7.9,-20.49999999999999,-20.49999999999999,1.1231742284963342,-20.49999999999999,-20.49999999999999,0.12317422849633419
20260903_231157,2,0.2,8.0,-20.079999999999988,-20.079999999999988,1.1209133589311169,-20.079999999999988,-20.079999999999988,0.12091335893111688
20260903_231157,2,0.2,8.1,-19.659999999999986,-19.659999999999986,1.1186524893658996,-19.659999999999986,-19.659999999999986,0.11865248936589956
20260903_231157,2,0.2,8.200000000000001,-19.239999999999984,-19.239999999999984,1.1167721474855576,-19.239999999999984,-19.239999999999984,0.11677214748555764
20260903_231157,2,0.2,8.3,-18.839999999999986,-18.839999999999986,1.1148918056052157,-18.839999999999986,-18.839999999999986,0.11489180560521572
20260903_231157,2,0.2,8.4,-18.439999999999987,-18.439999999999987,1.1130114637248738,-18.439999999999987,-18.439999999999987,0.1130114637248738
20260903_231157,2,0.2,8.5,-18.059999999999988,-18.059999999999988,1.1111311218445319,-18.059999999999988,-18.059999999999988,0.11113112184453189
20260903_231157,2,0.2,8.6,-17.67999999999999,-17.67999999999999,1.10925077996419,-17.67999999999999,-17.67999999999999,0.10925077996418997
20260903_231157,2,0.2,8.700000000000001,-17.29999999999999,-17.29999999999999,1.107370438083848,-17.29999999999999,-17.29999999999999,0.10737043808384805
20260903_231157,2,0.2,8.8,-16.93999999999999,-16.93999999999999,1.1054900962035061,-16.93999999999999,-16.93999999999999,0.10549009620350613
20260903_231157,2,0.2,8.9,-16.57999999999999,-16.57999999999999,1.1036097543231642,-16.57999999999999,-16.57999999999999,0.10360975432316422
20260903_231157,2,0.2,9.0,-16.23999999999999,-16.23999999999999,1.1017294124428223,-16.23999999999999,-16.23999999999999,0.1017294124428223
20260903_231157,2,0.2,9.1,-15.899999999999991,-15.899999999999991,1.0998490705624804,-15.899999999999991,-15.899999999999991,0.09984907056248038
20260903_231157,2,0.2,9.200000000000001,-15.559999999999992,-15.559999999999992,1.0983364655204635,-15.559999999999992,-15.559999999999992,0.09833646552046349
20260903_231157,2,0.2,9.3,-15.239999999999991,-15.239999999999991,1.0968238604784466,-15.239999999999991,-15.239999999999991,0.0968238604784466
20260903_231157,2,0.2,9.4,-14.919999999999991,-14.919999999999991,1.0953112554364297,-14.919999999999991,-14.919999999999991,0.09531125543642971
20260903_231157,2,0.2,9.5,-14.59999999999999,-14.59999999999999,1.0937986503944128,-14.59999999999999,-14.59999999999999,0.09379865039441282
20260903_231157,2,0.2,9.600000000000001,-14.29999999999999,-14.29999999999999,1.092286045352396,-14.29999999999999,-14.29999999999999,0.09228604535239593
20260903_231157,2,0.2,9.700000000000001,-13.99999999999999,-13.99999999999999,1.090773440310379,-13.99999999999999,-13.99999999999999,0.09077344031037904
20260903_231157,2,0.2,9.8,-13.699999999999989,-13.699999999999989,1.0892608352683621,-13.699999999999989,-13.699999999999989,0.08926083526836215
20260903_231157,2,0.2,9.9,-13.41999999999999,-13.41999999999999,1.0877482302263453,-13.41999999999999,-13.41999999999999,0.08774823022634526
20260903_231157,2,0.2,10.0,-13.13999999999999,-13.13999999999999,1.0862356251843284,-13.13999999999999,-13.13999999999999,0.08623562518432837
20260903_231157,2,0.2,10.100000000000001,-12.85999999999999,-12.85999999999999,1.0847230201423115,-12.85999999999999,-12.85999999999999,0.08472302014231148
20260903_231157,2,0.2,10.200000000000001,-12.579999999999991,-12.579999999999991,1.0832104151002946,-12.579999999999991,-12.579999999999991,0.08321041510029459
20260903_231157,2,0.2,10.3,-12.319999999999991,-12.319999999999991,1.082053390306906,-12.319999999999991,-12.319999999999991,0.08205339030690606
20260903_231157,2,0.2,10.4,-12.059999999999992,-12.059999999999992,1.0808963655135175,-12.059999999999992,-12.059999999999992,0.08089636551351753
20260903_231157,2,0.2,10.5,-11.799999999999992,-11.799999999999992,1.079739340720129,-11.799999999999992,-11.799999999999992,0.079739340720129
20260903_231157,2,0.2,10.600000000000001,-11.539999999999992,-11.539999999999992,1.0785823159267405,-11.539999999999992,-11.539999999999992,0.07858231592674048
20260903_231157,2,0.2,10.700000000000001,-11.299999999999992,-11.299999999999992,1.077425291133352,-11.299999999999992,-11.299999999999992,0.07742529113335195
20260903_231157,2,0.2,10.8,-11.059999999999992,-11.059999999999992,1.0762682663399634,-11.059999999999992,-11.059999999999992,0.07626826633996342
20260903_231157,2,0.2,10.9,-10.819999999999991,-10.819999999999991,1.075111241546575,-10.819999999999991,-10.819999999999991,0.07511124154657489
20260903_231157,2,0.2,11.0,-10.579999999999991,-10.579999999999991,1.0739542167531864,-10.579999999999991,-10.579999999999991,0.07395421675318636
20260903_231157,2,0.2,11.100000000000001,-10.35999999999999,-10.35999999999999,1.0727971919597978,-10.35999999999999,-10.35999999999999,0.07279719195979784
20260903_231157,2,0.2,11.200000000000001,-10.13999999999999,-10.13999999999999,1.0716401671664093,-10.13999999999999,-10.13999999999999,0.07164016716640931
20260903_231157,2,0.2,11.3,-9.91999999999999,-9.91999999999999,1.0704831423730208,-9.91999999999999,-9.91999999999999,0.07048314237302078
20260903_231157,2,0.2,11.4,-9.699999999999989,-9.699999999999989,1.0693261175796323,-9.699999999999989,-9.699999999999989,0.06932611757963225
20260903_231157,2,0.2,11.5,-9.49999999999999,-9.49999999999999,1.0681690927862437,-9.49999999999999,-9.49999999999999,0.06816909278624372
20260903_231157,2,0.2,11.600000000000001,-9.29999999999999,-9.29999999999999,1.0670120679928552,-9.29999999999999,-9.29999999999999,0.0670120679928552
20260903_231157,2,0.2,11.700000000000001,-9.09999999999999,-9.09999999999999,1.0658550431994667,-9.09999999999999,-9.09999999999999,0.06585504319946667
20260903_231157,2,0.2,11.8,-8.899999999999991,-8.899999999999991,1.0646980184060781,-8.899999999999991,-8.899999999999991,0.06469801840607814
20260903_231157,2,0.2,11.9,-8.699999999999992,-8.699999999999992,1.063885010275997,-8.699999999999992,-8.699999999999992,0.06388501027599691
20260903_231157,2,0.2,12.0,-8.519999999999992,-8.519999999999992,1.0630720021459157,-8.519999999999992,-8.519999999999992,0.06307200214591568
20260903_231157,2,0.2,12.100000000000001,-8.339999999999993,-8.339999999999993,1.0622589940158345,-8.339999999999993,-8.339999999999993,0.06225899401583446
20260903_231157,2,0.2,12.200000000000001,-8.159999999999993,-8.159999999999993,1.0614459858857532,-8.159999999999993,-8.159999999999993,0.06144598588575323
20260903_231157,2,0.2,12.3,-7.979999999999993,-7.979999999999993,1.060632977755672,-7.979999999999993,-7.979999999999993,0.060632977755672
20260903_231157,2,0.2,12.4,-7.799999999999994,-7.799999999999994,1.0598199696255908,-7.799999999999994,-7.799999999999994,0.059819969625590774
20260903_231157,2,0.2,12.5,-7.6399999999999935,-7.6399999999999935,1.0590069614955095,-7.6399999999999935,-7.6399999999999935,0.05900696149550955
20260903_231157,2,0.2,12.600000000000001,-7.479999999999993,-7.479999999999993,1.0581939533654283,-7.479999999999993,-7.479999999999993,0.05819395336542832
20260903_231157,2,0.2,12.700000000000001,-7.319999999999993,-7.319999999999993,1.057380945235347,-7.319999999999993,-7.319999999999993,0.05738094523534709
20260903_231157,2,0.2,12.8,-7.159999999999993,-7.159999999999993,1.0565679371052659,-7.159999999999993,-7.159999999999993,0.056567937105265864
20260903_231157,2,0.2,12.9,-6.999999999999993,-6.999999999999993,1.0557549289751846,-6.999999999999993,-6.999999999999993,0.05575492897518464
20260903_231157,2,0.2,13.0,-6.839999999999993,-6.839999999999993,1.0549419208451034,-6.839999999999993,-6.839999999999993,0.05494192084510341
20260903_231157,2,0.2,13.100000000000001,-6.699999999999993,-6.699999999999993,1.0541289127150222,-6.699999999999993,-6.699999999999993,0.05412891271502218
20260903_231157,2,0.2,13.200000000000001,-6.559999999999993,-6.559999999999993,1.053315904584941,-6.559999999999993,-6.559999999999993,0.053315904584940954
20260903_231157,2,0.2,13.3,-6.419999999999994,-6.419999999999994,1.0525028964548597,-6.419999999999994,-6.419999999999994,0.05250289645485973
20260903_231157,2,0.2,13.4,-6.279999999999994,-6.279999999999994,1.0516898883247785,-6.279999999999994,-6.279999999999994,0.0516898883247785
20260903_231157,2,0.2,13.5,-6.139999999999994,-6.139999999999994,1.0508768801946973,-6.139999999999994,-6.139999999999994,0.05087688019469727
20260903_231157,2,0.2,13.600000000000001,-5.999999999999995,-5.999999999999995,1.050063872064616,-5.999999999999995,-5.999999999999995,0.050063872064616044
20260903_231157,2,0.2,13.700000000000001,-5.859999999999995,-5.859999999999995,1.0492508639345348,-5.859999999999995,-5.859999999999995,0.049250863934534816
20260903_231157,2,0.2,13.8,-5.739999999999995,-5.739999999999995,1.0484378558044536,-5.739999999999995,-5.739999999999995,0.04843785580445359
20260903_231157,2,0.2,13.9,-5.619999999999995,-5.619999999999995,1.0476248476743724,-5.619999999999995,-5.619999999999995,0.04762484767437236
20260903_231157,2,0.2,14.0,-5.499999999999995,-5.499999999999995,1.0471448476743723,-5.499999999999995,-5.499999999999995,0.047144847674372325
20260903_231157,2,0.2,14.100000000000001,-5.379999999999995,-5.379999999999995,1.0466648476743723,-5.379999999999995,-5.379999999999995,0.04666484767437229
20260903_231157,2,0.2,14.200000000000001,-5.2599999999999945,-5.2599999999999945,1.0461848476743723,-5.2599999999999945,-5.2599999999999945,0.046184847674372254
20260903_231157,2,0.2,14.3,-5.139999999999994,-5.139999999999994,1.0457048476743722,-5.139999999999994,-5.139999999999994,0.04570484767437222
20260903_231157,2,0.2,14.4,-5.019999999999994,-5.019999999999994,1.0452248476743722,-5.019999999999994,-5.019999999999994,0.04522484767437218
20260903_231157,2,0.2,14.5,-4.899999999999994,-4.899999999999994,1.0447448476743721,-4.899999999999994,-4.899999999999994,0.044744847674372146
20260903_231157,2,0.2,14.600000000000001,-4.779999999999994,-4.779999999999994,1.044264847674372,-4.779999999999994,-4.779999999999994,0.04426484767437211
20260903_231157,2,0.2,14.700000000000001,-4.659999999999994,-4.659999999999994,1.043784847674372,-4.659999999999994,-4.659999999999994,0.043784847674372074
20260903_231157,2,0.2,14.8,-4.539999999999994,-4.539999999999994,1.043304847674372,-4.539999999999994,-4.539999999999994,0.04330484767437204
20260903_231157,2,0.2,14.9,-4.419999999999994,-4.419999999999994,1.042824847674372,-4.419999999999994,-4.419999999999994,0.042824847674372
20260903_231157,2,0.2,15.0,-4.299999999999994,-4.299999999999994,1.042344847674372,-4.299999999999994,-4.299999999999994,0.042344847674371966
20260903_231157,2,0.2,15.100000000000001,-4.1799999999999935,-4.1799999999999935,1.041864847674372,-4.1799999999999935,-4.1799999999999935,0.04186484767437193
20260903_231157,2,0.2,15.200000000000001,-4.059999999999993,-4.059999999999993,1.041384847674372,-4.059999999999993,-4.059999999999993,0.041384847674371894
20260903_231157,2,0.2,15.3,-3.9399999999999933,-3.9399999999999933,1.0409048476743719,-3.9399999999999933,-3.9399999999999933,0.04090484767437186
20260903_231157,2,0.2,15.4,-3.819999999999993,-3.819999999999993,1.0404248476743718,-3.819999999999993,-3.819999999999993,0.04042484767437182
20260903_231157,2,0.2,15.5,-3.699999999999993,-3.699999999999993,1.0399448476743718,-3.699999999999993,-3.699999999999993,0.039944847674371786
20260903_231157,2,0.2,15.600000000000001,-3.579999999999993,-3.579999999999993,1.0394648476743718,-3.579999999999993,-3.579999999999993,0.03946484767437175
20260903_231157,2,0.2,15.700000000000001,-3.459999999999993,-3.459999999999993,1.0389848476743717,-3.459999999999993,-3.459999999999993,0.038984847674371714
20260903_231157,2,0.2,15.8,-3.3399999999999928,-3.3399999999999928,1.0385048476743717,-3.3399999999999928,-3.3399999999999928,0.03850484767437168
20260903_231157,2,0.2,15.9,-3.2199999999999926,-3.2199999999999926,1.0380248476743716,-3.2199999999999926,-3.2199999999999926,0.03802484767437164
20260903_231157,2,0.2,16.0,-3.0999999999999925,-3.0999999999999925,1.0375448476743716,-3.0999999999999925,-3.0999999999999925,0.037544847674371606
20260903_231157,2,0.2,16.1,-2.9799999999999924,-2.9799999999999924,1.0370648476743716,-2.9799999999999924,-2.9799999999999924,0.03706484767437157
20260903_231157,2,0.2,16.2,-2.8599999999999923,-2.8599999999999923,1.0365848476743715,-2.8599999999999923,-2.8599999999999923,0.036584847674371535
20260903_231157,2,0.2,16.3,-2.739999999999992,-2.739999999999992,1.0361048476743715,-2.739999999999992,-2.739999999999992,0.0361048476743715
20260903_231157,2,0.2,16.400000000000002,-2.619999999999992,-2.619999999999992,1.0356248476743715,-2.619999999999992,-2.619999999999992,0.03562484767437146
20260903_231157,2,0.2,16.5,-2.499999999999992,-2.499999999999992,1.0351448476743714,-2.499999999999992,-2.499999999999992,0.03514484767437143
20260903_231157,2,0.2,16.6,-2.379999999999992,-2.379999999999992,1.0346648476743714,-2.379999999999992,-2.379999999999992,0.03466484767437139
20260903_231157,2,0.2,16.7,-2.259999999999992,-2.259999999999992,1.0341848476743714,-2.259999999999992,-2.259999999999992,0.034184847674371355
20260903_231157,2,0.2,16.8,-2.1399999999999917,-2.1399999999999917,1.0337048476743713,-2.1399999999999917,-2.1399999999999917,0.03370484767437132
20260903_231157,2,0.2,16.900000000000002,-2.0199999999999916,-2.0199999999999916,1.0332248476743713,-2.0199999999999916,-2.0199999999999916,0.03322484767437128
20260903_231157,2,0.2,17.0,-1.8999999999999915,-1.8999999999999915,1.0327448476743712,-1.8999999999999915,-1.8999999999999915,0.03274484767437125
20260903_231157,2,0.2,17.1,-1.7799999999999914,-1.7799999999999914,1.0322648476743712,-1.7799999999999914,-1.7799999999999914,0.03226484767437121
20260903_231157,2,0.2,17.2,-1.6599999999999913,-1.6599999999999913,1.0317848476743712,-1.6599999999999913,-1.6599999999999913,0.031784847674371175
20260903_231157,2,0.2,17.3,-1.5399999999999912,-1.5399999999999912,1.0313048476743711,-1.5399999999999912,-1.5399999999999912,0.03130484767437114
20260903_231157,2,0.2,17.400000000000002,-1.419999999999991,-1.419999999999991,1.030824847674371,-1.419999999999991,-1.419999999999991,0.030824847674371103
20260903_231157,2,0.2,17.5,-1.299999999999991,-1.299999999999991,1.030344847674371,-1.299999999999991,-1.299999999999991,0.030344847674371067
20260903_231157,2,0.2,17.6,-1.1799999999999908,-1.1799999999999908,1.029864847674371,-1.1799999999999908,-1.1799999999999908,0.02986484767437103
20260903_231157,2,0.2,17.7,-1.0599999999999907,-1.0599999999999907,1.029384847674371,-1.0599999999999907,-1.0599999999999907,0.029384847674370995
20260903_231157,2,0.2,17.8,-0.9399999999999907,-0.9399999999999907,1.028904847674371,-0.9399999999999907,-0.9399999999999907,0.02890484767437096
20260903_231605,3,0.2,0.1,50.0,-30.0,0.5,50.0,-30.0,-0.5
20260903_231605,3,0.2,0.2,50.0,-30.0,0.5,50.0,-30.0,-0.5
20260903_231605,3,0.2,0.30000000000000004,50.0,-30.0,0.5,50.0,-30.0,-0.5
20260903_231605,3,0.2,0.4,49.0,-29.4,0.5101158301158302,49.0,-29.4,-0.48988416988416983
20260903_231605,3,0.2,0.5,48.0,-28.799999999999997,0.5202316602316603,48.0,-28.799999999999997,-0.47976833976833966
20260903_231605,3,0.2,0.6000000000000001,47.02,-28.199999999999996,0.5301130831565616,47.02,-28.199999999999996,-0.4698869168434384
20260903_231605,3,0.2,0.7000000000000001,46.06,-27.619999999999997,0.5398319586585696,46.06,-27.619999999999997,-0.4601680413414304
20260903_231605,3,0.2,0.8,45.120000000000005,-27.04,0.5492969792347013,45.120000000000005,-27.04,-0.45070302076529867
20260903_231605,3,0.2,0.9,44.2,-26.48,0.5585856821635716,44.2,-26.48,-0.44141431783642837
20260903_231605,3,0.2,1.0,43.300000000000004,-25.92,0.567692065142295,43.300000000000004,-25.92,-0.432307934857705
20260903_231605,3,0.2,1.1,42.42,-25.380000000000003,0.5766098140600439,42.42,-25.380000000000003,-0.42339018593995614
20260903_231605,3,0.2,1.2000000000000002,41.56,-24.860000000000003,0.5853322810203963,41.56,-24.860000000000003,-0.41466771897960375
20260903_231605,3,0.2,1.3,40.72,-24.340000000000003,0.5938524603925935,40.72,-24.340000000000003,-0.40614753960740646
20260903_231605,3,0.2,1.4000000000000001,39.9,-23.840000000000003,0.6022687499853537,39.9,-23.840000000000003,-0.39773125001464626
20260903_231605,3,0.2,1.5,39.1,-23.340000000000003,0.6104715149623122,39.1,-23.340000000000003,-0.3895284850376878
20260903_231605,3,0.2,1.6,38.32,-22.860000000000003,0.6185645382181262,38.32,-22.860000000000003,-0.3814354617818738
20260903_231605,3,0.2,1.7000000000000002,37.54,-22.380000000000003,0.6264318367963252,37.54,-22.380000000000003,-0.3735681632036748
20260903_231605,3,0.2,1.8,36.78,-21.92,0.634183032968574,36.78,-21.92,-0.36581696703142597
20260903_231605,3,0.2,1.9000000000000001,36.04,-21.46,0.64181588321012,36.04,-21.46,-0.35818411678988005
20260903_231605,3,0.2,2.0,35.32,-21.02,0.6492050457716964,35.32,-21.02,-0.35079495422830365
20260903_231605,3,0.2,2.1,34.6,-20.58,0.6564687273637362,34.6,-20.58,-0.3435312726362638
20260903_231605,3,0.2,2.2,33.9,-20.139999999999997,0.663604405755696,33.9,-20.139999999999997,-0.336395594244304
20260903_231605,3,0.2,2.3000000000000003,33.22,-19.719999999999995,0.670609481897828,33.22,-19.719999999999995,-0.329390518102172
20260903_231605,3,0.2,2.4000000000000004,32.56,-19.299999999999994,0.6774812767696229,32.56,-19.299999999999994,-0.3225187232303771
20260903_231605,3,0.2,2.5,31.900000000000002,-18.899999999999995,0.6842170280649597,31.900000000000002,-18.899999999999995,-0.31578297193504035
20260903_231605,3,0.2,2.6,31.26,-18.499999999999996,0.6908138867037031,31.26,-18.499999999999996,-0.30918611329629686
20260903_231605,3,0.2,2.7,30.64,-18.119999999999997,0.6972689131587296,30.64,-18.119999999999997,-0.30273108684127037
20260903_231605,3,0.2,2.8000000000000003,30.02,-17.74,0.7035790735865372,30.02,-17.74,-0.29642092641346285
20260903_231605,3,0.2,2.9000000000000004,29.419999999999998,-17.36,0.7097412357486993,29.419999999999998,-17.36,-0.2902587642513007
20260903_231605,3,0.2,3.0,28.819999999999997,-17.0,0.7157521647104479,28.819999999999997,-17.0,-0.2842478352895521
20260903_231605,3,0.2,3.1,28.239999999999995,-16.64,0.7217630936721965,28.239999999999995,-16.64,-0.2782369063278035
20260903_231605,3,0.2,3.2,27.679999999999996,-16.3,0.7276194472633567,27.679999999999996,-16.3,-0.2723805527366433
20260903_231605,3,0.2,3.3000000000000003,27.119999999999997,-15.96,0.7333177712857031,27.119999999999997,-15.96,-0.2666822287142969
20260903_231605,3,0.2,3.4000000000000004,26.58,-15.620000000000001,0.7388544944495449,26.58,-15.620000000000001,-0.2611455055504551
20260903_231605,3,0.2,3.5,26.04,-15.3,0.7443912176133867,26.04,-15.3,-0.25560878238661333
20260903_231605,3,0.2,3.6,25.52,-14.98,0.7497626461848153,25.52,-14.98,-0.25023735381518475
20260903_231605,3,0.2,3.7,25.0,-14.66,0.7549649583235436,25.0,-14.66,-0.2450350416764564
20260903_231605,3,0.2,3.8000000000000003,24.5,-14.36,0.760167270462272,24.5,-14.36,-0.23983272953772805
20260903_231605,3,0.2,3.9000000000000004,24.0,-14.059999999999999,0.7651965102283538,24.0,-14.059999999999999,-0.23480348977164622
20260903_231605,3,0.2,4.0,23.52,-13.759999999999998,0.7702257499944356,23.52,-13.759999999999998,-0.2297742500055644
20260903_231605,3,0.2,4.1000000000000005,23.04,-13.459999999999997,0.7750778210003527,23.04,-13.459999999999997,-0.22492217899964728
20260903_231605,3,0.2,4.2,22.58,-13.179999999999998,0.7799298920062698,22.58,-13.179999999999998,-0.22007010799373017
20260903_231605,3,0.2,4.3,22.119999999999997,-12.899999999999999,0.7846005506889046,22.119999999999997,-12.899999999999999,-0.21539944931109545
20260903_231605,3,0.2,4.4,21.679999999999996,-12.62,0.7892712093715393,21.679999999999996,-12.62,-0.21072879062846073
20260903_231605,3,0.2,4.5,21.239999999999995,-12.36,0.7937560578563878,21.239999999999995,-12.36,-0.2062439421436122
20260903_231605,3,0.2,4.6000000000000005,20.819999999999993,-12.1,0.7982409063412363,20.819999999999993,-12.1,-0.20175909365876366
20260903_231605,3,0.2,4.7,20.39999999999999,-11.84,0.8025353848688437,20.39999999999999,-11.84,-0.19746461513115632
20260903_231605,3,0.2,4.800000000000001,19.999999999999993,-11.58,0.806829863396451,19.999999999999993,-11.58,-0.19317013660354898
20260903_231605,3,0.2,4.9,19.599999999999994,-11.34,0.8109292422784385,19.599999999999994,-11.34,-0.18907075772156146
20260903_231605,3,0.2,5.0,19.199999999999996,-11.1,0.8150286211604261,19.199999999999996,-11.1,-0.18497137883957393
20260903_231605,3,0.2,5.1000000000000005,18.819999999999997,-10.86,0.8189279922296084,18.819999999999997,-10.86,-0.18107200777039156
20260903_231605,3,0.2,5.2,18.439999999999998,-10.62,0.8228273632987908,18.439999999999998,-10.62,-0.1771726367012092
20260903_231605,3,0.2,5.300000000000001,18.08,-10.399999999999999,0.8267267343679732,18.08,-10.399999999999999,-0.17327326563202683
20260903_231605,3,0.2,5.4,17.72,-10.179999999999998,0.8304210018838968,17.72,-10.179999999999998,-0.16957899811610322
20260903_231605,3,0.2,5.5,17.36,-9.959999999999997,0.8341152693998204,17.36,-9.959999999999997,-0.1658847306001796
20260903_231605,3,0.2,5.6000000000000005,17.02,-9.739999999999997,0.837809536915744,17.02,-9.739999999999997,-0.162190463084256
20260903_231605,3,0.2,5.7,16.68,-9.539999999999997,0.8412934078834859,16.68,-9.539999999999997,-0.15870659211651406
20260903_231605,3,0.2,5.800000000000001,16.34,-9.339999999999998,0.8447772788512279,16.34,-9.339999999999998,-0.1552227211487721
20260903_231605,3,0.2,5.9,16.02,-9.139999999999999,0.8482611498189698,16.02,-9.139999999999999,-0.15173885018103017
20260903_231605,3,0.2,6.0,15.7,-8.94,0.851529123675179,15.7,-8.94,-0.14847087632482103
20260903_231605,3,0.2,6.1000000000000005,15.379999999999999,-8.74,0.8547970975313881,15.379999999999999,-8.74,-0.1452029024686119
20260903_231605,3,0.2,6.2,15.079999999999998,-8.56,0.8580650713875972,15.079999999999998,-8.56,-0.14193492861240276
20260903_231605,3,0.2,6.300000000000001,14.779999999999998,-8.38,0.8611114290034912,14.779999999999998,-8.38,-0.13888857099650875
20260903_231605,3,0.2,6.4,14.479999999999997,-8.200000000000001,0.8641577866193852,14.479999999999997,-8.200000000000001,-0.13584221338061475
20260903_231605,3,0.2,6.5,14.199999999999998,-8.020000000000001,0.8672041442352793,14.199999999999998,-8.020000000000001,-0.13279585576472075
20260903_231605,3,0.2,6.6000000000000005,13.919999999999998,-7.840000000000002,0.8702505018511733,13.919999999999998,-7.840000000000002,-0.12974949814882675
20260903_231605,3,0.2,6.7,13.639999999999999,-7.660000000000002,0.873069293797482,13.639999999999999,-7.660000000000002,-0.126930706202518
20260903_231605,3,0.2,6.800000000000001,13.379999999999999,-7.500000000000002,0.8758880857437907,13.379999999999999,-7.500000000000002,-0.12411191425620927
20260903_231605,3,0.2,6.9,13.12,-7.340000000000002,0.8787068776900995,13.12,-7.340000000000002,-0.12129312230990053
20260903_231605,3,0.2,7.0,12.86,-7.1800000000000015,0.8815256696364082,12.86,-7.1800000000000015,-0.11847433036359178
20260903_231605,3,0.2,7.1000000000000005,12.6,-7.020000000000001,0.8841107036500137,12.6,-7.020000000000001,-0.11588929634998635
20260903_231605,3,0.2,7.2,12.36,-6.860000000000001,0.8866957376636191,12.36,-6.860000000000001,-0.11330426233638091
20260903_231605,3,0.2,7.300000000000001,12.12,-6.700000000000001,0.8892807716772245,12.12,-6.700000000000001,-0.11071922832277548
20260903_231605,3,0.2,7.4,11.879999999999999,-6.560000000000001,0.89186580569083,11.879999999999999,-6.560000000000001,-0.10813419430917004
20260903_231605,3,0.2,7.5,11.639999999999999,-6.420000000000002,0.8942106332770369,11.639999999999999,-6.420000000000002,-0.10578936672296313
20260903_231605,3,0.2,7.6000000000000005,11.419999999999998,-6.280000000000002,0.8965554608632438,11.419999999999998,-6.280000000000002,-0.10344453913675622
20260903_231605,3,0.2,7.7,11.199999999999998,-6.140000000000002,0.8989002884494507,11.199999999999998,-6.140000000000002,-0.10109971155054931
20260903_231605,3,0.2,7.800000000000001,10.979999999999997,-6.000000000000003,0.9012451160356576,10.979999999999997,-6.000000000000003,-0.0987548839643424
20260903_231605,3,0.2,7.9,10.759999999999996,-5.860000000000003,0.9035899436218645,10.759999999999996,-5.860000000000003,-0.09641005637813549
20260903_231605,3,0.2,8.0,10.559999999999997,-5.740000000000003,0.9059347712080714,10.559999999999997,-5.740000000000003,-0.09406522879192858
20260903_231605,3,0.2,8.1,10.359999999999998,-5.620000000000003,0.9080326733059735,10.359999999999998,-5.620000000000003,-0.09196732669402652
20260903_231605,3,0.2,8.200000000000001,10.159999999999998,-5.500000000000003,0.9101305754038755,10.159999999999998,-5.500000000000003,-0.08986942459612446
20260903_231605,3,0.2,8.3,9.959999999999999,-5.380000000000003,0.9122284775017776,9.959999999999999,-5.380000000000003,-0.0877715224982224
20260903_231605,3,0.2,8.4,9.76,-5.2600000000000025,0.9143263795996797,9.76,-5.2600000000000025,-0.08567362040032034
20260903_231605,3,0.2,8.5,9.58,-5.140000000000002,0.9164242816975817,9.58,-5.140000000000002,-0.08357571830241828
20260903_231605,3,0.2,8.6,9.4,-5.020000000000002,0.9182682533287874,9.4,-5.020000000000002,-0.08173174667121264
20260903_231605,3,0.2,8.700000000000001,9.22,-4.900000000000002,0.920112224959993,9.22,-4.900000000000002,-0.07988777504000699
20260903_231605,3,0.2,8.8,9.040000000000001,-4.780000000000002,0.9219561965911987,9.040000000000001,-4.780000000000002,-0.07804380340880135
20260903_231605,3,0.2,8.9,8.860000000000001,-4.680000000000002,0.9238001682224043,8.860000000000001,-4.680000000000002,-0.0761998317775957
20260903_231605,3,0.2,9.0,8.680000000000001,-4.580000000000003,0.9256441398536099,8.680000000000001,-4.580000000000003,-0.07435586014639006
20260903_231605,3,0.2,9.1,8.520000000000001,-4.480000000000003,0.9274881114848156,8.520000000000001,-4.480000000000003,-0.07251188851518442
20260903_231605,3,0.2,9.200000000000001,8.360000000000001,-4.3800000000000034,0.9293320831160212,8.360000000000001,-4.3800000000000034,-0.07066791688397878
20260903_231605,3,0.2,9.3,8.200000000000001,-4.280000000000004,0.9311760547472269,8.200000000000001,-4.280000000000004,-0.06882394525277313
20260903_231605,3,0.2,9.4,8.040000000000001,-4.180000000000004,0.9327587885601765,8.040000000000001,-4.180000000000004,-0.06724121143982353
20260903_231605,3,0.2,9.5,7.880000000000001,-4.0800000000000045,0.9343415223731261,7.880000000000001,-4.0800000000000045,-0.06565847762687393
20260903_231605,3,0.2,9.600000000000001,7.720000000000001,-3.9800000000000044,0.9359242561860757,7.720000000000001,-3.9800000000000044,-0.06407574381392434
20260903_231605,3,0.2,9.700000000000001,7.580000000000001,-3.8800000000000043,0.9375069899990253,7.580000000000001,-3.8800000000000043,-0.062493010000974736
20260903_231605,3,0.2,9.8,7.440000000000001,-3.8000000000000043,0.9390897238119749,7.440000000000001,-3.8000000000000043,-0.060910276188025136
20260903_231605,3,0.2,9.9,7.300000000000002,-3.720000000000004,0.9406724576249245,7.300000000000002,-3.720000000000004,-0.05932754237507554
20260903_231605,3,0.2,10.0,7.160000000000002,-3.640000000000004,0.9422551914378741,7.160000000000002,-3.640000000000004,-0.05774480856212594
20260903_231605,3,0.2,10.100000000000001,7.020000000000002,-3.560000000000004,0.9438379252508237,7.020000000000002,-3.560000000000004,-0.05616207474917634
20260903_231605,3,0.2,10.200000000000001,6.880000000000003,-3.480000000000004,0.9451517938639623,6.880000000000003,-3.480000000000004,-0.05484820613603769
20260903_231605,3,0.2,10.3,6.740000000000003,-3.400000000000004,0.946465662477101,6.740000000000003,-3.400000000000004,-0.053534337522899045
20260903_231605,3,0.2,10.4,6.620000000000003,-3.320000000000004,0.9477795310902396,6.620000000000003,-3.320000000000004,-0.0522204689097604
20260903_231605,3,0.2,10.5,6.500000000000003,-3.2400000000000038,0.9490933997033782,6.500000000000003,-3.2400000000000038,-0.05090660029662175
20260903_231605,3,0.2,10.600000000000001,6.380000000000003,-3.1600000000000037,0.9504072683165169,6.380000000000003,-3.1600000000000037,-0.049592731683483104
20260903_231605,3,0.2,10.700000000000001,6.2600000000000025,-3.0800000000000036,0.9517211369296555,6.2600000000000025,-3.0800000000000036,-0.04827886307034446
20260903_231605,3,0.2,10.8,6.140000000000002,-3.0000000000000036,0.9530350055427942,6.140000000000002,-3.0000000000000036,-0.04696499445720581
20260903_231605,3,0.2,10.9,6.020000000000002,-2.9200000000000035,0.9543488741559328,6.020000000000002,-2.9200000000000035,-0.045651125844067164
20260903_231605,3,0.2,11.0,5.900000000000002,-2.8600000000000034,0.9556627427690715,5.900000000000002,-2.8600000000000034,-0.04433725723092852
20260903_231605,3,0.2,11.100000000000001,5.780000000000002,-2.8000000000000034,0.9569766113822101,5.780000000000002,-2.8000000000000034,-0.04302338861778987
20260903_231605,3,0.2,11.200000000000001,5.680000000000002,-2.7400000000000033,0.9580136484192472,5.680000000000002,-2.7400000000000033,-0.04198635158075281
20260903_231605,3,0.2,11.3,5.580000000000003,-2.6800000000000033,0.9590506854562842,5.580000000000003,-2.6800000000000033,-0.040949314543715754
20260903_231605,3,0.2,11.4,5.480000000000003,-2.620000000000003,0.9600877224933213,5.480000000000003,-2.620000000000003,-0.039912277506678695
20260903_231605,3,0.2,11.5,5.3800000000000034,-2.560000000000003,0.9611247595303584,5.3800000000000034,-2.560000000000003,-0.038875240469641636
20260903_231605,3,0.2,11.600000000000001,5.280000000000004,-2.500000000000003,0.9621617965673954,5.280000000000004,-2.500000000000003,-0.03783820343260458
20260903_231605,3,0.2,11.700000000000001,5.180000000000004,-2.440000000000003,0.9631988336044325,5.180000000000004,-2.440000000000003,-0.03680116639556752
20260903_231605,3,0.2,11.8,5.0800000000000045,-2.380000000000003,0.9642358706414695,5.0800000000000045,-2.380000000000003,-0.03576412935853046
20260903_231605,3,0.2,11.9,4.980000000000005,-2.320000000000003,0.9652729076785066,4.980000000000005,-2.320000000000003,-0.0347270923214934
20260903_231605,3,0.2,12.0,4.880000000000005,-2.260000000000003,0.9663099447155437,4.880000000000005,-2.260000000000003,-0.033690055284456344
20260903_231605,3,0.2,12.100000000000001,4.800000000000005,-2.200000000000003,0.9673469817525807,4.800000000000005,-2.200000000000003,-0.032653018247419285
20260903_231605,3,0.2,12.200000000000001,4.720000000000005,-2.140000000000003,0.9683840187896178,4.720000000000005,-2.140000000000003,-0.03161598121038223
20260903_231605,3,0.2,12.3,4.640000000000005,-2.0800000000000027,0.9694210558266548,4.640000000000005,-2.0800000000000027,-0.03057894417334517
20260903_231605,3,0.2,12.4,4.560000000000005,-2.0200000000000027,0.9704580928636919,4.560000000000005,-2.0200000000000027,-0.02954190713630811
20260903_231605,3,0.2,12.5,4.480000000000005,-1.9600000000000026,0.971495129900729,4.480000000000005,-1.9600000000000026,-0.02850487009927105
20260903_231605,3,0.2,12.600000000000001,4.400000000000005,-1.9000000000000026,0.972532166937766,4.400000000000005,-1.9000000000000026,-0.027467833062233993
20260903_231605,3,0.2,12.700000000000001,4.320000000000005,-1.8400000000000025,0.9735692039748031,4.320000000000005,-1.8400000000000025,-0.026430796025196934
20260903_231605,3,0.2,12.8,4.240000000000005,-1.7800000000000025,0.9746062410118401,4.240000000000005,-1.7800000000000025,-0.025393758988159876
20260903_231605,3,0.2,12.9,4.160000000000005,-1.7200000000000024,0.9756432780488772,4.160000000000005,-1.7200000000000024,-0.024356721951122817
20260903_231605,3,0.2,13.0,4.0800000000000045,-1.6600000000000024,0.9766803150859142,4.0800000000000045,-1.6600000000000024,-0.02331968491408576
20260903_231605,3,0.2,13.100000000000001,4.000000000000004,-1.6000000000000023,0.9777173521229513,4.000000000000004,-1.6000000000000023,-0.0222826478770487
20260903_231605,3,0.2,13.200000000000001,3.9200000000000044,-1.5400000000000023,0.9787543891599884,3.9200000000000044,-1.5400000000000023,-0.02124561084001164
20260903_231605,3,0.2,13.3,3.8400000000000043,-1.4800000000000022,0.9797914261970254,3.8400000000000043,-1.4800000000000022,-0.020208573802974583
20260903_231605,3,0.2,13.4,3.7600000000000042,-1.4200000000000021,0.9808284632340625,3.7600000000000042,-1.4200000000000021,-0.019171536765937525
20260903_231605,3,0.2,13.5,3.680000000000004,-1.360000000000002,0.9818655002710995,3.680000000000004,-1.360000000000002,-0.018134499728900466
20260903_231605,3,0.2,13.600000000000001,3.600000000000004,-1.300000000000002,0.9829025373081366,3.600000000000004,-1.300000000000002,-0.017097462691863408
20260903_231605,3,0.2,13.700000000000001,3.520000000000004,-1.240000000000002,0.9839395743451737,3.520000000000004,-1.240000000000002,-0.01606042565482635
20260903_231605,3,0.2,13.8,3.440000000000004,-1.180000000000002,0.9849766113822107,3.440000000000004,-1.180000000000002,-0.01502338861778929
20260903_231605,3,0.2,13.9,3.360000000000004,-1.1200000000000019,0.9860136484192478,3.360000000000004,-1.1200000000000019,-0.013986351580752232
20260903_231605,3,0.2,14.0,3.280000000000004,-1.0600000000000018,0.9870506854562848,3.280000000000004,-1.0600000000000018,-0.012949314543715174
20260903_231605,3,0.2,14.100000000000001,3.2000000000000037,-1.0000000000000018,0.9880877224933219,3.2000000000000037,-1.0000000000000018,-0.011912277506678115
20260903_231605,3,0.2,14.200000000000001,3.1200000000000037,-0.9400000000000017,0.9891247595303589,3.1200000000000037,-0.9400000000000017,-0.010875240469641057
20260903_231605,3,0.2,14.3,3.0400000000000036,-0.8800000000000017,0.990161796567396,3.0400000000000036,-0.8800000000000017,-0.009838203432603998
20260903_231605,3,0.2,14.4,2.9600000000000035,-0.8200000000000016,0.9911988336044331,2.9600000000000035,-0.8200000000000016,-0.00880116639556694
20260903_231605,3,0.2,14.5,2.8800000000000034,-0.7600000000000016,0.9922358706414701,2.8800000000000034,-0.7600000000000016,-0.007764129358529881
20260903_231605,3,0.2,14.600000000000001,2.8000000000000034,-0.7000000000000015,0.9932729076785072,2.8000000000000034,-0.7000000000000015,-0.0067270923214928224
20260903_231605,3,0.2,14.700000000000001,2.7200000000000033,-0.6400000000000015,0.9943099447155442,2.7200000000000033,-0.6400000000000015,-0.005690055284455764
20260903_231605,3,0.2,14.8,2.6400000000000032,-0.5800000000000014,0.9953469817525813,2.6400000000000032,-0.5800000000000014,-0.004653018247418705
20260903_231605,3,0.2,14.9,2.560000000000003,-0.5200000000000014,0.9963840187896184,2.560000000000003,-0.5200000000000014,-0.003615981210381647
20260903_231605,3,0.2,15.0,2.480000000000003,-0.46000000000000135,0.9974210558266554,2.480000000000003,-0.46000000000000135,-0.0025789441733445884
20260903_231605,3,0.2,15.100000000000001,2.400000000000003,-0.40000000000000135,0.9984580928636925,2.400000000000003,-0.40000000000000135,-0.0015419071363075298
20260903_231605,3,0.2,15.200000000000001,2.320000000000003,-0.34000000000000136,0.9994951299007295,2.320000000000003,-0.34000000000000136,-0.0005048700992704713
20260903_231605,3,0.2,15.3,2.240000000000003,-0.28000000000000136,1.0005321669377665,2.240000000000003,-0.28000000000000136,0.0005321669377664762
20260903_231605,3,0.2,15.4,2.160000000000003,-0.22000000000000136,1.0015692039748034,2.160000000000003,-0.22000000000000136,0.0015692039748034237
20260903_231605,3,0.2,15.5,2.0800000000000027,-0.16000000000000136,1.0026062410118404,2.0800000000000027,-0.16000000000000136,0.002606241011840371
20260903_231605,3,0.2,15.600000000000001,2.0000000000000027,-0.10000000000000135,1.0036432780488773,2.0000000000000027,-0.10000000000000135,0.0036432780488773187
20260903_231605,3,0.2,15.700000000000001,1.9200000000000026,-0.04000000000000134,1.0046803150859143,1.9200000000000026,-0.04000000000000134,0.004680315085914266
20260903_231605,3,0.2,15.8,1.8400000000000025,0.01999999999999867,1.0057173521229512,1.8400000000000025,0.01999999999999867,0.005717352122951214
20260903_231605,3,0.2,15.9,1.7600000000000025,0.07999999999999868,1.0067543891599882,1.7600000000000025,0.07999999999999868,0.006754389159988161
20260903_231605,3,0.2,16.0,1.6800000000000024,0.13999999999999868,1.007791426197025,1.6800000000000024,0.13999999999999868,0.007791426197025109
20260903_231605,3,0.2,16.1,1.6000000000000023,0.19999999999999868,1.008828463234062,1.6000000000000023,0.19999999999999868,0.008828463234062056
20260903_231605,3,0.2,16.2,1.5200000000000022,0.2599999999999987,1.009865500271099,1.5200000000000022,0.2599999999999987,0.009865500271099004
20260903_231605,3,0.2,16.3,1.4400000000000022,0.3199999999999987,1.010902537308136,1.4400000000000022,0.3199999999999987,0.010902537308135951
20260903_231605,3,0.2,16.400000000000002,1.360000000000002,0.37999999999999867,1.011939574345173,1.360000000000002,0.37999999999999867,0.011939574345172899
20260903_231605,3,0.2,16.5,1.280000000000002,0.43999999999999867,1.0129766113822098,1.280000000000002,0.43999999999999867,0.012976611382209846
20260903_231605,3,0.2,16.6,1.200000000000002,0.49999999999999867,1.0140136484192468,1.200000000000002,0.49999999999999867,0.014013648419246794
20260903_231605,3,0.2,16.7,1.1200000000000019,0.5599999999999987,1.0150506854562837,1.1200000000000019,0.5599999999999987,0.015050685456283741
20260903_231605,3,0.2,16.8,1.0400000000000018,0.6199999999999988,1.0160877224933207,1.0400000000000018,0.6199999999999988,0.01608772249332069
20260903_231605,3,0.2,16.900000000000002,0.9600000000000017,0.6799999999999988,1.0171247595303576,0.9600000000000017,0.6799999999999988,0.017124759530357636
20260907_144840,4,0.2,0.1,50.0,-30.0,0.5,50.0,-30.0,-0.5
20260907_144840,4,0.2,0.2,50.0,-30.0,0.5,50.0,-30.0,-0.5
20260907_144840,4,0.2,0.30000000000000004,50.0,-30.0,0.5,50.0,-30.0,-0.5
20260907_144840,4,0.2,0.4,49.0,-29.4,0.5101158301158302,49.0,-29.4,-0.48988416988416983
20260907_144840,4,0.2,0.5,48.0,-28.799999999999997,0.5202316602316603,48.0,-28.799999999999997,-0.47976833976833966
20260907_144840,4,0.2,0.6000000000000001,47.02,-28.199999999999996,0.5301130831565616,47.02,-28.199999999999996,-0.4698869168434384
20260907_144840,4,0.2,0.7000000000000001,46.06,-27.619999999999997,0.5398319586585696,46.06,-27.619999999999997,-0.4601680413414304
20260907_144840,4,0.2,0.8,45.120000000000005,-27.04,0.5492969792347013,45.120000000000005,-27.04,-0.45070302076529867
20260907_144840,4,0.2,0.9,44.2,-26.48,0.5585856821635716,44.2,-26.48,-0.44141431783642837
20260907_144840,4,0.2,1.0,43.300000000000004,-25.92,0.567692065142295,43.300000000000004,-25.92,-0.432307934857705
20260907_144840,4,0.2,1.1,42.42,-25.380000000000003,0.5766098140600439,42.42,-25.380000000000003,-0.42339018593995614
20260907_144840,4,0.2,1.2000000000000002,41.56,-24.860000000000003,0.5853322810203963,41.56,-24.860000000000003,-0.41466771897960375
20260907_144840,4,0.2,1.3,40.72,-24.340000000000003,0.5938524603925935,40.72,-24.340000000000003,-0.40614753960740646
20260907_144840,4,0.2,1.4000000000000001,39.9,-23.840000000000003,0.6022687499853537,39.9,-23.840000000000003,-0.39773125001464626
20260907_144840,4,0.2,1.5,39.1,-23.340000000000003,0.6104715149623122,39.1,-23.340000000000003,-0.3895284850376878
20260907_144840,4,0.2,1.6,38.32,-22.860000000000003,0.6185645382181262,38.32,-22.860000000000003,-0.3814354617818738
20260907_144840,4,0.2,1.7000000000000002,37.54,-22.380000000000003,0.6264318367963252,37.54,-22.380000000000003,-0.3735681632036748
20260907_144840,4,0.2,1.8,36.78,-21.92,0.634183032968574,36.78,-21.92,-0.36581696703142597
20260907_144840,4,0.2,1.9000000000000001,36.04,-21.46,0.64181588321012,36.04,-21.46,-0.35818411678988005
20260907_144840,4,0.2,2.0,35.32,-21.02,0.6492050457716964,35.32,-21.02,-0.35079495422830365
20260907_144840,4,0.2,2.1,34.6,-20.58,0.6564687273637362,34.6,-20.58,-0.3435312726362638
20260907_144840,4,0.2,2.2,33.9,-20.139999999999997,0.663604405755696,33.9,-20.139999999999997,-0.336395594244304
20260907_144840,4,0.2,2.3000000000000003,33.22,-19.719999999999995,0.670609481897828,33.22,-19.719999999999995,-0.329390518102172
20260907_144840,4,0.2,2.4000000000000004,32.56,-19.299999999999994,0.6774812767696229,32.56,-19.299999999999994,-0.3225187232303771
20260907_144840,4,0.2,2.5,31.900000000000002,-18.899999999999995,0.6842170280649597,31.900000000000002,-18.899999999999995,-0.31578297193504035
20260907_144840,4,0.2,2.6,31.26,-18.499999999999996,0.6908138867037031,31.26,-18.499999999999996,-0.30918611329629686
20260907_144840,4,0.2,2.7,30.64,-18.119999999999997,0.6972689131587296,30.64,-18.119999999999997,-0.30273108684127037
20260907_144840,4,0.2,2.8000000000000003,30.02,-17.74,0.7035790735865372,30.02,-17.74,-0.29642092641346285
20260907_144840,4,0.2,2.9000000000000004,29.419999999999998,-17.36,0.7097412357486993,29.419999999999998,-17.36,-0.2902587642513007
20260907_144840,4,0.2,3.0,28.819999999999997,-17.0,0.7157521647104479,28.819999999999997,-17.0,-0.2842478352895521
20260907_144840,4,0.2,3.1,28.239999999999995,-16.64,0.7217630936721965,28.239999999999995,-16.64,-0.2782369063278035
20260907_144840,4,0.2,3.2,27.679999999999996,-16.3,0.7276194472633567,27.679999999999996,-16.3,-0.2723805527366433
20260907_144840,4,0.2,3.3000000000000003,27.119999999999997,-15.96,0.7333177712857031,27.119999999999997,-15.96,-0.2666822287142969
20260907_144840,4,0.2,3.4000000000000004,26.58,-15.620000000000001,0.7388544944495449,26.58,-15.620000000000001,-0.2611455055504551
20260907_144840,4,0.2,3.5,26.04,-15.3,0.7443912176133867,26.04,-15.3,-0.25560878238661333
20260907_144840,4,0.2,3.6,25.52,-14.98,0.7497626461848153,25.52,-14.98,-0.25023735381518475
20260907_144840,4,0.2,3.7,25.0,-14.66,0.7549649583235436,25.0,-14.66,-0.2450350416764564
20260907_144840,4,0.2,3.8000000000000003,24.5,-14.36,0.760167270462272,24.5,-14.36,-0.23983272953772805
20260907_144840,4,0.2,3.9000000000000004,24.0,-14.059999999999999,0.7651965102283538,24.0,-14.059999999999999,-0.23480348977164622
20260907_144840,4,0.2,4.0,23.52,-13.759999999999998,0.7702257499944356,23.52,-13.759999999999998,-0.2297742500055644
20260907_144840,4,0.2,4.1000000000000005,23.04,-13.459999999999997,0.7750778210003527,23.04,-13.459999999999997,-0.22492217899964728
20260907_144840,4,0.2,4.2,22.58,-13.179999999999998,0.7799298920062698,22.58,-13.179999999999998,-0.22007010799373017
20260907_144840,4,0.2,4.3,22.119999999999997,-12.899999999999999,0.7846005506889046,22.119999999999997,-12.899999999999999,-0.21539944931109545
20260907_144840,4,0.2,4.4,21.679999999999996,-12.62,0.7892712093715393,21.679999999999996,-12.62,-0.21072879062846073
20260907_144840,4,0.2,4.5,21.239999999999995,-12.36,0.7937560578563878,21.239999999999995,-12.36,-0.2062439421436122
20260907_144840,4,0.2,4.6000000000000005,20.819999999999993,-12.1,0.7982409063412363,20.819999999999993,-12.1,-0.20175909365876366
20260907_144840,4,0.2,4.7,20.39999999999999,-11.84,0.8025353848688437,20.39999999999999,-11.84,-0.19746461513115632
20260907_144840,4,0.2,4.800000000000001,19.999999999999993,-11.58,0.806829863396451,19.999999999999993,-11.58,-0.19317013660354898
20260907_144840,4,0.2,4.9,19.599999999999994,-11.34,0.8109292422784385,19.599999999999994,-11.34,-0.18907075772156146
20260907_144840,4,0.2,5.0,19.199999999999996,-11.1,0.8150286211604261,19.199999999999996,-11.1,-0.18497137883957393
20260907_144840,4,0.2,5.1000000000000005,18.819999999999997,-10.86,0.8189279922296084,18.819999999999997,-10.86,-0.18107200777039156
20260907_144840,4,0.2,5.2,18.439999999999998,-10.62,0.8228273632987908,18.439999999999998,-10.62,-0.1771726367012092
20260907_144840,4,0.2,5.300000000000001,18.08,-10.399999999999999,0.8267267343679732,18.08,-10.399999999999999,-0.17327326563202683
20260907_144840,4,0.2,5.4,17.72,-10.179999999999998,0.8304210018838968,17.72,-10.179999999999998,-0.16957899811610322
20260907_144840,4,0.2,5.5,17.36,-9.959999999999997,0.8341152693998204,17.36,-9.959999999999997,-0.1658847306001796
20260907_144840,4,0.2,5.6000000000000005,17.02,-9.739999999999997,0.837809536915744,17.02,-9.739999999999997,-0.162190463084256
20260907_144840,4,0.2,5.7,16.68,-9.539999999999997,0.8412934078834859,16.68,-9.539999999999997,-0.15870659211651406
20260907_144840,4,0.2,5.800000000000001,16.34,-9.339999999999998,0.8447772788512279,16.34,-9.339999999999998,-0.1552227211487721
20260907_144840,4,0.2,5.9,16.02,-9.139999999999999,0.8482611498189698,16.02,-9.139999999999999,-0.15173885018103017
20260907_144840,4,0.2,6.0,15.7,-8.94,0.851529123675179,15.7,-8.94,-0.14847087632482103
20260907_144840,4,0.2,6.1000000000000005,15.379999999999999,-8.74,0.8547970975313881,15.379999999999999,-8.74,-0.1452029024686119
20260907_144840,4,0.2,6.2,15.079999999999998,-8.56,0.8580650713875972,15.079999999999998,-8.56,-0.14193492861240276
20260907_144840,4,0.2,6.300000000000001,14.779999999999998,-8.38,0.8611114290034912,14.779999999999998,-8.38,-0.13888857099650875
20260907_144840,4,0.2,6.4,14.479999999999997,-8.200000000000001,0.8641577866193852,14.479999999999997,-8.200000000000001,-0.13584221338061475
20260907_144840,4,0.2,6.5,14.199999999999998,-8.020000000000001,0.8672041442352793,14.199999999999998,-8.020000000000001,-0.13279585576472075
20260907_144840,4,0.2,6.6000000000000005,13.919999999999998,-7.840000000000002,0.8702505018511733,13.919999999999998,-7.840000000000002,-0.12974949814882675
20260907_144840,4,0.2,6.7,13.639999999999999,-7.660000000000002,0.873069293797482,13.639999999999999,-7.660000000000002,-0.126930706202518
20260907_144840,4,0.2,6.800000000000001,13.379999999999999,-7.500000000000002,0.8758880857437907,13.379999999999999,-7.500000000000002,-0.12411191425620927
20260907_144840,4,0.2,6.9,13.12,-7.340000000000002,0.8787068776900995,13.12,-7.340000000000002,-0.12129312230990053
20260907_144840,4,0.2,7.0,12.86,-7.1800000000000015,0.8815256696364082,12.86,-7.1800000000000015,-0.11847433036359178
20260907_144840,4,0.2,7.1000000000000005,12.6,-7.020000000000001,0.8841107036500137,12.6,-7.020000000000001,-0.11588929634998635
20260907_144840,4,0.2,7.2,12.36,-6.860000000000001,0.8866957376636191,12.36,-6.860000000000001,-0.11330426233638091
20260907_144840,4,0.2,7.300000000000001,12.12,-6.700000000000001,0.8892807716772245,12.12,-6.700000000000001,-0.11071922832277548
20260907_144840,4,0.2,7.4,11.879999999999999,-6.560000000000001,0.89186580569083,11.879999999999999,-6.560000000000001,-0.10813419430917004
20260907_144840,4,0.2,7.5,11.639999999999999,-6.420000000000002,0.8942106332770369,11.639999999999999,-6.420000000000002,-0.10578936672296313
20260907_144840,4,0.2,7.6000000000000005,11.419999999999998,-6.280000000000002,0.8965554608632438,11.419999999999998,-6.280000000000002,-0.10344453913675622
20260907_144840,4,0.2,7.7,11.199999999999998,-6.140000000000002,0.8989002884494507,11.199999999999998,-6.140000000000002,-0.10109971155054931
20260907_144840,4,0.2,7.800000000000001,10.979999999999997,-6.000000000000003,0.9012451160356576,10.979999999999997,-6.000000000000003,-0.0987548839643424
20260907_144840,4,0.2,7.9,10.759999999999996,-5.860000000000003,0.9035899436218645,10.759999999999996,-5.860000000000003,-0.09641005637813549
20260907_144840,4,0.2,8.0,10.559999999999997,-5.740000000000003,0.9059347712080714,10.559999999999997,-5.740000000000003,-0.09406522879192858
20260907_144840,4,0.2,8.1,10.359999999999998,-5.620000000000003,0.9080326733059735,10.359999999999998,-5.620000000000003,-0.09196732669402652
20260907_144840,4,0.2,8.200000000000001,10.159999999999998,-5.500000000000003,0.9101305754038755,10.159999999999998,-5.500000000000003,-0.08986942459612446
20260907_144840,4,0.2,8.3,9.959999999999999,-5.380000000000003,0.9122284775017776,9.959999999999999,-5.380000000000003,-0.0877715224982224
20260907_144840,4,0.2,8.4,9.76,-5.2600000000000025,0.9143263795996797,9.76,-5.2600000000000025,-0.08567362040032034
20260907_144840,4,0.2,8.5,9.58,-5.140000000000002,0.9164242816975817,9.58,-5.140000000000002,-0.08357571830241828
20260907_144840,4,0.2,8.6,9.4,-5.020000000000002,0.9182682533287874,9.4,-5.020000000000002,-0.08173174667121264
20260907_144840,4,0.2,8.700000000000001,9.22,-4.900000000000002,0.920112224959993,9.22,-4.900000000000002,-0.07988777504000699
20260907_144840,4,0.2,8.8,9.040000000000001,-4.780000000000002,0.9219561965911987,9.040000000000001,-4.780000000000002,-0.07804380340880135
20260907_144840,4,0.2,8.9,8.860000000000001,-4.680000000000002,0.9238001682224043,8.860000000000001,-4.680000000000002,-0.0761998317775957
20260907_144840,4,0.2,9.0,8.680000000000001,-4.580000000000003,0.9256441398536099,8.680000000000001,-4.580000000000003,-0.07435586014639006
20260907_144840,4,0.2,9.1,8.520000000000001,-4.480000000000003,0.9274881114848156,8.520000000000001,-4.480000000000003,-0.07251188851518442
20260907_144840,4,0.2,9.200000000000001,8.360000000000001,-4.3800000000000034,0.9293320831160212,8.360000000000001,-4.3800000000000034,-0.07066791688397878
20260907_144840,4,0.2,9.3,8.200000000000001,-4.280000000000004,0.9311760547472269,8.200000000000001,-4.280000000000004,-0.06882394525277313
20260907_144840,4,0.2,9.4,8.040000000000001,-4.180000000000004,0.9327587885601765,8.040000000000001,-4.180000000000004,-0.06724121143982353
20260907_144840,4,0.2,9.5,7.880000000000001,-4.0800000000000045,0.9343415223731261,7.880000000000001,-4.0800000000000045,-0.06565847762687393
20260907_144840,4,0.2,9.600000000000001,7.720000000000001,-3.9800000000000044,0.9359242561860757,7.720000000000001,-3.9800000000000044,-0.06407574381392434
20260907_144840,4,0.2,9.700000000000001,7.580000000000001,-3.8800000000000043,0.9375069899990253,7.580000000000001,-3.8800000000000043,-0.062493010000974736
20260907_144840,4,0.2,9.8,7.440000000000001,-3.8000000000000043,0.9390897238119749,7.440000000000001,-3.8000000000000043,-0.060910276188025136
20260907_144840,4,0.2,9.9,7.300000000000002,-3.720000000000004,0.9406724576249245,7.300000000000002,-3.720000000000004,-0.05932754237507554
20260907_144840,4,0.2,10.0,7.160000000000002,-3.640000000000004,0.9422551914378741,7.160000000000002,-3.640000000000004,-0.05774480856212594
20260907_144840,4,0.2,10.100000000000001,7.020000000000002,-3.560000000000004,0.9438379252508237,7.020000000000002,-3.560000000000004,-0.05616207474917634
20260907_144840,4,0.2,10.200000000000001,6.880000000000003,-3.480000000000004,0.9451517938639623,6.880000000000003,-3.480000000000004,-0.05484820613603769
20260907_144840,4,0.2,10.3,6.740000000000003,-3.400000000000004,0.946465662477101,6.740000000000003,-3.400000000000004,-0.053534337522899045
20260907_144840,4,0.2,10.4,6.620000000000003,-3.320000000000004,0.9477795310902396,6.620000000000003,-3.320000000000004,-0.0522204689097604
20260907_144840,4,0.2,10.5,6.500000000000003,-3.2400000000000038,0.9490933997033782,6.500000000000003,-3.2400000000000038,-0.05090660029662175
20260907_144840,4,0.2,10.600000000000001,6.380000000000003,-3.1600000000000037,0.9504072683165169,6.380000000000003,-3.1600000000000037,-0.049592731683483104
20260907_144840,4,0.2,10.700000000000001,6.2600000000000025,-3.0800000000000036,0.9517211369296555,6.2600000000000025,-3.0800000000000036,-0.04827886307034446
20260907_144840,4,0.2,10.8,6.140000000000002,-3.0000000000000036,0.9530350055427942,6.140000000000002,-3.0000000000000036,-0.04696499445720581
20260907_144840,4,0.2,10.9,6.020000000000002,-2.9200000000000035,0.9543488741559328,6.020000000000002,-2.9200000000000035,-0.045651125844067164
20260907_144840,4,0.2,11.0,5.900000000000002,-2.8600000000000034,0.9556627427690715,5.900000000000002,-2.8600000000000034,-0.04433725723092852
20260907_144840,4,0.2,11.100000000000001,5.780000000000002,-2.8000000000000034,0.9569766113822101,5.780000000000002,-2.8000000000000034,-0.04302338861778987
20260907_144840,4,0.2,11.200000000000001,5.680000000000002,-2.7400000000000033,0.9580136484192472,5.680000000000002,-2.7400000000000033,-0.04198635158075281
20260907_144840,4,0.2,11.3,5.580000000000003,-2.6800000000000033,0.9590506854562842,5.580000000000003,-2.6800000000000033,-0.040949314543715754
20260907_144840,4,0.2,11.4,5.480000000000003,-2.620000000000003,0.9600877224933213,5.480000000000003,-2.620000000000003,-0.039912277506678695
20260907_144840,4,0.2,11.5,5.3800000000000034,-2.560000000000003,0.9611247595303584,5.3800000000000034,-2.560000000000003,-0.038875240469641636
20260907_144840,4,0.2,11.600000000000001,5.280000000000004,-2.500000000000003,0.9621617965673954,5.280000000000004,-2.500000000000003,-0.03783820343260458
20260907_144840,4,0.2,11.700000000000001,5.180000000000004,-2.440000000000003,0.9631988336044325,5.180000000000004,-2.440000000000003,-0.03680116639556752
20260907_144840,4,0.2,11.8,5.0800000000000045,-2.380000000000003,0.9642358706414695,5.0800000000000045,-2.380000000000003,-0.03576412935853046
20260907_144840,4,0.2,11.9,4.980000000000005,-2.320000000000003,0.9652729076785066,4.980000000000005,-2.320000000000003,-0.0347270923214934
20260907_144840,4,0.2,12.0,4.880000000000005,-2.260000000000003,0.9663099447155437,4.880000000000005,-2.260000000000003,-0.033690055284456344
20260907_144840,4,0.2,12.100000000000001,4.800000000000005,-2.200000000000003,0.9673469817525807,4.800000000000005,-2.200000000000003,-0.032653018247419285
20260907_144840,4,0.2,12.200000000000001,4.720000000000005,-2.140000000000003,0.9683840187896178,4.720000000000005,-2.140000000000003,-0.03161598121038223
20260907_144840,4,0.2,12.3,4.640000000000005,-2.0800000000000027,0.9694210558266548,4.640000000000005,-2.0800000000000027,-0.03057894417334517
20260907_144840,4,0.2,12.4,4.560000000000005,-2.0200000000000027,0.9704580928636919,4.560000000000005,-2.0200000000000027,-0.02954190713630811
20260907_144840,4,0.2,12.5,4.480000000000005,-1.9600000000000026,0.971495129900729,4.480000000000005,-1.9600000000000026,-0.02850487009927105
20260907_144840,4,0.2,12.600000000000001,4.400000000000005,-1.9000000000000026,0.972532166937766,4.400000000000005,-1.9000000000000026,-0.027467833062233993
20260907_144840,4,0.2,12.700000000000001,4.320000000000005,-1.8400000000000025,0.9735692039748031,4.320000000000005,-1.8400000000000025,-0.026430796025196934
20260907_144840,4,0.2,12.8,4.240000000000005,-1.7800000000000025,0.9746062410118401,4.240000000000005,-1.7800000000000025,-0.025393758988159876
20260907_144840,4,0.2,12.9,4.160000000000005,-1.7200000000000024,0.9756432780488772,4.160000000000005,-1.7200000000000024,-0.024356721951122817
20260907_144840,4,0.2,13.0,4.0800000000000045,-1.6600000000000024,0.9766803150859142,4.0800000000000045,-1.6600000000000024,-0.02331968491408576
20260907_144840,4,0.2,13.100000000000001,4.000000000000004,-1.6000000000000023,0.9777173521229513,4.000000000000004,-1.6000000000000023,-0.0222826478770487
20260907_144840,4,0.2,13.200000000000001,3.9200000000000044,-1.5400000000000023,0.9787543891599884,3.9200000000000044,-1.5400000000000023,-0.02124561084001164
20260907_144840,4,0.2,13.3,3.8400000000000043,-1.4800000000000022,0.9797914261970254,3.8400000000000043,-1.4800000000000022,-0.020208573802974583
20260907_144840,4,0.2,13.4,3.7600000000000042,-1.4200000000000021,0.9808284632340625,3.7600000000000042,-1.4200000000000021,-0.019171536765937525
20260907_144840,4,0.2,13.5,3.680000000000004,-1.360000000000002,0.9818655002710995,3.680000000000004,-1.360000000000002,-0.018134499728900466
20260907_144840,4,0.2,13.600000000000001,3.600000000000004,-1.300000000000002,0.9829025373081366,3.600000000000004,-1.300000000000002,-0.017097462691863408
20260907_144840,4,0.2,13.700000000000001,3.520000000000004,-1.240000000000002,0.9839395743451737,3.520000000000004,-1.240000000000002,-0.01606042565482635
20260907_144840,4,0.2,13.8,3.440000000000004,-1.180000000000002,0.9849766113822107,3.440000000000004,-1.180000000000002,-0.01502338861778929
20260907_144840,4,0.2,13.9,3.360000000000004,-1.1200000000000019,0.9860136484192478,3.360000000000004,-1.1200000000000019,-0.013986351580752232
20260907_144840,4,0.2,14.0,3.280000000000004,-1.0600000000000018,0.9870506854562848,3.280000000000004,-1.0600000000000018,-0.012949314543715174
20260907_144840,4,0.2,14.100000000000001,3.2000000000000037,-1.0000000000000018,0.9880877224933219,3.2000000000000037,-1.0000000000000018,-0.011912277506678115
20260907_144840,4,0.2,14.200000000000001,3.1200000000000037,-0.9400000000000017,0.9891247595303589,3.1200000000000037,-0.9400000000000017,-0.010875240469641057
20260907_144840,4,0.2,14.3,3.0400000000000036,-0.8800000000000017,0.990161796567396,3.0400000000000036,-0.8800000000000017,-0.009838203432603998
20260907_144840,4,0.2,14.4,2.9600000000000035,-0.8200000000000016,0.9911988336044331,2.9600000000000035,-0.8200000000000016,-0.00880116639556694
20260907_144840,4,0.2,14.5,2.8800000000000034,-0.7600000000000016,0.9922358706414701,2.8800000000000034,-0.7600000000000016,-0.007764129358529881
20260907_144840,4,0.2,14.600000000000001,2.8000000000000034,-0.7000000000000015,0.9932729076785072,2.8000000000000034,-0.7000000000000015,-0.0067270923214928224
20260907_144840,4,0.2,14.700000000000001,2.7200000000000033,-0.6400000000000015,0.9943099447155442,2.7200000000000033,-0.6400000000000015,-0.005690055284455764
20260907_144840,4,0.2,14.8,2.6400000000000032,-0.5800000000000014,0.9953469817525813,2.6400000000000032,-0.5800000000000014,-0.004653018247418705
20260907_144840,4,0.2,14.9,2.560000000000003,-0.5200000000000014,0.9963840187896184,2.560000000000003,-0.5200000000000014,-0.003615981210381647
20260907_144840,4,0.2,15.0,2.480000000000003,-0.46000000000000135,0.9974210558266554,2.480000000000003,-0.46000000000000135,-0.0025789441733445884
20260907_144840,4,0.2,15.100000000000001,2.400000000000003,-0.40000000000000135,0.9984580928636925,2.400000000000003,-0.40000000000000135,-0.0015419071363075298
20260907_144840,4,0.2,15.200000000000001,2.320000000000003,-0.34000000000000136,0.9994951299007295,2.320000000000003,-0.34000000000000136,-0.0005048700992704713
20260907_144840,4,0.2,15.3,2.240000000000003,-0.28000000000000136,1.0005321669377665,2.240000000000003,-0.28000000000000136,0.0005321669377664762
20260907_144840,4,0.2,15.4,2.160000000000003,-0.22000000000000136,1.0015692039748034,2.160000000000003,-0.22000000000000136,0.0015692039748034237
20260907_144840,4,0.2,15.5,2.0800000000000027,-0.16000000000000136,1.0026062410118404,2.0800000000000027,-0.16000000000000136,0.002606241011840371
20260907_144840,4,0.2,15.600000000000001,2.0000000000000027,-0.10000000000000135,1.0036432780488773,2.0000000000000027,-0.10000000000000135,0.0036432780488773187
20260907_144840,4,0.2,15.700000000000001,1.9200000000000026,-0.04000000000000134,1.0046803150859143,1.9200000000000026,-0.04000000000000134,0.004680315085914266
20260907_144840,4,0.2,15.8,1.8400000000000025,0.01999999999999867,1.0057173521229512,1.8400000000000025,0.01999999999999867,0.005717352122951214
20260907_144840,4,0.2,15.9,1.7600000000000025,0.07999999999999868,1.0067543891599882,1.7600000000000025,0.07999999999999868,0.006754389159988161
20260907_144840,4,0.2,16.0,1.6800000000000024,0.13999999999999868,1.007791426197025,1.6800000000000024,0.13999999999999868,0.007791426197025109
20260907_144840,4,0.2,16.1,1.6000000000000023,0.19999999999999868,1.008828463234062,1.6000000000000023,0.19999999999999868,0.008828463234062056
20260907_144840,4,0.2,16.2,1.5200000000000022,0.2599999999999987,1.009865500271099,1.5200000000000022,0.2599999999999987,0.009865500271099004
20260907_144840,4,0.2,16.3,1.4400000000000022,0.3199999999999987,1.010902537308136,1.4400000000000022,0.3199999999999987,0.010902537308135951
20260907_144840,4,0.2,16.400000000000002,1.360000000000002,0.37999999999999867,1.011939574345173,1.360000000000002,0.37999999999999867,0.011939574345172899
20260907_144840,4,0.2,16.5,1.280000000000002,0.43999999999999867,1.0129766113822098,1.280000000000002,0.43999999999999867,0.012976611382209846
20260907_144840,4,0.2,16.6,1.200000000000002,0.49999999999999867,1.0140136484192468,1.200000000000002,0.49999999999999867,0.014013648419246794
20260907_144840,4,0.2,16.7,1.1200000000000019,0.5599999999999987,1.0150506854562837,1.1200000000000019,0.5599999999999987,0.015050685456283741
20260907_144840,4,0.2,16.8,1.0400000000000018,0.6199999999999988,1.0160877224933207,1.0400000000000018,0.6199999999999988,0.01608772249332069
20260907_144840,4,0.2,16.900000000000002,0.9600000000000017,0.6799999999999988,1.0171247595303576,0.9600000000000017,0.6799999999999988,0.017124759530357636
20260907_153232,4,0.2,0.1,50.0,-30.0,0.5,50.0,-30.0,-0.5
20260907_153232,4,0.2,0.2,50.0,-30.0,0.5,50.0,-30.0,-0.5
20260907_153232,4,0.2,0.30000000000000004,50.0,-30.0,0.5,50.0,-30.0,-0.5
20260907_153232,4,0.2,0.4,50.0,-30.0,0.5,50.0,-30.0,-0.5
20260907_153232,4,0.2,0.5,50.0,-30.0,0.5,50.0,-30.0,-0.5
20260907_153232,4,0.2,0.6000000000000001,50.0,-30.0,0.5,50.0,-30.0,-0.5
20260907_153232,4,0.2,0.7000000000000001,50.0,-30.0,0.5,50.0,-30.0,-0.5
20260907_153232,4,0.2,0.8,50.0,-30.0,0.5,50.0,-30.0,-0.5
20260907_153232,4,0.2,0.9,50.0,-30.0,0.5,50.0,-30.0,-0.5
20260907_153232,4,0.2,1.0,50.0,-30.0,0.5,50.0,-30.0,-0.5
20260907_153232,4,0.2,1.1,50.0,-30.0,0.5,50.0,-30.0,-0.5
20260907_153232,4,0.2,1.2000000000000002,50.0,-30.0,0.5,50.0,-30.0,-0.5
20260907_153232,4,0.2,1.3,50.0,-30.0,0.5,50.0,-30.0,-0.5
20260907_153232,4,0.2,1.4000000000000001,50.0,-30.0,0.5,50.0,-30.0,-0.5
20260907_153232,4,0.2,1.5,50.0,-30.0,0.5,50.0,-30.0,-0.5
20260907_153232,4,0.2,1.6,50.0,-30.0,0.5,50.0,-30.0,-0.5
20260907_153232,4,0.2,1.7000000000000002,50.0,-30.0,0.5,50.0,-30.0,-0.5
20260907_153232,4,0.2,1.8,50.0,-30.0,0.5,50.0,-30.0,-0.5
20260907_153232,4,0.2,1.9000000000000001,50.0,-30.0,0.5,50.0,-30.0,-0.5
20260907_153232,4,0.2,2.0,50.0,-30.0,0.5,50.0,-30.0,-0.5
20260907_153232,4,0.2,2.1,50.0,-30.0,0.5,50.0,-30.0,-0.5
20260907_153232,4,0.2,2.2,50.0,-30.0,0.5,50.0,-30.0,-0.5
20260907_153232,4,0.2,2.3000000000000003,50.0,-30.0,0.5,50.0,-30.0,-0.5
20260907_153232,4,0.2,2.4000000000000004,50.0,-30.0,0.5,50.0,-30.0,-0.5
20260907_153232,4,0.2,2.5,50.0,-30.0,0.5,50.0,-30.0,-0.5
20260907_153232,4,0.2,2.6,50.0,-30.0,0.5,50.0,-30.0,-0.5
20260907_153232,4,0.2,2.7,50.0,-30.0,0.5,50.0,-30.0,-0.5
20260907_153232,4,0.2,2.8000000000000003,50.0,-30.0,0.5,50.0,-30.0,-0.5
20260907_153232,4,0.2,2.9000000000000004,50.0,-30.0,0.5,50.0,-30.0,-0.5
20260907_153232,4,0.2,3.0,50.0,-30.0,0.5,50.0,-30.0,-0.5
20260907_153232,4,0.2,3.1,50.0,-30.0,0.5,50.0,-30.0,-0.5
20260907_153232,4,0.2,3.2,50.0,-30.0,0.5,50.0,-30.0,-0.5
20260907_153232,4,0.2,3.3000000000000003,50.0,-30.0,0.5,50.0,-30.0,-0.5
20260907_153232,4,0.2,3.4000000000000004,50.0,-30.0,0.5,50.0,-30.0,-0.5
20260907_153232,4,0.2,3.5,50.0,-30.0,0.5,50.0,-30.0,-0.5
20260907_153232,4,0.2,3.6,50.0,-30.0,0.5,50.0,-30.0,-0.5
20260907_153232,4,0.2,3.7,50.0,-30.0,0.5,50.0,-30.0,-0.5
20260907_153232,4,0.2,3.8000000000000003,50.0,-30.0,0.5,50.0,-30.0,-0.5
20260907_153232,4,0.2,3.9000000000000004,50.0,-30.0,0.5,50.0,-30.0,-0.5
20260907_153232,4,0.2,4.0,50.0,-30.0,0.5,50.0,-30.0,-0.5
20260907_153232,4,0.2,4.1000000000000005,50.0,-30.0,0.5,50.0,-30.0,-0.5
20260907_153232,4,0.2,4.2,50.0,-30.0,0.5,50.0,-30.0,-0.5
20260907_153232,4,0.2,4.3,50.0,-30.0,0.5,50.0,-30.0,-0.5
20260907_153232,4,0.2,4.4,50.0,-30.0,0.5,50.0,-30.0,-0.5
20260907_153232,4,0.2,4.5,50.0,-30.0,0.5,50.0,-30.0,-0.5
20260907_153232,4,0.2,4.6000000000000005,50.0,-30.0,0.5,50.0,-30.0,-0.5
20260907_153232,4,0.2,4.7,50.0,-30.0,0.5,50.0,-30.0,-0.5
20260907_153232,4,0.2,4.800000000000001,50.0,-30.0,0.5,50.0,-30.0,-0.5
20260907_153232,4,0.2,4.9,50.0,-30.0,0.5,50.0,-30.0,-0.5
20260907_153232,4,0.2,5.0,50.0,-30.0,0.5,50.0,-30.0,-0.5
20260907_153232,4,0.2,5.1000000000000005,50.0,-30.0,0.5,50.0,-30.0,-0.5
20260907_153232,4,0.2,5.2,50.0,-30.0,0.5,50.0,-30.0,-0.5
20260907_153232,4,0.2,5.300000000000001,50.0,-30.0,0.5,50.0,-30.0,-0.5
20260907_153232,4,0.2,5.4,50.0,-30.0,0.5,50.0,-30.0,-0.5
20260907_153232,4,0.2,5.5,50.0,-30.0,0.5,50.0,-30.0,-0.5
20260907_153232,4,0.2,5.6000000000000005,50.0,-30.0,0.5,50.0,-30.0,-0.5
20260907_153232,4,0.2,5.7,50.0,-30.0,0.5,50.0,-30.0,-0.5
20260907_153232,4,0.2,5.800000000000001,50.0,-30.0,0.5,50.0,-30.0,-0.5
20260907_153232,4,0.2,5.9,50.0,-30.0,0.5,50.0,-30.0,-0.5
20260907_153232,4,0.2,6.0,50.0,-30.0,0.5,50.0,-30.0,-0.5
20260907_153232,4,0.2,6.1000000000000005,49.0,-29.4,0.5101158301158302,49.0,-29.4,-0.48988416988416983
20260907_153232,4,0.2,6.2,48.0,-28.799999999999997,0.5202316602316603,48.0,-28.799999999999997,-0.47976833976833966
20260907_153232,4,0.2,6.300000000000001,47.02,-28.199999999999996,0.5301130831565616,47.02,-28.199999999999996,-0.4698869168434384
20260907_153232,4,0.2,6.4,46.06,-27.619999999999997,0.5398319586585696,46.06,-27.619999999999997,-0.4601680413414304
20260907_153232,4,0.2,6.5,45.120000000000005,-27.04,0.5492969792347013,45.120000000000005,-27.04,-0.45070302076529867
20260907_153232,4,0.2,6.6000000000000005,44.2,-26.48,0.5585856821635716,44.2,-26.48,-0.44141431783642837
20260907_153232,4,0.2,6.7,43.300000000000004,-25.92,0.567692065142295,43.300000000000004,-25.92,-0.432307934857705
20260907_153232,4,0.2,6.800000000000001,42.42,-25.380000000000003,0.5766098140600439,42.42,-25.380000000000003,-0.42339018593995614
20260907_153232,4,0.2,6.9,41.56,-24.860000000000003,0.5853322810203963,41.56,-24.860000000000003,-0.41466771897960375
20260907_153232,4,0.2,7.0,40.72,-24.340000000000003,0.5938524603925935,40.72,-24.340000000000003,-0.40614753960740646
20260907_153232,4,0.2,7.1000000000000005,39.9,-23.840000000000003,0.6022687499853537,39.9,-23.840000000000003,-0.39773125001464626
20260907_153232,4,0.2,7.2,39.1,-23.340000000000003,0.6104715149623122,39.1,-23.340000000000003,-0.3895284850376878
20260907_153232,4,0.2,7.300000000000001,38.32,-22.860000000000003,0.6185645382181262,38.32,-22.860000000000003,-0.3814354617818738
20260907_153232,4,0.2,7.4,37.54,-22.380000000000003,0.6264318367963252,37.54,-22.380000000000003,-0.3735681632036748
20260907_153232,4,0.2,7.5,36.78,-21.92,0.634183032968574,36.78,-21.92,-0.36581696703142597
20260907_153232,4,0.2,7.6000000000000005,36.04,-21.46,0.64181588321012,36.04,-21.46,-0.35818411678988005
20260907_153232,4,0.2,7.7,35.32,-21.02,0.6492050457716964,35.32,-21.02,-0.35079495422830365
20260907_153232,4,0.2,7.800000000000001,34.6,-20.58,0.6564687273637362,34.6,-20.58,-0.3435312726362638
20260907_153232,4,0.2,7.9,33.9,-20.139999999999997,0.663604405755696,33.9,-20.139999999999997,-0.336395594244304
20260907_153232,4,0.2,8.0,33.22,-19.719999999999995,0.670609481897828,33.22,-19.719999999999995,-0.329390518102172
20260907_153232,4,0.2,8.1,32.56,-19.299999999999994,0.6774812767696229,32.56,-19.299999999999994,-0.3225187232303771
20260907_153232,4,0.2,8.200000000000001,31.900000000000002,-18.899999999999995,0.6842170280649597,31.900000000000002,-18.899999999999995,-0.31578297193504035
20260907_153232,4,0.2,8.3,31.26,-18.499999999999996,0.6908138867037031,31.26,-18.499999999999996,-0.30918611329629686
20260907_153232,4,0.2,8.4,30.64,-18.119999999999997,0.6972689131587296,30.64,-18.119999999999997,-0.30273108684127037
20260907_153232,4,0.2,8.5,30.02,-17.74,0.7035790735865372,30.02,-17.74,-0.29642092641346285
20260907_153232,4,0.2,8.6,29.419999999999998,-17.36,0.7097412357486993,29.419999999999998,-17.36,-0.2902587642513007
20260907_153232,4,0.2,8.700000000000001,28.819999999999997,-17.0,0.7157521647104479,28.819999999999997,-17.0,-0.2842478352895521
20260907_153232,4,0.2,8.8,28.239999999999995,-16.64,0.7217630936721965,28.239999999999995,-16.64,-0.2782369063278035
20260907_153232,4,0.2,8.9,27.679999999999996,-16.3,0.7276194472633567,27.679999999999996,-16.3,-0.2723805527366433
20260907_153232,4,0.2,9.0,27.119999999999997,-15.96,0.7333177712857031,27.119999999999997,-15.96,-0.2666822287142969
20260907_153232,4,0.2,9.1,26.58,-15.620000000000001,0.7388544944495449,26.58,-15.620000000000001,-0.2611455055504551
20260907_153232,4,0.2,9.200000000000001,26.04,-15.3,0.7443912176133867,26.04,-15.3,-0.25560878238661333
20260907_153232,4,0.2,9.3,25.52,-14.98,0.7497626461848153,25.52,-14.98,-0.25023735381518475
20260907_153232,4,0.2,9.4,25.0,-14.66,0.7549649583235436,25.0,-14.66,-0.2450350416764564
20260907_153232,4,0.2,9.5,24.5,-14.36,0.760167270462272,24.5,-14.36,-0.23983272953772805
20260907_153232,4,0.2,9.600000000000001,24.0,-14.059999999999999,0.7651965102283538,24.0,-14.059999999999999,-0.23480348977164622
20260907_153232,4,0.2,9.700000000000001,23.52,-13.759999999999998,0.7702257499944356,23.52,-13.759999999999998,-0.2297742500055644
20260907_153232,4,0.2,9.8,23.04,-13.459999999999997,0.7750778210003527,23.04,-13.459999999999997,-0.22492217899964728
20260907_153232,4,0.2,9.9,22.58,-13.179999999999998,0.7799298920062698,22.58,-13.179999999999998,-0.22007010799373017
20260907_153232,4,0.2,10.0,22.119999999999997,-12.899999999999999,0.7846005506889046,22.119999999999997,-12.899999999999999,-0.21539944931109545
20260907_153232,4,0.2,10.100000000000001,21.679999999999996,-12.62,0.7892712093715393,21.679999999999996,-12.62,-0.21072879062846073
20260907_153232,4,0.2,10.200000000000001,21.239999999999995,-12.36,0.7937560578563878,21.239999999999995,-12.36,-0.2062439421436122
20260907_153232,4,0.2,10.3,20.819999999999993,-12.1,0.7982409063412363,20.819999999999993,-12.1,-0.20175909365876366
20260907_153232,4,0.2,10.4,20.39999999999999,-11.84,0.8025353848688437,20.39999999999999,-11.84,-0.19746461513115632
20260907_153232,4,0.2,10.5,19.999999999999993,-11.58,0.806829863396451,19.999999999999993,-11.58,-0.19317013660354898
20260907_153232,4,0.2,10.600000000000001,19.599999999999994,-11.34,0.8109292422784385,19.599999999999994,-11.34,-0.18907075772156146
20260907_153232,4,0.2,10.700000000000001,19.199999999999996,-11.1,0.8150286211604261,19.199999999999996,-11.1,-0.18497137883957393
20260907_153232,4,0.2,10.8,18.819999999999997,-10.86,0.8189279922296084,18.819999999999997,-10.86,-0.18107200777039156
20260907_153232,4,0.2,10.9,18.439999999999998,-10.62,0.8228273632987908,18.439999999999998,-10.62,-0.1771726367012092
20260907_153232,4,0.2,11.0,18.08,-10.399999999999999,0.8267267343679732,18.08,-10.399999999999999,-0.17327326563202683
20260907_153232,4,0.2,11.100000000000001,17.72,-10.179999999999998,0.8304210018838968,17.72,-10.179999999999998,-0.16957899811610322
20260907_153232,4,0.2,11.200000000000001,17.36,-9.959999999999997,0.8341152693998204,17.36,-9.959999999999997,-0.1658847306001796
20260907_153232,4,0.2,11.3,17.02,-9.739999999999997,0.837809536915744,17.02,-9.739999999999997,-0.162190463084256
20260907_153232,4,0.2,11.4,16.68,-9.539999999999997,0.8412934078834859,16.68,-9.539999999999997,-0.15870659211651406
20260907_153232,4,0.2,11.5,16.34,-9.339999999999998,0.8447772788512279,16.34,-9.339999999999998,-0.1552227211487721
20260907_153232,4,0.2,11.600000000000001,16.02,-9.139999999999999,0.8482611498189698,16.02,-9.139999999999999,-0.15173885018103017
20260907_153232,4,0.2,11.700000000000001,15.7,-8.94,0.851529123675179,15.7,-8.94,-0.14847087632482103
20260907_153232,4,0.2,11.8,15.379999999999999,-8.74,0.8547970975313881,15.379999999999999,-8.74,-0.1452029024686119
20260907_153232,4,0.2,11.9,15.079999999999998,-8.56,0.8580650713875972,15.079999999999998,-8.56,-0.14193492861240276
20260907_153232,4,0.2,12.0,14.779999999999998,-8.38,0.8611114290034912,14.779999999999998,-8.38,-0.13888857099650875
20260907_153232,4,0.2,12.100000000000001,14.479999999999997,-8.200000000000001,0.8641577866193852,14.479999999999997,-8.200000000000001,-0.13584221338061475
20260907_153232,4,0.2,12.200000000000001,14.199999999999998,-8.020000000000001,0.8672041442352793,14.199999999999998,-8.020000000000001,-0.13279585576472075
20260907_153232,4,0.2,12.3,13.919999999999998,-7.840000000000002,0.8702505018511733,13.919999999999998,-7.840000000000002,-0.12974949814882675
20260907_153232,4,0.2,12.4,13.639999999999999,-7.660000000000002,0.873069293797482,13.639999999999999,-7.660000000000002,-0.126930706202518
20260907_153232,4,0.2,12.5,13.379999999999999,-7.500000000000002,0.8758880857437907,13.379999999999999,-7.500000000000002,-0.12411191425620927
20260907_153232,4,0.2,12.600000000000001,13.12,-7.340000000000002,0.8787068776900995,13.12,-7.340000000000002,-0.12129312230990053
20260907_153232,4,0.2,12.700000000000001,12.86,-7.1800000000000015,0.8815256696364082,12.86,-7.1800000000000015,-0.11847433036359178
20260907_153232,4,0.2,12.8,12.6,-7.020000000000001,0.8841107036500137,12.6,-7.020000000000001,-0.11588929634998635
20260907_153232,4,0.2,12.9,12.36,-6.860000000000001,0.8866957376636191,12.36,-6.860000000000001,-0.11330426233638091
20260907_153232,4,0.2,13.0,12.12,-6.700000000000001,0.8892807716772245,12.12,-6.700000000000001,-0.11071922832277548
20260907_153232,4,0.2,13.100000000000001,11.879999999999999,-6.560000000000001,0.89186580569083,11.879999999999999,-6.560000000000001,-0.10813419430917004
20260907_153232,4,0.2,13.200000000000001,11.639999999999999,-6.420000000000002,0.8942106332770369,11.639999999999999,-6.420000000000002,-0.10578936672296313
20260907_153232,4,0.2,13.3,11.419999999999998,-6.280000000000002,0.8965554608632438,11.419999999999998,-6.280000000000002,-0.10344453913675622
20260907_153232,4,0.2,13.4,11.199999999999998,-6.140000000000002,0.8989002884494507,11.199999999999998,-6.140000000000002,-0.10109971155054931
20260907_153232,4,0.2,13.5,10.979999999999997,-6.000000000000003,0.9012451160356576,10.979999999999997,-6.000000000000003,-0.0987548839643424
20260907_153232,4,0.2,13.600000000000001,10.759999999999996,-5.860000000000003,0.9035899436218645,10.759999999999996,-5.860000000000003,-0.09641005637813549
20260907_153232,4,0.2,13.700000000000001,10.559999999999997,-5.740000000000003,0.9059347712080714,10.559999999999997,-5.740000000000003,-0.09406522879192858
20260907_153232,4,0.2,13.8,10.359999999999998,-5.620000000000003,0.9080326733059735,10.359999999999998,-5.620000000000003,-0.09196732669402652
20260907_153232,4,0.2,13.9,10.159999999999998,-5.500000000000003,0.9101305754038755,10.159999999999998,-5.500000000000003,-0.08986942459612446
20260907_153232,4,0.2,14.0,9.959999999999999,-5.380000000000003,0.9122284775017776,9.959999999999999,-5.380000000000003,-0.0877715224982224
20260907_153232,4,0.2,14.100000000000001,9.76,-5.2600000000000025,0.9143263795996797,9.76,-5.2600000000000025,-0.08567362040032034
20260907_153232,4,0.2,14.200000000000001,9.58,-5.140000000000002,0.9164242816975817,9.58,-5.140000000000002,-0.08357571830241828
20260907_153232,4,0.2,14.3,9.4,-5.020000000000002,0.9182682533287874,9.4,-5.020000000000002,-0.08173174667121264
20260907_153232,4,0.2,14.4,9.22,-4.900000000000002,0.920112224959993,9.22,-4.900000000000002,-0.07988777504000699
20260907_153232,4,0.2,14.5,9.040000000000001,-4.780000000000002,0.9219561965911987,9.040000000000001,-4.780000000000002,-0.07804380340880135
20260907_153232,4,0.2,14.600000000000001,8.860000000000001,-4.680000000000002,0.9238001682224043,8.860000000000001,-4.680000000000002,-0.0761998317775957
20260907_153232,4,0.2,14.700000000000001,8.680000000000001,-4.580000000000003,0.9256441398536099,8.680000000000001,-4.580000000000003,-0.07435586014639006
20260907_153232,4,0.2,14.8,8.520000000000001,-4.480000000000003,0.9274881114848156,8.520000000000001,-4.480000000000003,-0.07251188851518442
20260907_153232,4,0.2,14.9,8.360000000000001,-4.3800000000000034,0.9293320831160212,8.360000000000001,-4.3800000000000034,-0.07066791688397878
20260907_153232,4,0.2,15.0,8.200000000000001,-4.280000000000004,0.9311760547472269,8.200000000000001,-4.280000000000004,-0.06882394525277313
20260907_153232,4,0.2,15.100000000000001,8.040000000000001,-4.180000000000004,0.9327587885601765,8.040000000000001,-4.180000000000004,-0.06724121143982353
20260907_153232,4,0.2,15.200000000000001,7.880000000000001,-4.0800000000000045,0.9343415223731261,7.880000000000001,-4.0800000000000045,-0.06565847762687393
20260907_153232,4,0.2,15.3,7.720000000000001,-3.9800000000000044,0.9359242561860757,7.720000000000001,-3.9800000000000044,-0.06407574381392434
20260907_153232,4,0.2,15.4,7.580000000000001,-3.8800000000000043,0.9375069899990253,7.580000000000001,-3.8800000000000043,-0.062493010000974736
20260907_153232,4,0.2,15.5,7.440000000000001,-3.8000000000000043,0.9390897238119749,7.440000000000001,-3.8000000000000043,-0.060910276188025136
20260907_153232,4,0.2,15.600000000000001,7.300000000000002,-3.720000000000004,0.9406724576249245,7.300000000000002,-3.720000000000004,-0.05932754237507554
20260907_153232,4,0.2,15.700000000000001,7.160000000000002,-3.640000000000004,0.9422551914378741,7.160000000000002,-3.640000000000004,-0.05774480856212594
20260907_153232,4,0.2,15.8,7.020000000000002,-3.560000000000004,0.9438379252508237,7.020000000000002,-3.560000000000004,-0.05616207474917634
20260907_153232,4,0.2,15.9,6.880000000000003,-3.480000000000004,0.9451517938639623,6.880000000000003,-3.480000000000004,-0.05484820613603769
20260907_153232,4,0.2,16.0,6.740000000000003,-3.400000000000004,0.946465662477101,6.740000000000003,-3.400000000000004,-0.053534337522899045
20260907_153232,4,0.2,16.1,6.620000000000003,-3.320000000000004,0.9477795310902396,6.620000000000003,-3.320000000000004,-0.0522204689097604
20260907_153232,4,0.2,16.2,6.500000000000003,-3.2400000000000038,0.9490933997033782,6.500000000000003,-3.2400000000000038,-0.05090660029662175
20260907_153232,4,0.2,16.3,6.380000000000003,-3.1600000000000037,0.9504072683165169,6.380000000000003,-3.1600000000000037,-0.049592731683483104
20260907_153232,4,0.2,16.400000000000002,6.2600000000000025,-3.0800000000000036,0.9517211369296555,6.2600000000000025,-3.0800000000000036,-0.04827886307034446
20260907_153232,4,0.2,16.5,6.140000000000002,-3.0000000000000036,0.9530350055427942,6.140000000000002,-3.0000000000000036,-0.04696499445720581
20260907_153232,4,0.2,16.6,6.020000000000002,-2.9200000000000035,0.9543488741559328,6.020000000000002,-2.9200000000000035,-0.045651125844067164
20260907_153232,4,0.2,16.7,5.900000000000002,-2.8600000000000034,0.9556627427690715,5.900000000000002,-2.8600000000000034,-0.04433725723092852
20260907_153232,4,0.2,16.8,5.780000000000002,-2.8000000000000034,0.9569766113822101,5.780000000000002,-2.8000000000000034,-0.04302338861778987
20260907_153232,4,0.2,16.900000000000002,5.680000000000002,-2.7400000000000033,0.9580136484192472,5.680000000000002,-2.7400000000000033,-0.04198635158075281
20260907_153232,4,0.2,17.0,5.580000000000003,-2.6800000000000033,0.9590506854562842,5.580000000000003,-2.6800000000000033,-0.040949314543715754
20260907_153232,4,0.2,17.1,5.480000000000003,-2.620000000000003,0.9600877224933213,5.480000000000003,-2.620000000000003,-0.039912277506678695
20260907_153232,4,0.2,17.2,5.3800000000000034,-2.560000000000003,0.9611247595303584,5.3800000000000034,-2.560000000000003,-0.038875240469641636
20260907_153232,4,0.2,17.3,5.280000000000004,-2.500000000000003,0.9621617965673954,5.280000000000004,-2.500000000000003,-0.03783820343260458
20260907_153232,4,0.2,17.400000000000002,5.180000000000004,-2.440000000000003,0.9631988336044325,5.180000000000004,-2.440000000000003,-0.03680116639556752
20260907_153232,4,0.2,17.5,5.0800000000000045,-2.380000000000003,0.9642358706414695,5.0800000000000045,-2.380000000000003,-0.03576412935853046
20260907_153232,4,0.2,17.6,4.980000000000005,-2.320000000000003,0.9652729076785066,4.980000000000005,-2.320000000000003,-0.0347270923214934
20260907_153232,4,0.2,17.7,4.880000000000005,-2.260000000000003,0.9663099447155437,4.880000000000005,-2.260000000000003,-0.033690055284456344
20260907_153232,4,0.2,17.8,4.800000000000005,-2.200000000000003,0.9673469817525807,4.800000000000005,-2.200000000000003,-0.032653018247419285
20260907_153232,4,0.2,17.900000000000002,4.720000000000005,-2.140000000000003,0.9683840187896178,4.720000000000005,-2.140000000000003,-0.03161598121038223
20260907_153232,4,0.2,18.0,4.640000000000005,-2.0800000000000027,0.9694210558266548,4.640000000000005,-2.0800000000000027,-0.03057894417334517
20260907_153232,4,0.2,18.1,4.560000000000005,-2.0200000000000027,0.9704580928636919,4.560000000000005,-2.0200000000000027,-0.02954190713630811
20260907_153232,4,0.2,18.2,4.480000000000005,-1.9600000000000026,0.971495129900729,4.480000000000005,-1.9600000000000026,-0.02850487009927105
20260907_153232,4,0.2,18.3,4.400000000000005,-1.9000000000000026,0.972532166937766,4.400000000000005,-1.9000000000000026,-0.027467833062233993
20260907_153232,4,0.2,18.400000000000002,4.320000000000005,-1.8400000000000025,0.9735692039748031,4.320000000000005,-1.8400000000000025,-0.026430796025196934
20260907_153232,4,0.2,18.5,4.240000000000005,-1.7800000000000025,0.9746062410118401,4.240000000000005,-1.7800000000000025,-0.025393758988159876
20260907_153232,4,0.2,18.6,4.160000000000005,-1.7200000000000024,0.9756432780488772,4.160000000000005,-1.7200000000000024,-0.024356721951122817
20260907_153232,4,0.2,18.7,4.0800000000000045,-1.6600000000000024,0.9766803150859142,4.0800000000000045,-1.6600000000000024,-0.02331968491408576
20260907_153232,4,0.2,18.8,4.000000000000004,-1.6000000000000023,0.9777173521229513,4.000000000000004,-1.6000000000000023,-0.0222826478770487
20260907_153232,4,0.2,18.900000000000002,3.9200000000000044,-1.5400000000000023,0.9787543891599884,3.9200000000000044,-1.5400000000000023,-0.02124561084001164
20260907_153232,4,0.2,19.0,3.8400000000000043,-1.4800000000000022,0.9797914261970254,3.8400000000000043,-1.4800000000000022,-0.020208573802974583
20260907_153232,4,0.2,19.1,3.7600000000000042,-1.4200000000000021,0.9808284632340625,3.7600000000000042,-1.4200000000000021,-0.019171536765937525
20260907_153232,4,0.2,19.200000000000003,3.680000000000004,-1.360000000000002,0.9818655002710995,3.680000000000004,-1.360000000000002,-0.018134499728900466
20260907_153232,4,0.2,19.3,3.600000000000004,-1.300000000000002,0.9829025373081366,3.600000000000004,-1.300000000000002,-0.017097462691863408
20260907_153232,4,0.2,19.400000000000002,3.520000000000004,-1.240000000000002,0.9839395743451737,3.520000000000004,-1.240000000000002,-0.01606042565482635
20260907_153232,4,0.2,19.5,3.440000000000004,-1.180000000000002,0.9849766113822107,3.440000000000004,-1.180000000000002,-0.01502338861778929
20260907_153232,4,0.2,19.6,3.360000000000004,-1.1200000000000019,0.9860136484192478,3.360000000000004,-1.1200000000000019,-0.013986351580752232
20260907_153232,4,0.2,19.700000000000003,3.280000000000004,-1.0600000000000018,0.9870506854562848,3.280000000000004,-1.0600000000000018,-0.012949314543715174
20260907_153232,4,0.2,19.8,3.2000000000000037,-1.0000000000000018,0.9880877224933219,3.2000000000000037,-1.0000000000000018,-0.011912277506678115
20260907_153232,4,0.2,19.900000000000002,3.1200000000000037,-0.9400000000000017,0.9891247595303589,3.1200000000000037,-0.9400000000000017,-0.010875240469641057
20260907_153232,4,0.2,20.0,3.0400000000000036,-0.8800000000000017,0.990161796567396,3.0400000000000036,-0.8800000000000017,-0.009838203432603998
20260907_153232,4,0.2,20.1,2.9600000000000035,-0.8200000000000016,0.9911988336044331,2.9600000000000035,-0.8200000000000016,-0.00880116639556694
20260907_153232,4,0.2,20.200000000000003,2.8800000000000034,-0.7600000000000016,0.9922358706414701,2.8800000000000034,-0.7600000000000016,-0.007764129358529881
20260907_153232,4,0.2,20.3,2.8000000000000034,-0.7000000000000015,0.9932729076785072,2.8000000000000034,-0.7000000000000015,-0.0067270923214928224
20260907_153232,4,0.2,20.400000000000002,2.7200000000000033,-0.6400000000000015,0.9943099447155442,2.7200000000000033,-0.6400000000000015,-0.005690055284455764
20260907_153232,4,0.2,20.5,2.6400000000000032,-0.5800000000000014,0.9953469817525813,2.6400000000000032,-0.5800000000000014,-0.004653018247418705
20260907_153232,4,0.2,20.6,2.560000000000003,-0.5200000000000014,0.9963840187896184,2.560000000000003,-0.5200000000000014,-0.003615981210381647
20260907_153232,4,0.2,20.700000000000003,2.480000000000003,-0.46000000000000135,0.9974210558266554,2.480000000000003,-0.46000000000000135,-0.0025789441733445884
20260907_153232,4,0.2,20.8,2.400000000000003,-0.40000000000000135,0.9984580928636925,2.400000000000003,-0.40000000000000135,-0.0015419071363075298
20260907_153232,4,0.2,20.900000000000002,2.320000000000003,-0.34000000000000136,0.9994951299007295,2.320000000000003,-0.34000000000000136,-0.0005048700992704713
20260907_153232,4,0.2,21.0,2.240000000000003,-0.28000000000000136,1.0005321669377665,2.240000000000003,-0.28000000000000136,0.0005321669377664762
20260907_153232,4,0.2,21.1,2.160000000000003,-0.22000000000000136,1.0015692039748034,2.160000000000003,-0.22000000000000136,0.0015692039748034237
20260907_153232,4,0.2,21.200000000000003,2.0800000000000027,-0.16000000000000136,1.0026062410118404,2.0800000000000027,-0.16000000000000136,0.002606241011840371
20260907_153232,4,0.2,21.3,2.0000000000000027,-0.10000000000000135,1.0036432780488773,2.0000000000000027,-0.10000000000000135,0.0036432780488773187
20260907_153232,4,0.2,21.400000000000002,1.9200000000000026,-0.04000000000000134,1.0046803150859143,1.9200000000000026,-0.04000000000000134,0.004680315085914266
20260907_153232,4,0.2,21.5,1.8400000000000025,0.01999999999999867,1.0057173521229512,1.8400000000000025,0.01999999999999867,0.005717352122951214
20260907_153232,4,0.2,21.6,1.7600000000000025,0.07999999999999868,1.0067543891599882,1.7600000000000025,0.07999999999999868,0.006754389159988161
20260907_153232,4,0.2,21.700000000000003,1.6800000000000024,0.13999999999999868,1.007791426197025,1.6800000000000024,0.13999999999999868,0.007791426197025109
20260907_153232,4,0.2,21.8,1.6000000000000023,0.19999999999999868,1.008828463234062,1.6000000000000023,0.19999999999999868,0.008828463234062056
20260907_153232,4,0.2,21.900000000000002,1.5200000000000022,0.2599999999999987,1.009865500271099,1.5200000000000022,0.2599999999999987,0.009865500271099004
20260907_153232,4,0.2,22.0,1.4400000000000022,0.3199999999999987,1.010902537308136,1.4400000000000022,0.3199999999999987,0.010902537308135951
20260907_153232,4,0.2,22.1,1.360000000000002,0.37999999999999867,1.011939574345173,1.360000000000002,0.37999999999999867,0.011939574345172899
20260907_153232,4,0.2,22.200000000000003,1.280000000000002,0.43999999999999867,1.0129766113822098,1.280000000000002,0.43999999999999867,0.012976611382209846
20260907_153232,4,0.2,22.3,1.200000000000002,0.49999999999999867,1.0140136484192468,1.200000000000002,0.49999999999999867,0.014013648419246794
20260907_153232,4,0.2,22.400000000000002,1.1200000000000019,0.5599999999999987,1.0150506854562837,1.1200000000000019,0.5599999999999987,0.015050685456283741
20260907_153232,4,0.2,22.5,1.0400000000000018,0.6199999999999988,1.0160877224933207,1.0400000000000018,0.6199999999999988,0.01608772249332069
20260907_153232,4,0.2,22.6,0.9600000000000017,0.6799999999999988,1.0171247595303576,0.9600000000000017,0.6799999999999988,0.017124759530357636
