run_id,trial_id,kp,time,x,y,z,error_x,error_y,error_z
20260827_112652,1,0.2,0.1,-100.0,100.0,1.5,-100.0,100.0,0.5
20260827_112652,1,0.2,0.2,-100.0,100.0,1.5,-100.0,100.0,0.5
20260827_112652,1,0.2,0.30000000000000004,-100.0,100.0,1.5,-100.0,100.0,0.5
20260827_112652,1,0.2,0.4,-98.0,98.0,1.4905747126436781,-98.0,98.0,0.49057471264367813
20260827_112652,1,0.2,0.5,-96.04,96.04,1.4811494252873563,-96.04,96.04,0.48114942528735627
20260827_112652,1,0.2,0.6000000000000001,-94.10000000000001,94.12,1.472385380343536,-94.10000000000001,94.12,0.47238538034353605
20260827_112652,1,0.2,0.7000000000000001,-92.2,92.24000000000001,1.4636213353997158,-92.2,92.24000000000001,0.46362133539971584
20260827_112652,1,0.2,0.8,-90.34,90.4,1.4548572904558956,-90.34,90.4,0.4548572904558956
20260827_112652,1,0.2,0.9,-88.52000000000001,88.60000000000001,1.4460932455120754,-88.52000000000001,88.60000000000001,0.4460932455120754
20260827_112652,1,0.2,1.0,-86.74000000000001,86.84,1.4379613773802074,-86.74000000000001,86.84,0.43796137738020735
20260827_112652,1,0.2,1.1,-85.00000000000001,85.12,1.4298295092483393,-85.00000000000001,85.12,0.4298295092483393
20260827_112652,1,0.2,1.2000000000000002,-83.30000000000001,83.42,1.4216976411164712,-83.30000000000001,83.42,0.42169764111647123
20260827_112652,1,0.2,1.3,-81.62,81.76,1.414170759396041,-81.62,81.76,0.4141707593960411
20260827_112652,1,0.2,1.4000000000000001,-79.98,80.14,1.406643877675611,-79.98,80.14,0.40664387767561094
20260827_112652,1,0.2,1.5,-78.38000000000001,78.54,1.3991169959551808,-78.38000000000001,78.54,0.3991169959551808
20260827_112652,1,0.2,1.6,-76.80000000000001,76.98,1.3915901142347507,-76.80000000000001,76.98,0.39159011423475065
20260827_112652,1,0.2,1.7000000000000002,-75.26,75.46000000000001,1.3840632325143205,-75.26,75.46000000000001,0.3840632325143205
20260827_112652,1,0.2,1.8,-73.74000000000001,73.96000000000001,1.377115864093268,-73.74000000000001,73.96000000000001,0.3771158640932679
20260827_112652,1,0.2,1.9000000000000001,-72.26,72.50000000000001,1.3701684956722153,-72.26,72.50000000000001,0.3701684956722153
20260827_112652,1,0.2,2.0,-70.80000000000001,71.06000000000002,1.3632211272511627,-70.80000000000001,71.06000000000002,0.36322112725116273
20260827_112652,1,0.2,2.1,-69.38000000000001,69.64000000000001,1.3562737588301101,-69.38000000000001,69.64000000000001,0.35627375883011014
20260827_112652,1,0.2,2.2,-67.98,68.26000000000002,1.3498820062527905,-67.98,68.26000000000002,0.34988200625279053
20260827_112652,1,0.2,2.3000000000000003,-66.62,66.90000000000002,1.343490253675471,-66.62,66.90000000000002,0.3434902536754709
20260827_112652,1,0.2,2.4000000000000004,-65.28,65.58000000000001,1.3370985010981513,-65.28,65.58000000000001,0.3370985010981513
20260827_112652,1,0.2,2.5,-63.96,64.28000000000002,1.3307067485208317,-63.96,64.28000000000002,0.3307067485208317
20260827_112652,1,0.2,2.6,-62.68,63.000000000000014,1.324848162662246,-62.68,63.000000000000014,0.3248481626622459
20260827_112652,1,0.2,2.7,-61.42,61.740000000000016,1.3189895768036601,-61.42,61.740000000000016,0.31898957680366014
20260827_112652,1,0.2,2.8000000000000003,-60.18,60.52000000000002,1.3131309909450744,-60.18,60.52000000000002,0.31313099094507435
20260827_112652,1,0.2,2.9000000000000004,-58.96,59.320000000000014,1.3072724050864886,-58.96,59.320000000000014,0.30727240508648856
20260827_112652,1,0.2,3.0,-57.78,58.140000000000015,1.3014138192279028,-57.78,58.140000000000015,0.3014138192279028
20260827_112652,1,0.2,3.1,-56.620000000000005,56.98000000000002,1.2960672845744374,-56.620000000000005,56.98000000000002,0.29606728457443743
20260827_112652,1,0.2,3.2,-55.480000000000004,55.86000000000002,1.290720749920972,-55.480000000000004,55.86000000000002,0.2907207499209721
20260827_112652,1,0.2,3.3000000000000003,-54.36000000000001,54.76000000000002,1.2853742152675067,-54.36000000000001,54.76000000000002,0.2853742152675067
20260827_112652,1,0.2,3.4000000000000004,-53.260000000000005,53.68000000000002,1.2800276806140414,-53.260000000000005,53.68000000000002,0.2800276806140414
20260827_112652,1,0.2,3.5,-52.18000000000001,52.62000000000002,1.274681145960576,-52.18000000000001,52.62000000000002,0.274681145960576
20260827_112652,1,0.2,3.6,-51.120000000000005,51.58000000000002,1.2698267770285372,-51.120000000000005,51.58000000000002,0.2698267770285372
20260827_112652,1,0.2,3.7,-50.080000000000005,50.56000000000002,1.2649724080964984,-50.080000000000005,50.56000000000002,0.26497240809649836
20260827_112652,1,0.2,3.8000000000000003,-49.06,49.56000000000002,1.2601180391644595,-49.06,49.56000000000002,0.2601180391644595
20260827_112652,1,0.2,3.9000000000000004,-48.06,48.58000000000002,1.2552636702324207,-48.06,48.58000000000002,0.2552636702324207
20260827_112652,1,0.2,4.0,-47.080000000000005,47.62000000000002,1.2504093013003819,-47.080000000000005,47.62000000000002,0.25040930130038186
20260827_112652,1,0.2,4.1000000000000005,-46.120000000000005,46.68000000000002,1.2460283489194295,-46.120000000000005,46.68000000000002,0.24602834891942948
20260827_112652,1,0.2,4.2,-45.18000000000001,45.76000000000002,1.241647396538477,-45.18000000000001,45.76000000000002,0.2416473965384771
20260827_112652,1,0.2,4.3,-44.260000000000005,44.86000000000002,1.2372664441575247,-44.260000000000005,44.86000000000002,0.23726644415752474
20260827_112652,1,0.2,4.4,-43.36000000000001,43.98000000000002,1.2328854917765724,-43.36000000000001,43.98000000000002,0.23288549177657236
20260827_112652,1,0.2,4.5,-42.480000000000004,43.12000000000002,1.22850453939562,-42.480000000000004,43.12000000000002,0.22850453939562
20260827_112652,1,0.2,4.6000000000000005,-41.620000000000005,42.26000000000002,1.2245793057507601,-41.620000000000005,42.26000000000002,0.22457930575076013
20260827_112652,1,0.2,4.7,-40.78,41.420000000000016,1.2206540721059003,-40.78,41.420000000000016,0.22065407210590027
20260827_112652,1,0.2,4.800000000000001,-39.96,40.600000000000016,1.2167288384610404,-39.96,40.600000000000016,0.2167288384610404
20260827_112652,1,0.2,4.9,-39.160000000000004,39.80000000000002,1.2128036048161805,-39.160000000000004,39.80000000000002,0.21280360481618055
20260827_112652,1,0.2,5.0,-38.36000000000001,39.02000000000002,1.2088783711713207,-38.36000000000001,39.02000000000002,0.2088783711713207
20260827_112652,1,0.2,5.1000000000000005,-37.580000000000005,38.240000000000016,1.2049531375264608,-37.580000000000005,38.240000000000016,0.20495313752646083
20260827_112652,1,0.2,5.2,-36.82000000000001,37.48000000000002,1.2014668989943507,-36.82000000000001,37.48000000000002,0.20146689899435066
20260827_112652,1,0.2,5.300000000000001,-36.080000000000005,36.740000000000016,1.1979806604622405,-36.080000000000005,36.740000000000016,0.1979806604622405
20260827_112652,1,0.2,5.4,-35.34,36.02000000000002,1.1944944219301303,-35.34,36.02000000000002,0.19449442193013033
20260827_112652,1,0.2,5.5,-34.620000000000005,35.30000000000002,1.1910081833980202,-34.620000000000005,35.30000000000002,0.19100818339802017
20260827_112652,1,0.2,5.6000000000000005,-33.92,34.600000000000016,1.18752194486591,-33.92,34.600000000000016,0.18752194486591
20260827_112652,1,0.2,5.7,-33.24,33.920000000000016,1.1840357063337998,-33.24,33.920000000000016,0.18403570633379984
20260827_112652,1,0.2,5.800000000000001,-32.56,33.26000000000002,1.1809726432707368,-32.56,33.26000000000002,0.1809726432707368
20260827_112652,1,0.2,5.9,-31.900000000000002,32.60000000000002,1.1779095802076738,-31.900000000000002,32.60000000000002,0.17790958020767378
20260827_112652,1,0.2,6.0,-31.26,31.960000000000022,1.1748465171446107,-31.26,31.960000000000022,0.17484651714461075
20260827_112652,1,0.2,6.1000000000000005,-30.62,31.34000000000002,1.1717834540815477,-30.62,31.34000000000002,0.17178345408154772
20260827_112652,1,0.2,6.2,-30.0,30.72000000000002,1.1687203910184847,-30.0,30.72000000000002,0.16872039101848468
20260827_112652,1,0.2,6.300000000000001,-29.4,30.12000000000002,1.1656573279554217,-29.4,30.12000000000002,0.16565732795542165
20260827_112652,1,0.2,6.4,-28.799999999999997,29.520000000000017,1.1625942648923586,-28.799999999999997,29.520000000000017,0.16259426489235862
20260827_112652,1,0.2,6.5,-28.22,28.94000000000002,1.1599393976357215,-28.22,28.94000000000002,0.15993939763572151
20260827_112652,1,0.2,6.6000000000000005,-27.64,28.38000000000002,1.1572845303790844,-27.64,28.38000000000002,0.1572845303790844
20260827_112652,1,0.2,6.7,-27.080000000000002,27.82000000000002,1.1546296631224473,-27.080000000000002,27.82000000000002,0.1546296631224473
20260827_112652,1,0.2,6.800000000000001,-26.520000000000003,27.280000000000022,1.1519747958658102,-26.520000000000003,27.280000000000022,0.1519747958658102
20260827_112652,1,0.2,6.9,-25.980000000000004,26.740000000000023,1.149319928609173,-25.980000000000004,26.740000000000023,0.1493199286091731
20260827_112652,1,0.2,7.0,-25.460000000000004,26.220000000000024,1.146665061352536,-25.460000000000004,26.220000000000024,0.14666506135253599
20260827_112652,1,0.2,7.1000000000000005,-24.940000000000005,25.700000000000024,1.1440101940958989,-24.940000000000005,25.700000000000024,0.14401019409589888
20260827_112652,1,0.2,7.2,-24.440000000000005,25.200000000000024,1.1413553268392618,-24.440000000000005,25.200000000000024,0.14135532683926177
20260827_112652,1,0.2,7.300000000000001,-23.940000000000005,24.700000000000024,1.1390944572740445,-23.940000000000005,24.700000000000024,0.13909445727404446
20260827_112652,1,0.2,7.4,-23.460000000000004,24.220000000000024,1.1368335877088271,-23.460000000000004,24.220000000000024,0.13683358770882714
20260827_112652,1,0.2,7.5,-22.980000000000004,23.740000000000023,1.1345727181436098,-22.980000000000004,23.740000000000023,0.13457271814360983
20260827_112652,1,0.2,7.6000000000000005,-22.520000000000003,23.280000000000022,1.1323118485783925,-22.520000000000003,23.280000000000022,0.1323118485783925
20260827_112652,1,0.2,7.7,-22.060000000000002,22.82000000000002,1.1300509790131752,-22.060000000000002,22.82000000000002,0.1300509790131752
20260827_112652,1,0.2,7.800000000000001,-21.6,22.38000000000002,1.1277901094479579,-21.6,22.38000000000002,0.12779010944795788
20260827_112652,1,0.2,7.9,-21.16,21.94000000000002,1.1255292398827406,-21.16,21.94000000000002,0.12552923988274056
20260827_112652,1,0.2,8.0,-20.72,21.520000000000017,1.1232683703175232,-20.72,21.520000000000017,0.12326837031752325
20260827_112652,1,0.2,8.1,-20.299999999999997,21.100000000000016,1.121007500752306,-20.299999999999997,21.100000000000016,0.12100750075230593
20260827_112652,1,0.2,8.200000000000001,-19.879999999999995,20.680000000000014,1.119127158871964,-19.879999999999995,20.680000000000014,0.11912715887196401
20260827_112652,1,0.2,8.3,-19.479999999999997,20.280000000000015,1.117246816991622,-19.479999999999997,20.280000000000015,0.1172468169916221
20260827_112652,1,0.2,8.4,-19.08,19.880000000000017,1.1153664751112802,-19.08,19.880000000000017,0.11536647511128018
20260827_112652,1,0.2,8.5,-18.68,19.500000000000018,1.1134861332309383,-18.68,19.500000000000018,0.11348613323093826
20260827_112652,1,0.2,8.6,-18.3,19.12000000000002,1.1116057913505963,-18.3,19.12000000000002,0.11160579135059634
20260827_112652,1,0.2,8.700000000000001,-17.92,18.74000000000002,1.1097254494702544,-17.92,18.74000000000002,0.10972544947025442
20260827_112652,1,0.2,8.8,-17.560000000000002,18.38000000000002,1.1078451075899125,-17.560000000000002,18.38000000000002,0.1078451075899125
20260827_112652,1,0.2,8.9,-17.200000000000003,18.02000000000002,1.1059647657095706,-17.200000000000003,18.02000000000002,0.10596476570957059
20260827_112652,1,0.2,9.0,-16.840000000000003,17.66000000000002,1.1040844238292287,-16.840000000000003,17.66000000000002,0.10408442382922867
20260827_112652,1,0.2,9.1,-16.500000000000004,17.32000000000002,1.1022040819488867,-16.500000000000004,17.32000000000002,0.10220408194888675
20260827_112652,1,0.2,9.200000000000001,-16.160000000000004,16.98000000000002,1.1006914769068699,-16.160000000000004,16.98000000000002,0.10069147690686986
20260827_112652,1,0.2,9.3,-15.820000000000004,16.66000000000002,1.099178871864853,-15.820000000000004,16.66000000000002,0.09917887186485297
20260827_112652,1,0.2,9.4,-15.500000000000004,16.34000000000002,1.097666266822836,-15.500000000000004,16.34000000000002,0.09766626682283608
20260827_112652,1,0.2,9.5,-15.180000000000003,16.02000000000002,1.0961536617808192,-15.180000000000003,16.02000000000002,0.09615366178081919
20260827_112652,1,0.2,9.600000000000001,-14.860000000000003,15.70000000000002,1.0946410567388023,-14.860000000000003,15.70000000000002,0.0946410567388023
20260827_112652,1,0.2,9.700000000000001,-14.560000000000002,15.40000000000002,1.0931284516967854,-14.560000000000002,15.40000000000002,0.09312845169678541
20260827_112652,1,0.2,9.8,-14.260000000000002,15.10000000000002,1.0916158466547685,-14.260000000000002,15.10000000000002,0.09161584665476852
20260827_112652,1,0.2,9.9,-13.96,14.800000000000018,1.0901032416127516,-13.96,14.800000000000018,0.09010324161275163
20260827_112652,1,0.2,10.0,-13.680000000000001,14.52000000000002,1.0885906365707347,-13.680000000000001,14.52000000000002,0.08859063657073474
20260827_112652,1,0.2,10.100000000000001,-13.400000000000002,14.24000000000002,1.0870780315287178,-13.400000000000002,14.24000000000002,0.08707803152871785
20260827_112652,1,0.2,10.200000000000001,-13.120000000000003,13.96000000000002,1.085565426486701,-13.120000000000003,13.96000000000002,0.08556542648670096
20260827_112652,1,0.2,10.3,-12.840000000000003,13.70000000000002,1.084052821444684,-12.840000000000003,13.70000000000002,0.08405282144468407
20260827_112652,1,0.2,10.4,-12.580000000000004,13.44000000000002,1.0828957966512955,-12.580000000000004,13.44000000000002,0.08289579665129554
20260827_112652,1,0.2,10.5,-12.320000000000004,13.180000000000021,1.081738771857907,-12.320000000000004,13.180000000000021,0.08173877185790701
20260827_112652,1,0.2,10.600000000000001,-12.060000000000004,12.920000000000021,1.0805817470645185,-12.060000000000004,12.920000000000021,0.08058174706451848
20260827_112652,1,0.2,10.700000000000001,-11.800000000000004,12.680000000000021,1.07942472227113,-11.800000000000004,12.680000000000021,0.07942472227112995
20260827_112652,1,0.2,10.8,-11.560000000000004,12.44000000000002,1.0782676974777414,-11.560000000000004,12.44000000000002,0.07826769747774143
20260827_112652,1,0.2,10.9,-11.320000000000004,12.20000000000002,1.077110672684353,-11.320000000000004,12.20000000000002,0.0771106726843529
20260827_112652,1,0.2,11.0,-11.080000000000004,11.96000000000002,1.0759536478909644,-11.080000000000004,11.96000000000002,0.07595364789096437
20260827_112652,1,0.2,11.100000000000001,-10.840000000000003,11.74000000000002,1.0747966230975758,-10.840000000000003,11.74000000000002,0.07479662309757584
20260827_112652,1,0.2,11.200000000000001,-10.620000000000003,11.52000000000002,1.0736395983041873,-10.620000000000003,11.52000000000002,0.07363959830418731
20260827_112652,1,0.2,11.3,-10.400000000000002,11.300000000000018,1.0724825735107988,-10.400000000000002,11.300000000000018,0.07248257351079879
20260827_112652,1,0.2,11.4,-10.180000000000001,11.080000000000018,1.0713255487174103,-10.180000000000001,11.080000000000018,0.07132554871741026
20260827_112652,1,0.2,11.5,-9.96,10.860000000000017,1.0701685239240217,-9.96,10.860000000000017,0.07016852392402173
20260827_112652,1,0.2,11.600000000000001,-9.760000000000002,10.660000000000018,1.0690114991306332,-9.760000000000002,10.660000000000018,0.0690114991306332
20260827_112652,1,0.2,11.700000000000001,-9.560000000000002,10.460000000000019,1.0678544743372447,-9.560000000000002,10.460000000000019,0.06785447433724467
20260827_112652,1,0.2,11.8,-9.360000000000003,10.26000000000002,1.0666974495438561,-9.360000000000003,10.26000000000002,0.06669744954385615
20260827_112652,1,0.2,11.9,-9.160000000000004,10.06000000000002,1.0655404247504676,-9.160000000000004,10.06000000000002,0.06554042475046762
20260827_112652,1,0.2,12.0,-8.960000000000004,9.86000000000002,1.0647274166203864,-8.960000000000004,9.86000000000002,0.06472741662038639
20260827_112652,1,0.2,12.100000000000001,-8.780000000000005,9.680000000000021,1.0639144084903052,-8.780000000000005,9.680000000000021,0.06391440849030516
20260827_112652,1,0.2,12.200000000000001,-8.600000000000005,9.500000000000021,1.063101400360224,-8.600000000000005,9.500000000000021,0.06310140036022394
20260827_112652,1,0.2,12.3,-8.420000000000005,9.320000000000022,1.0622883922301427,-8.420000000000005,9.320000000000022,0.06228839223014271
20260827_112652,1,0.2,12.4,-8.240000000000006,9.140000000000022,1.0614753841000615,-8.240000000000006,9.140000000000022,0.06147538410006148
20260827_112652,1,0.2,12.5,-8.060000000000006,8.960000000000022,1.0606623759699803,-8.060000000000006,8.960000000000022,0.06066237596998025
20260827_112652,1,0.2,12.600000000000001,-7.880000000000006,8.800000000000022,1.059849367839899,-7.880000000000006,8.800000000000022,0.059849367839899026
20260827_112652,1,0.2,12.700000000000001,-7.720000000000006,8.640000000000022,1.0590363597098178,-7.720000000000006,8.640000000000022,0.0590363597098178
20260827_112652,1,0.2,12.8,-7.560000000000006,8.480000000000022,1.0582233515797366,-7.560000000000006,8.480000000000022,0.05822335157973657
20260827_112652,1,0.2,12.9,-7.400000000000006,8.320000000000022,1.0574103434496553,-7.400000000000006,8.320000000000022,0.05741034344965534
20260827_112652,1,0.2,13.0,-7.2400000000000055,8.160000000000021,1.0565973353195741,-7.2400000000000055,8.160000000000021,0.056597335319574116
20260827_112652,1,0.2,13.100000000000001,-7.080000000000005,8.000000000000021,1.0557843271894929,-7.080000000000005,8.000000000000021,0.05578432718949289
20260827_112652,1,0.2,13.200000000000001,-6.920000000000005,7.840000000000021,1.0549713190594117,-6.920000000000005,7.840000000000021,0.05497131905941166
20260827_112652,1,0.2,13.3,-6.780000000000006,7.7000000000000215,1.0541583109293304,-6.780000000000006,7.7000000000000215,0.05415831092933043
20260827_112652,1,0.2,13.4,-6.640000000000006,7.560000000000022,1.0533453027992492,-6.640000000000006,7.560000000000022,0.053345302799249206
20260827_112652,1,0.2,13.5,-6.500000000000006,7.420000000000022,1.052532294669168,-6.500000000000006,7.420000000000022,0.05253229466916798
20260827_112652,1,0.2,13.600000000000001,-6.3600000000000065,7.2800000000000225,1.0517192865390868,-6.3600000000000065,7.2800000000000225,0.05171928653908675
20260827_112652,1,0.2,13.700000000000001,-6.220000000000007,7.140000000000023,1.0509062784090055,-6.220000000000007,7.140000000000023,0.05090627840900552
20260827_112652,1,0.2,13.8,-6.080000000000007,7.000000000000023,1.0500932702789243,-6.080000000000007,7.000000000000023,0.050093270278924296
20260827_112652,1,0.2,13.9,-5.9400000000000075,6.860000000000023,1.049280262148843,-5.9400000000000075,6.860000000000023,0.04928026214884307
20260827_112652,1,0.2,14.0,-5.820000000000007,6.740000000000023,1.0484672540187618,-5.820000000000007,6.740000000000023,0.04846725401876184
20260827_112652,1,0.2,14.100000000000001,-5.700000000000007,6.620000000000023,1.0479872540187618,-5.700000000000007,6.620000000000023,0.047987254018761805
20260827_112652,1,0.2,14.200000000000001,-5.580000000000007,6.500000000000023,1.0475072540187618,-5.580000000000007,6.500000000000023,0.04750725401876177
20260827_112652,1,0.2,14.3,-5.460000000000007,6.380000000000023,1.0470272540187617,-5.460000000000007,6.380000000000023,0.04702725401876173
20260827_112652,1,0.2,14.4,-5.340000000000007,6.260000000000023,1.0465472540187617,-5.340000000000007,6.260000000000023,0.0465472540187617
20260827_112652,1,0.2,14.5,-5.220000000000007,6.140000000000023,1.0460672540187617,-5.220000000000007,6.140000000000023,0.04606725401876166
20260827_112652,1,0.2,14.600000000000001,-5.100000000000007,6.020000000000023,1.0455872540187616,-5.100000000000007,6.020000000000023,0.045587254018761625
20260827_112652,1,0.2,14.700000000000001,-4.980000000000007,5.900000000000023,1.0451072540187616,-4.980000000000007,5.900000000000023,0.04510725401876159
20260827_112652,1,0.2,14.8,-4.8600000000000065,5.7800000000000225,1.0446272540187616,-4.8600000000000065,5.7800000000000225,0.04462725401876155
20260827_112652,1,0.2,14.9,-4.740000000000006,5.660000000000022,1.0441472540187615,-4.740000000000006,5.660000000000022,0.04414725401876152
20260827_112652,1,0.2,15.0,-4.620000000000006,5.540000000000022,1.0436672540187615,-4.620000000000006,5.540000000000022,0.04366725401876148
20260827_112652,1,0.2,15.100000000000001,-4.500000000000006,5.420000000000022,1.0431872540187614,-4.500000000000006,5.420000000000022,0.043187254018761445
20260827_112652,1,0.2,15.200000000000001,-4.380000000000006,5.300000000000022,1.0427072540187614,-4.380000000000006,5.300000000000022,0.04270725401876141
20260827_112652,1,0.2,15.3,-4.260000000000006,5.180000000000022,1.0422272540187614,-4.260000000000006,5.180000000000022,0.04222725401876137
20260827_112652,1,0.2,15.4,-4.140000000000006,5.060000000000022,1.0417472540187613,-4.140000000000006,5.060000000000022,0.04174725401876134
20260827_112652,1,0.2,15.5,-4.020000000000006,4.940000000000022,1.0412672540187613,-4.020000000000006,4.940000000000022,0.0412672540187613
20260827_112652,1,0.2,15.600000000000001,-3.9000000000000057,4.820000000000022,1.0407872540187613,-3.9000000000000057,4.820000000000022,0.040787254018761265
20260827_112652,1,0.2,15.700000000000001,-3.7800000000000056,4.7000000000000215,1.0403072540187612,-3.7800000000000056,4.7000000000000215,0.04030725401876123
20260827_112652,1,0.2,15.8,-3.6600000000000055,4.580000000000021,1.0398272540187612,-3.6600000000000055,4.580000000000021,0.03982725401876119
20260827_112652,1,0.2,15.9,-3.5400000000000054,4.460000000000021,1.0393472540187612,-3.5400000000000054,4.460000000000021,0.03934725401876116
20260827_112652,1,0.2,16.0,-3.4200000000000053,4.340000000000021,1.0388672540187611,-3.4200000000000053,4.340000000000021,0.03886725401876112
20260827_112652,1,0.2,16.1,-3.300000000000005,4.220000000000021,1.038387254018761,-3.300000000000005,4.220000000000021,0.038387254018761086
20260827_112652,1,0.2,16.2,-3.180000000000005,4.100000000000021,1.037907254018761,-3.180000000000005,4.100000000000021,0.03790725401876105
20260827_112652,1,0.2,16.3,-3.060000000000005,3.980000000000021,1.037427254018761,-3.060000000000005,3.980000000000021,0.037427254018761014
20260827_112652,1,0.2,16.400000000000002,-2.940000000000005,3.8600000000000207,1.036947254018761,-2.940000000000005,3.8600000000000207,0.03694725401876098
20260827_112652,1,0.2,16.5,-2.8200000000000047,3.7400000000000206,1.036467254018761,-2.8200000000000047,3.7400000000000206,0.03646725401876094
20260827_112652,1,0.2,16.6,-2.7000000000000046,3.6200000000000205,1.035987254018761,-2.7000000000000046,3.6200000000000205,0.035987254018760906
20260827_112652,1,0.2,16.7,-2.5800000000000045,3.5000000000000204,1.0355072540187609,-2.5800000000000045,3.5000000000000204,0.03550725401876087
20260827_112652,1,0.2,16.8,-2.4600000000000044,3.3800000000000203,1.0350272540187608,-2.4600000000000044,3.3800000000000203,0.035027254018760834
20260827_112652,1,0.2,16.900000000000002,-2.3400000000000043,3.26000000000002,1.0345472540187608,-2.3400000000000043,3.26000000000002,0.0345472540187608
20260827_112652,1,0.2,17.0,-2.220000000000004,3.14000000000002,1.0340672540187608,-2.220000000000004,3.14000000000002,0.03406725401876076
20260827_112652,1,0.2,17.1,-2.100000000000004,3.02000000000002,1.0335872540187607,-2.100000000000004,3.02000000000002,0.033587254018760726
20260827_112652,1,0.2,17.2,-1.980000000000004,2.90000000000002,1.0331072540187607,-1.980000000000004,2.90000000000002,0.03310725401876069
20260827_112652,1,0.2,17.3,-1.8600000000000039,2.78000000000002,1.0326272540187607,-1.8600000000000039,2.78000000000002,0.032627254018760654
20260827_112652,1,0.2,17.400000000000002,-1.7400000000000038,2.6600000000000197,1.0321472540187606,-1.7400000000000038,2.6600000000000197,0.03214725401876062
20260827_112652,1,0.2,17.5,-1.6200000000000037,2.5400000000000196,1.0316672540187606,-1.6200000000000037,2.5400000000000196,0.03166725401876058
20260827_112652,1,0.2,17.6,-1.5000000000000036,2.4200000000000195,1.0311872540187605,-1.5000000000000036,2.4200000000000195,0.031187254018760546
20260827_112652,1,0.2,17.7,-1.3800000000000034,2.3000000000000194,1.0307072540187605,-1.3800000000000034,2.3000000000000194,0.03070725401876051
20260827_112652,1,0.2,17.8,-1.2600000000000033,2.1800000000000193,1.0302272540187605,-1.2600000000000033,2.1800000000000193,0.030227254018760474
20260827_112652,1,0.2,17.900000000000002,-1.1400000000000032,2.060000000000019,1.0297472540187604,-1.1400000000000032,2.060000000000019,0.02974725401876044
20260827_112652,1,0.2,18.0,-1.0200000000000031,1.940000000000019,1.0292672540187604,-1.0200000000000031,1.940000000000019,0.029267254018760402
20260827_112652,1,0.2,18.1,-0.9000000000000031,1.820000000000019,1.0287872540187604,-0.9000000000000031,1.820000000000019,0.028787254018760366
20260827_112652,1,0.2,18.2,-0.7800000000000031,1.7000000000000188,1.0283072540187603,-0.7800000000000031,1.7000000000000188,0.02830725401876033
20260827_112652,1,0.2,18.3,-0.6600000000000031,1.5800000000000187,1.0278272540187603,-0.6600000000000031,1.5800000000000187,0.027827254018760295
20260827_112652,1,0.2,18.400000000000002,-0.5400000000000031,1.4600000000000186,1.0273472540187603,-0.5400000000000031,1.4600000000000186,0.02734725401876026
20260827_112652,1,0.2,18.5,-0.42000000000000315,1.3400000000000185,1.0268672540187602,-0.42000000000000315,1.3400000000000185,0.026867254018760223
20260827_112652,1,0.2,18.6,-0.30000000000000315,1.2200000000000184,1.0263872540187602,-0.30000000000000315,1.2200000000000184,0.026387254018760187
20260827_112652,1,0.2,18.7,-0.18000000000000313,1.1000000000000183,1.0259072540187602,-0.18000000000000313,1.1000000000000183,0.02590725401876015
20260827_112652,1,0.2,18.8,-0.060000000000003106,0.9800000000000183,1.0254272540187601,-0.060000000000003106,0.9800000000000183,0.025427254018760115
20260827_112817,1,0.2,0.1,-100.0,100.0,1.5,-100.0,100.0,0.5
20260827_112817,1,0.2,0.2,-100.0,100.0,1.5,-100.0,100.0,0.5
20260827_112817,1,0.2,0.30000000000000004,-98.0,98.0,1.4905747126436781,-98.0,98.0,0.49057471264367813
20260827_112817,1,0.2,0.4,-96.04,96.04,1.4811494252873563,-96.04,96.04,0.48114942528735627
20260827_112817,1,0.2,0.5,-94.10000000000001,94.12,1.472385380343536,-94.10000000000001,94.12,0.47238538034353605
20260827_112817,1,0.2,0.6000000000000001,-92.2,92.24000000000001,1.4636213353997158,-92.2,92.24000000000001,0.46362133539971584
20260827_112817,1,0.2,0.7000000000000001,-90.34,90.4,1.4548572904558956,-90.34,90.4,0.4548572904558956
20260827_112817,1,0.2,0.8,-88.52000000000001,88.60000000000001,1.4460932455120754,-88.52000000000001,88.60000000000001,0.4460932455120754
20260827_112817,1,0.2,0.9,-86.74000000000001,86.84,1.4379613773802074,-86.74000000000001,86.84,0.43796137738020735
20260827_112817,1,0.2,1.0,-85.00000000000001,85.12,1.4298295092483393,-85.00000000000001,85.12,0.4298295092483393
20260827_112817,1,0.2,1.1,-83.30000000000001,83.42,1.4216976411164712,-83.30000000000001,83.42,0.42169764111647123
20260827_112817,1,0.2,1.2000000000000002,-81.62,81.76,1.414170759396041,-81.62,81.76,0.4141707593960411
20260827_112817,1,0.2,1.3,-79.98,80.14,1.406643877675611,-79.98,80.14,0.40664387767561094
20260827_112817,1,0.2,1.4000000000000001,-78.38000000000001,78.54,1.3991169959551808,-78.38000000000001,78.54,0.3991169959551808
20260827_112817,1,0.2,1.5,-76.80000000000001,76.98,1.3915901142347507,-76.80000000000001,76.98,0.39159011423475065
20260827_112817,1,0.2,1.6,-75.26,75.46000000000001,1.3840632325143205,-75.26,75.46000000000001,0.3840632325143205
20260827_112817,1,0.2,1.7000000000000002,-73.74000000000001,73.96000000000001,1.377115864093268,-73.74000000000001,73.96000000000001,0.3771158640932679
20260827_112817,1,0.2,1.8,-72.26,72.50000000000001,1.3701684956722153,-72.26,72.50000000000001,0.3701684956722153
20260827_112817,1,0.2,1.9000000000000001,-70.80000000000001,71.06000000000002,1.3632211272511627,-70.80000000000001,71.06000000000002,0.36322112725116273
20260827_112817,1,0.2,2.0,-69.38000000000001,69.64000000000001,1.3562737588301101,-69.38000000000001,69.64000000000001,0.35627375883011014
20260827_112817,1,0.2,2.1,-67.98,68.26000000000002,1.3498820062527905,-67.98,68.26000000000002,0.34988200625279053
20260827_114114,1,0.2,0.1,-100.0,100.0,1.5,-100.0,100.0,0.5
20260827_114114,1,0.2,0.2,-100.0,100.0,1.5,-100.0,100.0,0.5
20260827_114114,1,0.2,0.30000000000000004,-98.0,98.0,1.4905747126436781,-98.0,98.0,0.49057471264367813
20260827_114114,1,0.2,0.4,-96.0,96.0,1.4811494252873563,-96.0,96.0,0.48114942528735627
20260827_114114,1,0.2,0.5,-94.04,94.04,1.4717241379310344,-94.04,94.04,0.4717241379310344
20260827_114114,1,0.2,0.6000000000000001,-92.12,92.12,1.4629600929872142,-92.12,92.12,0.4629600929872142
20260827_114114,1,0.2,0.7000000000000001,-90.22,90.24000000000001,1.454196048043394,-90.22,90.24000000000001,0.454196048043394
20260827_114114,1,0.2,0.8,-88.36,88.4,1.4454320030995738,-88.36,88.4,0.44543200309957376
20260827_114114,1,0.2,0.9,-86.54,86.60000000000001,1.4373001349677057,-86.54,86.60000000000001,0.4373001349677057
20260827_114114,1,0.2,1.0,-84.76,84.84,1.4291682668358376,-84.76,84.84,0.42916826683583764
20260827_114114,1,0.2,1.1,-83.02000000000001,83.12,1.4210363987039696,-83.02000000000001,83.12,0.4210363987039696
20260827_114114,1,0.2,1.2000000000000002,-81.32000000000001,81.44,1.4129045305721015,-81.32000000000001,81.44,0.4129045305721015
20260827_114114,1,0.2,1.3,-79.64,79.78,1.4053776488516714,-79.64,79.78,0.4053776488516714
20260827_114114,1,0.2,1.4000000000000001,-78.0,78.16,1.3978507671312412,-78.0,78.16,0.39785076713124123
20260827_114114,1,0.2,1.5,-76.4,76.58,1.390323885410811,-76.4,76.58,0.3903238854108111
20260827_114114,1,0.2,1.6,-74.84,75.02,1.382797003690381,-74.84,75.02,0.38279700369038094
20260827_114114,1,0.2,1.7000000000000002,-73.3,73.5,1.3758496352693284,-73.3,73.5,0.37584963526932835
20260827_114114,1,0.2,1.8,-71.8,72.0,1.3689022668482758,-71.8,72.0,0.36890226684827576
20260827_114114,1,0.2,1.9000000000000001,-70.32,70.54,1.3619548984272232,-70.32,70.54,0.36195489842722317
20260827_114114,1,0.2,2.0,-68.88,69.10000000000001,1.3550075300061706,-68.88,69.10000000000001,0.3550075300061706
20260827_114114,1,0.2,2.1,-67.46,67.7,1.348060161585118,-67.46,67.7,0.348060161585118
20260827_114114,1,0.2,2.2,-66.08,66.32000000000001,1.3416684090077984,-66.08,66.32000000000001,0.3416684090077984
20260827_114114,1,0.2,2.3000000000000003,-64.72,64.98,1.3352766564304788,-64.72,64.98,0.33527665643047877
20260827_114114,1,0.2,2.4000000000000004,-63.379999999999995,63.660000000000004,1.3288849038531592,-63.379999999999995,63.660000000000004,0.32888490385315916
20260827_114114,1,0.2,2.5,-62.08,62.38,1.3224931512758396,-62.08,62.38,0.32249315127583955
20260827_114114,1,0.2,2.6,-60.8,61.120000000000005,1.3166345654172538,-60.8,61.120000000000005,0.31663456541725377
20260827_114114,1,0.2,2.7,-59.54,59.88,1.310775979558668,-59.54,59.88,0.310775979558668
20260827_114114,1,0.2,2.8000000000000003,-58.32,58.660000000000004,1.3049173937000822,-58.32,58.660000000000004,0.3049173937000822
20260827_114114,1,0.2,2.9000000000000004,-57.12,57.480000000000004,1.2990588078414964,-57.12,57.480000000000004,0.2990588078414964
20260827_114114,1,0.2,3.0,-55.94,56.32000000000001,1.293712273188031,-55.94,56.32000000000001,0.29371227318803106
20260827_114114,1,0.2,3.1,-54.78,55.18000000000001,1.2883657385345657,-54.78,55.18000000000001,0.2883657385345657
20260827_114114,1,0.2,3.2,-53.660000000000004,54.06000000000001,1.2830192038811004,-53.660000000000004,54.06000000000001,0.28301920388110036
20260827_114114,1,0.2,3.3000000000000003,-52.56,52.96000000000001,1.277672669227635,-52.56,52.96000000000001,0.277672669227635
20260827_114114,1,0.2,3.4000000000000004,-51.480000000000004,51.88000000000001,1.2723261345741697,-51.480000000000004,51.88000000000001,0.27232613457416965
20260827_114114,1,0.2,3.5,-50.42,50.84000000000001,1.2674717656421308,-50.42,50.84000000000001,0.2674717656421308
20260827_114114,1,0.2,3.6,-49.38,49.82000000000001,1.262617396710092,-49.38,49.82000000000001,0.262617396710092
20260827_114114,1,0.2,3.7,-48.36,48.82000000000001,1.2577630277780532,-48.36,48.82000000000001,0.25776302777805316
20260827_114114,1,0.2,3.8000000000000003,-47.36,47.84000000000001,1.2529086588460143,-47.36,47.84000000000001,0.2529086588460143
20260827_114114,1,0.2,3.9000000000000004,-46.38,46.88000000000001,1.2480542899139755,-46.38,46.88000000000001,0.2480542899139755
20260827_114114,1,0.2,4.0,-45.42,45.94000000000001,1.2436733375330231,-45.42,45.94000000000001,0.24367333753302312
20260827_114114,1,0.2,4.1000000000000005,-44.480000000000004,45.02000000000001,1.2392923851520707,-44.480000000000004,45.02000000000001,0.23929238515207074
20260827_114114,1,0.2,4.2,-43.56,44.12000000000001,1.2349114327711184,-43.56,44.12000000000001,0.23491143277111837
20260827_114114,1,0.2,4.3,-42.660000000000004,43.22000000000001,1.230530480390166,-42.660000000000004,43.22000000000001,0.230530480390166
20260827_114114,1,0.2,4.4,-41.78,42.34000000000001,1.2261495280092136,-41.78,42.34000000000001,0.22614952800921362
20260827_114114,1,0.2,4.5,-40.92,41.48000000000001,1.2222242943643538,-40.92,41.48000000000001,0.22222429436435376
20260827_114114,1,0.2,4.6000000000000005,-40.08,40.64000000000001,1.218299060719494,-40.08,40.64000000000001,0.2182990607194939
20260827_114114,1,0.2,4.7,-39.26,39.82000000000001,1.214373827074634,-39.26,39.82000000000001,0.21437382707463404
20260827_114114,1,0.2,4.800000000000001,-38.44,39.02000000000001,1.2104485934297742,-38.44,39.02000000000001,0.21044859342977418
20260827_114114,1,0.2,4.9,-37.64,38.24000000000001,1.2065233597849143,-37.64,38.24000000000001,0.20652335978491432
20260827_114114,1,0.2,5.0,-36.86,37.46000000000001,1.2025981261400545,-36.86,37.46000000000001,0.20259812614005446
20260827_114114,1,0.2,5.1000000000000005,-36.1,36.70000000000001,1.1991118876079443,-36.1,36.70000000000001,0.1991118876079443
20260827_114114,1,0.2,5.2,-35.36,35.96000000000001,1.1956256490758341,-35.36,35.96000000000001,0.19562564907583413
20260827_114114,1,0.2,5.300000000000001,-34.62,35.24000000000001,1.192139410543724,-34.62,35.24000000000001,0.19213941054372397
20260827_114114,1,0.2,5.4,-33.9,34.540000000000006,1.1886531720116138,-33.9,34.540000000000006,0.1886531720116138
20260827_114114,1,0.2,5.5,-33.199999999999996,33.84,1.1851669334795036,-33.199999999999996,33.84,0.18516693347950364
20260827_114114,1,0.2,5.6000000000000005,-32.519999999999996,33.160000000000004,1.1816806949473935,-32.519999999999996,33.160000000000004,0.18168069494739347
20260827_114114,1,0.2,5.7,-31.839999999999996,32.5,1.1786176318843304,-31.839999999999996,32.5,0.17861763188433044
20260827_114114,1,0.2,5.800000000000001,-31.179999999999996,31.84,1.1755545688212674,-31.179999999999996,31.84,0.1755545688212674
20260827_114114,1,0.2,5.9,-30.539999999999996,31.2,1.1724915057582044,-30.539999999999996,31.2,0.17249150575820438
20260827_114114,1,0.2,6.0,-29.899999999999995,30.58,1.1694284426951413,-29.899999999999995,30.58,0.16942844269514135
20260827_114114,1,0.2,6.1000000000000005,-29.279999999999994,29.959999999999997,1.1663653796320783,-29.279999999999994,29.959999999999997,0.16636537963207831
20260827_114114,1,0.2,6.2,-28.679999999999993,29.359999999999996,1.1633023165690153,-28.679999999999993,29.359999999999996,0.16330231656901528
20260827_114114,1,0.2,6.300000000000001,-28.07999999999999,28.779999999999994,1.1602392535059523,-28.07999999999999,28.779999999999994,0.16023925350595225
20260827_114114,1,0.2,6.4,-27.499999999999993,28.199999999999996,1.1575843862493151,-27.499999999999993,28.199999999999996,0.15758438624931514
20260827_114114,1,0.2,6.5,-26.919999999999995,27.639999999999997,1.154929518992678,-26.919999999999995,27.639999999999997,0.15492951899267804
20260827_114114,1,0.2,6.6000000000000005,-26.359999999999996,27.08,1.152274651736041,-26.359999999999996,27.08,0.15227465173604093
20260827_114114,1,0.2,6.7,-25.819999999999997,26.54,1.1496197844794038,-25.819999999999997,26.54,0.14961978447940383
20260827_114114,1,0.2,6.800000000000001,-25.279999999999998,26.0,1.1469649172227667,-25.279999999999998,26.0,0.14696491722276672
20260827_114114,1,0.2,6.9,-24.759999999999998,25.48,1.1443100499661296,-24.759999999999998,25.48,0.14431004996612962
20260827_114114,1,0.2,7.0,-24.24,24.96,1.1416551827094925,-24.24,24.96,0.1416551827094925
20260827_114114,1,0.2,7.1000000000000005,-23.74,24.46,1.1390003154528554,-23.74,24.46,0.1390003154528554
20260827_114114,1,0.2,7.2,-23.24,23.98,1.136739445887638,-23.24,23.98,0.1367394458876381
20260827_114114,1,0.2,7.300000000000001,-22.759999999999998,23.5,1.1344785763224208,-22.759999999999998,23.5,0.13447857632242077
20260827_114114,1,0.2,7.4,-22.279999999999998,23.04,1.1322177067572035,-22.279999999999998,23.04,0.13221770675720346
20260827_114114,1,0.2,7.5,-21.819999999999997,22.58,1.1299568371919861,-21.819999999999997,22.58,0.12995683719198614
20260827_114114,1,0.2,7.6000000000000005,-21.359999999999996,22.119999999999997,1.1276959676267688,-21.359999999999996,22.119999999999997,0.12769596762676882
20260827_114114,1,0.2,7.7,-20.919999999999995,21.679999999999996,1.1254350980615515,-20.919999999999995,21.679999999999996,0.1254350980615515
20260827_114114,1,0.2,7.800000000000001,-20.479999999999993,21.239999999999995,1.1231742284963342,-20.479999999999993,21.239999999999995,0.12317422849633419
20260827_114114,1,0.2,7.9,-20.05999999999999,20.819999999999993,1.1209133589311169,-20.05999999999999,20.819999999999993,0.12091335893111688
20260827_114114,1,0.2,8.0,-19.63999999999999,20.39999999999999,1.1186524893658996,-19.63999999999999,20.39999999999999,0.11865248936589956
20260827_114114,1,0.2,8.1,-19.219999999999988,19.999999999999993,1.1167721474855576,-19.219999999999988,19.999999999999993,0.11677214748555764
20260827_114114,1,0.2,8.200000000000001,-18.81999999999999,19.599999999999994,1.1148918056052157,-18.81999999999999,19.599999999999994,0.11489180560521572
20260827_114114,1,0.2,8.3,-18.41999999999999,19.199999999999996,1.1130114637248738,-18.41999999999999,19.199999999999996,0.1130114637248738
20260827_114114,1,0.2,8.4,-18.039999999999992,18.819999999999997,1.1111311218445319,-18.039999999999992,18.819999999999997,0.11113112184453189
20260827_114114,1,0.2,8.5,-17.659999999999993,18.439999999999998,1.10925077996419,-17.659999999999993,18.439999999999998,0.10925077996418997
20260827_114114,1,0.2,8.6,-17.279999999999994,18.08,1.107370438083848,-17.279999999999994,18.08,0.10737043808384805
20260827_114114,1,0.2,8.700000000000001,-16.919999999999995,17.72,1.1054900962035061,-16.919999999999995,17.72,0.10549009620350613
20260827_114114,1,0.2,8.8,-16.559999999999995,17.36,1.1036097543231642,-16.559999999999995,17.36,0.10360975432316422
20260827_114114,1,0.2,8.9,-16.219999999999995,17.02,1.1017294124428223,-16.219999999999995,17.02,0.1017294124428223
20260827_114114,1,0.2,9.0,-15.879999999999995,16.68,1.0998490705624804,-15.879999999999995,16.68,0.09984907056248038
20260827_114114,1,0.2,9.1,-15.539999999999996,16.34,1.0983364655204635,-15.539999999999996,16.34,0.09833646552046349
20260827_114114,1,0.2,9.200000000000001,-15.219999999999995,16.02,1.0968238604784466,-15.219999999999995,16.02,0.0968238604784466
20260827_114114,1,0.2,9.3,-14.899999999999995,15.7,1.0953112554364297,-14.899999999999995,15.7,0.09531125543642971
20260827_114114,1,0.2,9.4,-14.579999999999995,15.379999999999999,1.0937986503944128,-14.579999999999995,15.379999999999999,0.09379865039441282
20260827_114114,1,0.2,9.5,-14.279999999999994,15.079999999999998,1.092286045352396,-14.279999999999994,15.079999999999998,0.09228604535239593
20260827_114114,1,0.2,9.600000000000001,-13.979999999999993,14.779999999999998,1.090773440310379,-13.979999999999993,14.779999999999998,0.09077344031037904
20260827_114114,1,0.2,9.700000000000001,-13.679999999999993,14.479999999999997,1.0892608352683621,-13.679999999999993,14.479999999999997,0.08926083526836215
20260827_114114,1,0.2,9.8,-13.399999999999993,14.199999999999998,1.0877482302263453,-13.399999999999993,14.199999999999998,0.08774823022634526
20260827_114114,1,0.2,9.9,-13.119999999999994,13.919999999999998,1.0862356251843284,-13.119999999999994,13.919999999999998,0.08623562518432837
20260827_114114,1,0.2,10.0,-12.839999999999995,13.639999999999999,1.0847230201423115,-12.839999999999995,13.639999999999999,0.08472302014231148
20260827_114114,1,0.2,10.100000000000001,-12.559999999999995,13.379999999999999,1.0832104151002946,-12.559999999999995,13.379999999999999,0.08321041510029459
20260827_114114,1,0.2,10.200000000000001,-12.299999999999995,13.12,1.082053390306906,-12.299999999999995,13.12,0.08205339030690606
20260827_114114,1,0.2,10.3,-12.039999999999996,12.86,1.0808963655135175,-12.039999999999996,12.86,0.08089636551351753
20260827_114114,1,0.2,10.4,-11.779999999999996,12.6,1.079739340720129,-11.779999999999996,12.6,0.079739340720129
20260827_114114,1,0.2,10.5,-11.519999999999996,12.36,1.0785823159267405,-11.519999999999996,12.36,0.07858231592674048
20260827_114114,1,0.2,10.600000000000001,-11.279999999999996,12.12,1.077425291133352,-11.279999999999996,12.12,0.07742529113335195
20260827_114114,1,0.2,10.700000000000001,-11.039999999999996,11.879999999999999,1.0762682663399634,-11.039999999999996,11.879999999999999,0.07626826633996342
20260827_114114,1,0.2,10.8,-10.799999999999995,11.639999999999999,1.075111241546575,-10.799999999999995,11.639999999999999,0.07511124154657489
20260827_114114,1,0.2,10.9,-10.559999999999995,11.419999999999998,1.0739542167531864,-10.559999999999995,11.419999999999998,0.07395421675318636
20260827_114114,1,0.2,11.0,-10.339999999999995,11.199999999999998,1.0727971919597978,-10.339999999999995,11.199999999999998,0.07279719195979784
20260827_114114,1,0.2,11.100000000000001,-10.119999999999994,10.979999999999997,1.0716401671664093,-10.119999999999994,10.979999999999997,0.07164016716640931
20260827_114114,1,0.2,11.200000000000001,-9.899999999999993,10.759999999999996,1.0704831423730208,-9.899999999999993,10.759999999999996,0.07048314237302078
20260827_114114,1,0.2,11.3,-9.679999999999993,10.559999999999997,1.0693261175796323,-9.679999999999993,10.559999999999997,0.06932611757963225
20260827_114114,1,0.2,11.4,-9.479999999999993,10.359999999999998,1.0681690927862437,-9.479999999999993,10.359999999999998,0.06816909278624372
20260827_114114,1,0.2,11.5,-9.279999999999994,10.159999999999998,1.0670120679928552,-9.279999999999994,10.159999999999998,0.0670120679928552
20260827_114114,1,0.2,11.600000000000001,-9.079999999999995,9.959999999999999,1.0658550431994667,-9.079999999999995,9.959999999999999,0.06585504319946667
20260827_114114,1,0.2,11.700000000000001,-8.879999999999995,9.76,1.0646980184060781,-8.879999999999995,9.76,0.06469801840607814
20260827_114114,1,0.2,11.8,-8.679999999999996,9.58,1.063885010275997,-8.679999999999996,9.58,0.06388501027599691
20260827_114114,1,0.2,11.9,-8.499999999999996,9.4,1.0630720021459157,-8.499999999999996,9.4,0.06307200214591568
20260827_114114,1,0.2,12.0,-8.319999999999997,9.22,1.0622589940158345,-8.319999999999997,9.22,0.06225899401583446
20260827_114114,1,0.2,12.100000000000001,-8.139999999999997,9.040000000000001,1.0614459858857532,-8.139999999999997,9.040000000000001,0.06144598588575323
20260827_114114,1,0.2,12.200000000000001,-7.959999999999997,8.860000000000001,1.060632977755672,-7.959999999999997,8.860000000000001,0.060632977755672
20260827_114114,1,0.2,12.3,-7.779999999999998,8.680000000000001,1.0598199696255908,-7.779999999999998,8.680000000000001,0.059819969625590774
20260827_114114,1,0.2,12.4,-7.619999999999997,8.520000000000001,1.0590069614955095,-7.619999999999997,8.520000000000001,0.05900696149550955
20260827_114114,1,0.2,12.5,-7.459999999999997,8.360000000000001,1.0581939533654283,-7.459999999999997,8.360000000000001,0.05819395336542832
20260827_114114,1,0.2,12.600000000000001,-7.299999999999997,8.200000000000001,1.057380945235347,-7.299999999999997,8.200000000000001,0.05738094523534709
20260827_114114,1,0.2,12.700000000000001,-7.139999999999997,8.040000000000001,1.0565679371052659,-7.139999999999997,8.040000000000001,0.056567937105265864
20260827_114114,1,0.2,12.8,-6.979999999999997,7.880000000000001,1.0557549289751846,-6.979999999999997,7.880000000000001,0.05575492897518464
20260827_114114,1,0.2,12.9,-6.819999999999997,7.720000000000001,1.0549419208451034,-6.819999999999997,7.720000000000001,0.05494192084510341
20260827_114114,1,0.2,13.0,-6.679999999999997,7.580000000000001,1.0541289127150222,-6.679999999999997,7.580000000000001,0.05412891271502218
20260827_114114,1,0.2,13.100000000000001,-6.539999999999997,7.440000000000001,1.053315904584941,-6.539999999999997,7.440000000000001,0.053315904584940954
20260827_114114,1,0.2,13.200000000000001,-6.399999999999998,7.300000000000002,1.0525028964548597,-6.399999999999998,7.300000000000002,0.05250289645485973
20260827_114114,1,0.2,13.3,-6.259999999999998,7.160000000000002,1.0516898883247785,-6.259999999999998,7.160000000000002,0.0516898883247785
20260827_114114,1,0.2,13.4,-6.119999999999998,7.020000000000002,1.0508768801946973,-6.119999999999998,7.020000000000002,0.05087688019469727
20260827_114114,1,0.2,13.5,-5.979999999999999,6.880000000000003,1.050063872064616,-5.979999999999999,6.880000000000003,0.050063872064616044
20260827_114114,1,0.2,13.600000000000001,-5.839999999999999,6.740000000000003,1.0492508639345348,-5.839999999999999,6.740000000000003,0.049250863934534816
20260827_114114,1,0.2,13.700000000000001,-5.719999999999999,6.620000000000003,1.0484378558044536,-5.719999999999999,6.620000000000003,0.04843785580445359
20260827_114114,1,0.2,13.8,-5.599999999999999,6.500000000000003,1.0476248476743724,-5.599999999999999,6.500000000000003,0.04762484767437236
20260827_114114,1,0.2,13.9,-5.479999999999999,6.380000000000003,1.0471448476743723,-5.479999999999999,6.380000000000003,0.047144847674372325
20260827_114114,1,0.2,14.0,-5.3599999999999985,6.2600000000000025,1.0466648476743723,-5.3599999999999985,6.2600000000000025,0.04666484767437229
20260827_114114,1,0.2,14.100000000000001,-5.239999999999998,6.140000000000002,1.0461848476743723,-5.239999999999998,6.140000000000002,0.046184847674372254
20260827_114114,1,0.2,14.200000000000001,-5.119999999999998,6.020000000000002,1.0457048476743722,-5.119999999999998,6.020000000000002,0.04570484767437222
20260827_114114,1,0.2,14.3,-4.999999999999998,5.900000000000002,1.0452248476743722,-4.999999999999998,5.900000000000002,0.04522484767437218
20260827_114114,1,0.2,14.4,-4.879999999999998,5.780000000000002,1.0447448476743721,-4.879999999999998,5.780000000000002,0.044744847674372146
20260827_114114,1,0.2,14.5,-4.759999999999998,5.660000000000002,1.044264847674372,-4.759999999999998,5.660000000000002,0.04426484767437211
20260827_114114,1,0.2,14.600000000000001,-4.639999999999998,5.540000000000002,1.043784847674372,-4.639999999999998,5.540000000000002,0.043784847674372074
20260827_114114,1,0.2,14.700000000000001,-4.519999999999998,5.420000000000002,1.043304847674372,-4.519999999999998,5.420000000000002,0.04330484767437204
20260827_114114,1,0.2,14.8,-4.399999999999998,5.300000000000002,1.042824847674372,-4.399999999999998,5.300000000000002,0.042824847674372
20260827_114114,1,0.2,14.9,-4.279999999999998,5.1800000000000015,1.042344847674372,-4.279999999999998,5.1800000000000015,0.042344847674371966
20260827_114114,1,0.2,15.0,-4.1599999999999975,5.060000000000001,1.041864847674372,-4.1599999999999975,5.060000000000001,0.04186484767437193
20260827_114114,1,0.2,15.100000000000001,-4.039999999999997,4.940000000000001,1.041384847674372,-4.039999999999997,4.940000000000001,0.041384847674371894
20260827_114114,1,0.2,15.200000000000001,-3.9199999999999973,4.820000000000001,1.0409048476743719,-3.9199999999999973,4.820000000000001,0.04090484767437186
20260827_114114,1,0.2,15.3,-3.799999999999997,4.700000000000001,1.0404248476743718,-3.799999999999997,4.700000000000001,0.04042484767437182
20260827_114114,1,0.2,15.4,-3.679999999999997,4.580000000000001,1.0399448476743718,-3.679999999999997,4.580000000000001,0.039944847674371786
20260827_114114,1,0.2,15.5,-3.559999999999997,4.460000000000001,1.0394648476743718,-3.559999999999997,4.460000000000001,0.03946484767437175
20260827_114114,1,0.2,15.600000000000001,-3.439999999999997,4.340000000000001,1.0389848476743717,-3.439999999999997,4.340000000000001,0.038984847674371714
20260827_114114,1,0.2,15.700000000000001,-3.3199999999999967,4.220000000000001,1.0385048476743717,-3.3199999999999967,4.220000000000001,0.03850484767437168
20260827_114114,1,0.2,15.8,-3.1999999999999966,4.1000000000000005,1.0380248476743716,-3.1999999999999966,4.1000000000000005,0.03802484767437164
20260827_114114,1,0.2,15.9,-3.0799999999999965,3.9800000000000004,1.0375448476743716,-3.0799999999999965,3.9800000000000004,0.037544847674371606
20260827_114114,1,0.2,16.0,-2.9599999999999964,3.8600000000000003,1.0370648476743716,-2.9599999999999964,3.8600000000000003,0.03706484767437157
20260827_114114,1,0.2,16.1,-2.8399999999999963,3.74,1.0365848476743715,-2.8399999999999963,3.74,0.036584847674371535
20260827_114114,1,0.2,16.2,-2.719999999999996,3.62,1.0361048476743715,-2.719999999999996,3.62,0.0361048476743715
20260827_114114,1,0.2,16.3,-2.599999999999996,3.5,1.0356248476743715,-2.599999999999996,3.5,0.03562484767437146
20260827_114114,1,0.2,16.400000000000002,-2.479999999999996,3.38,1.0351448476743714,-2.479999999999996,3.38,0.03514484767437143
20260827_114114,1,0.2,16.5,-2.359999999999996,3.26,1.0346648476743714,-2.359999999999996,3.26,0.03466484767437139
20260827_114114,1,0.2,16.6,-2.2399999999999958,3.1399999999999997,1.0341848476743714,-2.2399999999999958,3.1399999999999997,0.034184847674371355
20260827_114114,1,0.2,16.7,-2.1199999999999957,3.0199999999999996,1.0337048476743713,-2.1199999999999957,3.0199999999999996,0.03370484767437132
20260827_114114,1,0.2,16.8,-1.9999999999999956,2.8999999999999995,1.0332248476743713,-1.9999999999999956,2.8999999999999995,0.03322484767437128
20260827_114114,1,0.2,16.900000000000002,-1.8799999999999955,2.7799999999999994,1.0327448476743712,-1.8799999999999955,2.7799999999999994,0.03274484767437125
20260827_114114,1,0.2,17.0,-1.7599999999999953,2.6599999999999993,1.0322648476743712,-1.7599999999999953,2.6599999999999993,0.03226484767437121
20260827_114114,1,0.2,17.1,-1.6399999999999952,2.539999999999999,1.0317848476743712,-1.6399999999999952,2.539999999999999,0.031784847674371175
20260827_114114,1,0.2,17.2,-1.5199999999999951,2.419999999999999,1.0313048476743711,-1.5199999999999951,2.419999999999999,0.03130484767437114
20260827_114114,1,0.2,17.3,-1.399999999999995,2.299999999999999,1.030824847674371,-1.399999999999995,2.299999999999999,0.030824847674371103
20260827_114114,1,0.2,17.400000000000002,-1.279999999999995,2.179999999999999,1.030344847674371,-1.279999999999995,2.179999999999999,0.030344847674371067
20260827_114114,1,0.2,17.5,-1.1599999999999948,2.0599999999999987,1.029864847674371,-1.1599999999999948,2.0599999999999987,0.02986484767437103
20260827_114114,1,0.2,17.6,-1.0399999999999947,1.9399999999999986,1.029384847674371,-1.0399999999999947,1.9399999999999986,0.029384847674370995
20260827_114114,1,0.2,17.7,-0.9199999999999947,1.8199999999999985,1.028904847674371,-0.9199999999999947,1.8199999999999985,0.02890484767437096
20260827_114114,1,0.2,17.8,-0.7999999999999947,1.6999999999999984,1.028424847674371,-0.7999999999999947,1.6999999999999984,0.028424847674370923
20260827_114114,1,0.2,17.900000000000002,-0.6799999999999947,1.5799999999999983,1.0279448476743709,-0.6799999999999947,1.5799999999999983,0.027944847674370887
20260827_114114,1,0.2,18.0,-0.5599999999999947,1.4599999999999982,1.0274648476743709,-0.5599999999999947,1.4599999999999982,0.02746484767437085
20260827_114114,1,0.2,18.1,-0.43999999999999473,1.339999999999998,1.0269848476743708,-0.43999999999999473,1.339999999999998,0.026984847674370815
20260827_114114,1,0.2,18.2,-0.31999999999999473,1.219999999999998,1.0265048476743708,-0.31999999999999473,1.219999999999998,0.02650484767437078
20260827_114114,1,0.2,18.3,-0.1999999999999947,1.0999999999999979,1.0260248476743707,-0.1999999999999947,1.0999999999999979,0.026024847674370744
20260827_114114,1,0.2,18.400000000000002,-0.07999999999999469,0.9799999999999979,1.0255448476743707,-0.07999999999999469,0.9799999999999979,0.025544847674370708
20260827_114234,1,0.2,0.1,-100.0,100.0,1.5,-100.0,100.0,0.5
20260827_114234,1,0.2,0.2,-100.0,100.0,1.5,-100.0,100.0,0.5
20260827_114234,1,0.2,0.30000000000000004,-100.0,100.0,1.5,-100.0,100.0,0.5
20260827_114234,1,0.2,0.4,-98.0,98.0,1.4905747126436781,-98.0,98.0,0.49057471264367813
20260827_114234,1,0.2,0.5,-96.04,96.04,1.4811494252873563,-96.04,96.04,0.48114942528735627
20260827_114234,1,0.2,0.6000000000000001,-94.10000000000001,94.12,1.472385380343536,-94.10000000000001,94.12,0.47238538034353605
20260827_114234,1,0.2,0.7000000000000001,-92.2,92.24000000000001,1.4636213353997158,-92.2,92.24000000000001,0.46362133539971584
20260827_114234,1,0.2,0.8,-90.34,90.4,1.4548572904558956,-90.34,90.4,0.4548572904558956
20260827_114234,1,0.2,0.9,-88.52000000000001,88.60000000000001,1.4460932455120754,-88.52000000000001,88.60000000000001,0.4460932455120754
20260827_114234,1,0.2,1.0,-86.74000000000001,86.84,1.4379613773802074,-86.74000000000001,86.84,0.43796137738020735
20260827_114234,1,0.2,1.1,-85.00000000000001,85.12,1.4298295092483393,-85.00000000000001,85.12,0.4298295092483393
20260827_114234,1,0.2,1.2000000000000002,-83.30000000000001,83.42,1.4216976411164712,-83.30000000000001,83.42,0.42169764111647123
20260827_114234,1,0.2,1.3,-81.62,81.76,1.414170759396041,-81.62,81.76,0.4141707593960411
20260827_114234,1,0.2,1.4000000000000001,-79.98,80.14,1.406643877675611,-79.98,80.14,0.40664387767561094
20260827_114234,1,0.2,1.5,-78.38000000000001,78.54,1.3991169959551808,-78.38000000000001,78.54,0.3991169959551808
20260827_114234,1,0.2,1.6,-76.80000000000001,76.98,1.3915901142347507,-76.80000000000001,76.98,0.39159011423475065
20260827_114234,1,0.2,1.7000000000000002,-75.26,75.46000000000001,1.3840632325143205,-75.26,75.46000000000001,0.3840632325143205
20260827_114234,1,0.2,1.8,-73.74000000000001,73.96000000000001,1.377115864093268,-73.74000000000001,73.96000000000001,0.3771158640932679
20260827_114234,1,0.2,1.9000000000000001,-72.26,72.50000000000001,1.3701684956722153,-72.26,72.50000000000001,0.3701684956722153
20260827_114234,1,0.2,2.0,-70.80000000000001,71.06000000000002,1.3632211272511627,-70.80000000000001,71.06000000000002,0.36322112725116273
20260827_114234,1,0.2,2.1,-69.38000000000001,69.64000000000001,1.3562737588301101,-69.38000000000001,69.64000000000001,0.35627375883011014
20260827_114234,1,0.2,2.2,-67.98,68.26000000000002,1.3498820062527905,-67.98,68.26000000000002,0.34988200625279053
20260827_114234,1,0.2,2.3000000000000003,-66.62,66.90000000000002,1.343490253675471,-66.62,66.90000000000002,0.3434902536754709
20260827_114234,1,0.2,2.4000000000000004,-65.28,65.58000000000001,1.3370985010981513,-65.28,65.58000000000001,0.3370985010981513
20260827_114234,1,0.2,2.5,-63.96,64.28000000000002,1.3307067485208317,-63.96,64.28000000000002,0.3307067485208317
20260827_114234,1,0.2,2.6,-62.68,63.000000000000014,1.324848162662246,-62.68,63.000000000000014,0.3248481626622459
20260827_114234,1,0.2,2.7,-61.42,61.740000000000016,1.3189895768036601,-61.42,61.740000000000016,0.31898957680366014
20260827_114234,1,0.2,2.8000000000000003,-60.18,60.52000000000002,1.3131309909450744,-60.18,60.52000000000002,0.31313099094507435
20260827_114234,1,0.2,2.9000000000000004,-58.96,59.320000000000014,1.3072724050864886,-58.96,59.320000000000014,0.30727240508648856
20260827_114234,1,0.2,3.0,-57.78,58.140000000000015,1.3014138192279028,-57.78,58.140000000000015,0.3014138192279028
20260827_114234,1,0.2,3.1,-56.620000000000005,56.98000000000002,1.2960672845744374,-56.620000000000005,56.98000000000002,0.29606728457443743
20260827_114234,1,0.2,3.2,-55.480000000000004,55.86000000000002,1.290720749920972,-55.480000000000004,55.86000000000002,0.2907207499209721
20260827_114234,1,0.2,3.3000000000000003,-54.36000000000001,54.76000000000002,1.2853742152675067,-54.36000000000001,54.76000000000002,0.2853742152675067
20260827_114234,1,0.2,3.4000000000000004,-53.260000000000005,53.68000000000002,1.2800276806140414,-53.260000000000005,53.68000000000002,0.2800276806140414
20260827_114234,1,0.2,3.5,-52.18000000000001,52.62000000000002,1.274681145960576,-52.18000000000001,52.62000000000002,0.274681145960576
20260827_114234,1,0.2,3.6,-51.120000000000005,51.58000000000002,1.2698267770285372,-51.120000000000005,51.58000000000002,0.2698267770285372
20260827_114234,1,0.2,3.7,-50.080000000000005,50.56000000000002,1.2649724080964984,-50.080000000000005,50.56000000000002,0.26497240809649836
20260827_114234,1,0.2,3.8000000000000003,-49.06,49.56000000000002,1.2601180391644595,-49.06,49.56000000000002,0.2601180391644595
20260827_114234,1,0.2,3.9000000000000004,-48.06,48.58000000000002,1.2552636702324207,-48.06,48.58000000000002,0.2552636702324207
20260827_114234,1,0.2,4.0,-47.080000000000005,47.62000000000002,1.2504093013003819,-47.080000000000005,47.62000000000002,0.25040930130038186
20260827_114234,1,0.2,4.1000000000000005,-46.120000000000005,46.68000000000002,1.2460283489194295,-46.120000000000005,46.68000000000002,0.24602834891942948
20260827_114234,1,0.2,4.2,-45.18000000000001,45.76000000000002,1.241647396538477,-45.18000000000001,45.76000000000002,0.2416473965384771
20260827_114234,1,0.2,4.3,-44.260000000000005,44.86000000000002,1.2372664441575247,-44.260000000000005,44.86000000000002,0.23726644415752474
20260827_114234,1,0.2,4.4,-43.36000000000001,43.98000000000002,1.2328854917765724,-43.36000000000001,43.98000000000002,0.23288549177657236
20260827_114234,1,0.2,4.5,-42.480000000000004,43.12000000000002,1.22850453939562,-42.480000000000004,43.12000000000002,0.22850453939562
20260827_114234,1,0.2,4.6000000000000005,-41.620000000000005,42.26000000000002,1.2245793057507601,-41.620000000000005,42.26000000000002,0.22457930575076013
20260827_114234,1,0.2,4.7,-40.78,41.420000000000016,1.2206540721059003,-40.78,41.420000000000016,0.22065407210590027
20260827_114234,1,0.2,4.800000000000001,-39.96,40.600000000000016,1.2167288384610404,-39.96,40.600000000000016,0.2167288384610404
20260827_114234,1,0.2,4.9,-39.160000000000004,39.80000000000002,1.2128036048161805,-39.160000000000004,39.80000000000002,0.21280360481618055
20260827_114234,1,0.2,5.0,-38.36000000000001,39.02000000000002,1.2088783711713207,-38.36000000000001,39.02000000000002,0.2088783711713207
20260827_114234,1,0.2,5.1000000000000005,-37.580000000000005,38.240000000000016,1.2049531375264608,-37.580000000000005,38.240000000000016,0.20495313752646083
20260827_114234,1,0.2,5.2,-36.82000000000001,37.48000000000002,1.2014668989943507,-36.82000000000001,37.48000000000002,0.20146689899435066
20260827_114234,1,0.2,5.300000000000001,-36.080000000000005,36.740000000000016,1.1979806604622405,-36.080000000000005,36.740000000000016,0.1979806604622405
20260827_114234,1,0.2,5.4,-35.34,36.02000000000002,1.1944944219301303,-35.34,36.02000000000002,0.19449442193013033
20260827_114234,1,0.2,5.5,-34.620000000000005,35.30000000000002,1.1910081833980202,-34.620000000000005,35.30000000000002,0.19100818339802017
20260827_114234,1,0.2,5.6000000000000005,-33.92,34.600000000000016,1.18752194486591,-33.92,34.600000000000016,0.18752194486591
20260827_114234,1,0.2,5.7,-33.24,33.920000000000016,1.1840357063337998,-33.24,33.920000000000016,0.18403570633379984
20260827_114234,1,0.2,5.800000000000001,-32.56,33.26000000000002,1.1809726432707368,-32.56,33.26000000000002,0.1809726432707368
20260827_114234,1,0.2,5.9,-31.900000000000002,32.60000000000002,1.1779095802076738,-31.900000000000002,32.60000000000002,0.17790958020767378
20260827_114234,1,0.2,6.0,-31.26,31.960000000000022,1.1748465171446107,-31.26,31.960000000000022,0.17484651714461075
20260827_114234,1,0.2,6.1000000000000005,-30.62,31.34000000000002,1.1717834540815477,-30.62,31.34000000000002,0.17178345408154772
20260827_114234,1,0.2,6.2,-30.0,30.72000000000002,1.1687203910184847,-30.0,30.72000000000002,0.16872039101848468
20260827_114234,1,0.2,6.300000000000001,-29.4,30.12000000000002,1.1656573279554217,-29.4,30.12000000000002,0.16565732795542165
20260827_114234,1,0.2,6.4,-28.799999999999997,29.520000000000017,1.1625942648923586,-28.799999999999997,29.520000000000017,0.16259426489235862
20260827_114234,1,0.2,6.5,-28.22,28.94000000000002,1.1599393976357215,-28.22,28.94000000000002,0.15993939763572151
20260827_114234,1,0.2,6.6000000000000005,-27.64,28.38000000000002,1.1572845303790844,-27.64,28.38000000000002,0.1572845303790844
20260827_114234,1,0.2,6.7,-27.080000000000002,27.82000000000002,1.1546296631224473,-27.080000000000002,27.82000000000002,0.1546296631224473
20260827_114234,1,0.2,6.800000000000001,-26.520000000000003,27.280000000000022,1.1519747958658102,-26.520000000000003,27.280000000000022,0.1519747958658102
20260827_114234,1,0.2,6.9,-25.980000000000004,26.740000000000023,1.149319928609173,-25.980000000000004,26.740000000000023,0.1493199286091731
20260827_114234,1,0.2,7.0,-25.460000000000004,26.220000000000024,1.146665061352536,-25.460000000000004,26.220000000000024,0.14666506135253599
20260827_114234,1,0.2,7.1000000000000005,-24.940000000000005,25.700000000000024,1.1440101940958989,-24.940000000000005,25.700000000000024,0.14401019409589888
20260827_114234,1,0.2,7.2,-24.440000000000005,25.200000000000024,1.1413553268392618,-24.440000000000005,25.200000000000024,0.14135532683926177
20260827_114234,1,0.2,7.300000000000001,-23.940000000000005,24.700000000000024,1.1390944572740445,-23.940000000000005,24.700000000000024,0.13909445727404446
20260827_114234,1,0.2,7.4,-23.460000000000004,24.220000000000024,1.1368335877088271,-23.460000000000004,24.220000000000024,0.13683358770882714
20260827_114234,1,0.2,7.5,-22.980000000000004,23.740000000000023,1.1345727181436098,-22.980000000000004,23.740000000000023,0.13457271814360983
20260827_114234,1,0.2,7.6000000000000005,-22.520000000000003,23.280000000000022,1.1323118485783925,-22.520000000000003,23.280000000000022,0.1323118485783925
20260827_114234,1,0.2,7.7,-22.060000000000002,22.82000000000002,1.1300509790131752,-22.060000000000002,22.82000000000002,0.1300509790131752
20260827_114234,1,0.2,7.800000000000001,-21.6,22.38000000000002,1.1277901094479579,-21.6,22.38000000000002,0.12779010944795788
20260827_114234,1,0.2,7.9,-21.16,21.94000000000002,1.1255292398827406,-21.16,21.94000000000002,0.12552923988274056
20260827_114234,1,0.2,8.0,-20.72,21.520000000000017,1.1232683703175232,-20.72,21.520000000000017,0.12326837031752325
20260827_114234,1,0.2,8.1,-20.299999999999997,21.100000000000016,1.121007500752306,-20.299999999999997,21.100000000000016,0.12100750075230593
20260827_114234,1,0.2,8.200000000000001,-19.879999999999995,20.680000000000014,1.119127158871964,-19.879999999999995,20.680000000000014,0.11912715887196401
20260827_114234,1,0.2,8.3,-19.479999999999997,20.280000000000015,1.117246816991622,-19.479999999999997,20.280000000000015,0.1172468169916221
20260827_114234,1,0.2,8.4,-19.08,19.880000000000017,1.1153664751112802,-19.08,19.880000000000017,0.11536647511128018
20260827_114234,1,0.2,8.5,-18.68,19.500000000000018,1.1134861332309383,-18.68,19.500000000000018,0.11348613323093826
20260827_114234,1,0.2,8.6,-18.3,19.12000000000002,1.1116057913505963,-18.3,19.12000000000002,0.11160579135059634
20260827_114234,1,0.2,8.700000000000001,-17.92,18.74000000000002,1.1097254494702544,-17.92,18.74000000000002,0.10972544947025442
20260827_114234,1,0.2,8.8,-17.560000000000002,18.38000000000002,1.1078451075899125,-17.560000000000002,18.38000000000002,0.1078451075899125
20260827_114234,1,0.2,8.9,-17.200000000000003,18.02000000000002,1.1059647657095706,-17.200000000000003,18.02000000000002,0.10596476570957059
20260827_114234,1,0.2,9.0,-16.840000000000003,17.66000000000002,1.1040844238292287,-16.840000000000003,17.66000000000002,0.10408442382922867
20260827_114234,1,0.2,9.1,-16.500000000000004,17.32000000000002,1.1022040819488867,-16.500000000000004,17.32000000000002,0.10220408194888675
20260827_114234,1,0.2,9.200000000000001,-16.160000000000004,16.98000000000002,1.1006914769068699,-16.160000000000004,16.98000000000002,0.10069147690686986
20260827_114234,1,0.2,9.3,-15.820000000000004,16.66000000000002,1.099178871864853,-15.820000000000004,16.66000000000002,0.09917887186485297
20260827_114234,1,0.2,9.4,-15.500000000000004,16.34000000000002,1.097666266822836,-15.500000000000004,16.34000000000002,0.09766626682283608
20260827_114234,1,0.2,9.5,-15.180000000000003,16.02000000000002,1.0961536617808192,-15.180000000000003,16.02000000000002,0.09615366178081919
20260827_114234,1,0.2,9.600000000000001,-14.860000000000003,15.70000000000002,1.0946410567388023,-14.860000000000003,15.70000000000002,0.0946410567388023
20260827_114234,1,0.2,9.700000000000001,-14.560000000000002,15.40000000000002,1.0931284516967854,-14.560000000000002,15.40000000000002,0.09312845169678541
20260827_114234,1,0.2,9.8,-14.260000000000002,15.10000000000002,1.0916158466547685,-14.260000000000002,15.10000000000002,0.09161584665476852
20260827_114234,1,0.2,9.9,-13.96,14.800000000000018,1.0901032416127516,-13.96,14.800000000000018,0.09010324161275163
20260827_114234,1,0.2,10.0,-13.680000000000001,14.52000000000002,1.0885906365707347,-13.680000000000001,14.52000000000002,0.08859063657073474
20260827_114234,1,0.2,10.100000000000001,-13.400000000000002,14.24000000000002,1.0870780315287178,-13.400000000000002,14.24000000000002,0.08707803152871785
20260827_114234,1,0.2,10.200000000000001,-13.120000000000003,13.96000000000002,1.085565426486701,-13.120000000000003,13.96000000000002,0.08556542648670096
20260827_114234,1,0.2,10.3,-12.840000000000003,13.70000000000002,1.084052821444684,-12.840000000000003,13.70000000000002,0.08405282144468407
20260827_114234,1,0.2,10.4,-12.580000000000004,13.44000000000002,1.0828957966512955,-12.580000000000004,13.44000000000002,0.08289579665129554
20260827_114234,1,0.2,10.5,-12.320000000000004,13.180000000000021,1.081738771857907,-12.320000000000004,13.180000000000021,0.08173877185790701
20260827_114234,1,0.2,10.600000000000001,-12.060000000000004,12.920000000000021,1.0805817470645185,-12.060000000000004,12.920000000000021,0.08058174706451848
20260827_114234,1,0.2,10.700000000000001,-11.800000000000004,12.680000000000021,1.07942472227113,-11.800000000000004,12.680000000000021,0.07942472227112995
20260827_114234,1,0.2,10.8,-11.560000000000004,12.44000000000002,1.0782676974777414,-11.560000000000004,12.44000000000002,0.07826769747774143
20260827_114234,1,0.2,10.9,-11.320000000000004,12.20000000000002,1.077110672684353,-11.320000000000004,12.20000000000002,0.0771106726843529
20260827_114234,1,0.2,11.0,-11.080000000000004,11.96000000000002,1.0759536478909644,-11.080000000000004,11.96000000000002,0.07595364789096437
20260827_114234,1,0.2,11.100000000000001,-10.840000000000003,11.74000000000002,1.0747966230975758,-10.840000000000003,11.74000000000002,0.07479662309757584
20260827_114234,1,0.2,11.200000000000001,-10.620000000000003,11.52000000000002,1.0736395983041873,-10.620000000000003,11.52000000000002,0.07363959830418731
20260827_114234,1,0.2,11.3,-10.400000000000002,11.300000000000018,1.0724825735107988,-10.400000000000002,11.300000000000018,0.07248257351079879
20260827_114234,1,0.2,11.4,-10.180000000000001,11.080000000000018,1.0713255487174103,-10.180000000000001,11.080000000000018,0.07132554871741026
20260827_114234,1,0.2,11.5,-9.96,10.860000000000017,1.0701685239240217,-9.96,10.860000000000017,0.07016852392402173
20260827_114234,1,0.2,11.600000000000001,-9.760000000000002,10.660000000000018,1.0690114991306332,-9.760000000000002,10.660000000000018,0.0690114991306332
20260827_114234,1,0.2,11.700000000000001,-9.560000000000002,10.460000000000019,1.0678544743372447,-9.560000000000002,10.460000000000019,0.06785447433724467
20260827_114234,1,0.2,11.8,-9.360000000000003,10.26000000000002,1.0666974495438561,-9.360000000000003,10.26000000000002,0.06669744954385615
20260827_114234,1,0.2,11.9,-9.160000000000004,10.06000000000002,1.0655404247504676,-9.160000000000004,10.06000000000002,0.06554042475046762
20260827_114234,1,0.2,12.0,-8.960000000000004,9.86000000000002,1.0647274166203864,-8.960000000000004,9.86000000000002,0.06472741662038639
20260827_114234,1,0.2,12.100000000000001,-8.780000000000005,9.680000000000021,1.0639144084903052,-8.780000000000005,9.680000000000021,0.06391440849030516
20260827_114234,1,0.2,12.200000000000001,-8.600000000000005,9.500000000000021,1.063101400360224,-8.600000000000005,9.500000000000021,0.06310140036022394
20260827_114234,1,0.2,12.3,-8.420000000000005,9.320000000000022,1.0622883922301427,-8.420000000000005,9.320000000000022,0.06228839223014271
20260827_114234,1,0.2,12.4,-8.240000000000006,9.140000000000022,1.0614753841000615,-8.240000000000006,9.140000000000022,0.06147538410006148
20260827_114234,1,0.2,12.5,-8.060000000000006,8.960000000000022,1.0606623759699803,-8.060000000000006,8.960000000000022,0.06066237596998025
20260827_114234,1,0.2,12.600000000000001,-7.880000000000006,8.800000000000022,1.059849367839899,-7.880000000000006,8.800000000000022,0.059849367839899026
20260827_114234,1,0.2,12.700000000000001,-7.720000000000006,8.640000000000022,1.0590363597098178,-7.720000000000006,8.640000000000022,0.0590363597098178
20260827_114234,1,0.2,12.8,-7.560000000000006,8.480000000000022,1.0582233515797366,-7.560000000000006,8.480000000000022,0.05822335157973657
20260827_114234,1,0.2,12.9,-7.400000000000006,8.320000000000022,1.0574103434496553,-7.400000000000006,8.320000000000022,0.05741034344965534
20260827_114234,1,0.2,13.0,-7.2400000000000055,8.160000000000021,1.0565973353195741,-7.2400000000000055,8.160000000000021,0.056597335319574116
20260827_114234,1,0.2,13.100000000000001,-7.080000000000005,8.000000000000021,1.0557843271894929,-7.080000000000005,8.000000000000021,0.05578432718949289
20260827_114234,1,0.2,13.200000000000001,-6.920000000000005,7.840000000000021,1.0549713190594117,-6.920000000000005,7.840000000000021,0.05497131905941166
20260827_114234,1,0.2,13.3,-6.780000000000006,7.7000000000000215,1.0541583109293304,-6.780000000000006,7.7000000000000215,0.05415831092933043
20260827_114234,1,0.2,13.4,-6.640000000000006,7.560000000000022,1.0533453027992492,-6.640000000000006,7.560000000000022,0.053345302799249206
20260827_114234,1,0.2,13.5,-6.500000000000006,7.420000000000022,1.052532294669168,-6.500000000000006,7.420000000000022,0.05253229466916798
20260827_114234,1,0.2,13.600000000000001,-6.3600000000000065,7.2800000000000225,1.0517192865390868,-6.3600000000000065,7.2800000000000225,0.05171928653908675
20260827_114234,1,0.2,13.700000000000001,-6.220000000000007,7.140000000000023,1.0509062784090055,-6.220000000000007,7.140000000000023,0.05090627840900552
20260827_114234,1,0.2,13.8,-6.080000000000007,7.000000000000023,1.0500932702789243,-6.080000000000007,7.000000000000023,0.050093270278924296
20260827_114234,1,0.2,13.9,-5.9400000000000075,6.860000000000023,1.049280262148843,-5.9400000000000075,6.860000000000023,0.04928026214884307
20260827_114234,1,0.2,14.0,-5.820000000000007,6.740000000000023,1.0484672540187618,-5.820000000000007,6.740000000000023,0.04846725401876184
20260827_114234,1,0.2,14.100000000000001,-5.700000000000007,6.620000000000023,1.0479872540187618,-5.700000000000007,6.620000000000023,0.047987254018761805
20260827_114234,1,0.2,14.200000000000001,-5.580000000000007,6.500000000000023,1.0475072540187618,-5.580000000000007,6.500000000000023,0.04750725401876177
20260827_114234,1,0.2,14.3,-5.460000000000007,6.380000000000023,1.0470272540187617,-5.460000000000007,6.380000000000023,0.04702725401876173
20260827_114234,1,0.2,14.4,-5.340000000000007,6.260000000000023,1.0465472540187617,-5.340000000000007,6.260000000000023,0.0465472540187617
20260827_114234,1,0.2,14.5,-5.220000000000007,6.140000000000023,1.0460672540187617,-5.220000000000007,6.140000000000023,0.04606725401876166
20260827_114234,1,0.2,14.600000000000001,-5.100000000000007,6.020000000000023,1.0455872540187616,-5.100000000000007,6.020000000000023,0.045587254018761625
20260827_114234,1,0.2,14.700000000000001,-4.980000000000007,5.900000000000023,1.0451072540187616,-4.980000000000007,5.900000000000023,0.04510725401876159
20260827_114234,1,0.2,14.8,-4.8600000000000065,5.7800000000000225,1.0446272540187616,-4.8600000000000065,5.7800000000000225,0.04462725401876155
20260827_114234,1,0.2,14.9,-4.740000000000006,5.660000000000022,1.0441472540187615,-4.740000000000006,5.660000000000022,0.04414725401876152
20260827_114234,1,0.2,15.0,-4.620000000000006,5.540000000000022,1.0436672540187615,-4.620000000000006,5.540000000000022,0.04366725401876148
20260827_114234,1,0.2,15.100000000000001,-4.500000000000006,5.420000000000022,1.0431872540187614,-4.500000000000006,5.420000000000022,0.043187254018761445
20260827_114234,1,0.2,15.200000000000001,-4.380000000000006,5.300000000000022,1.0427072540187614,-4.380000000000006,5.300000000000022,0.04270725401876141
20260827_114234,1,0.2,15.3,-4.260000000000006,5.180000000000022,1.0422272540187614,-4.260000000000006,5.180000000000022,0.04222725401876137
20260827_114234,1,0.2,15.4,-4.140000000000006,5.060000000000022,1.0417472540187613,-4.140000000000006,5.060000000000022,0.04174725401876134
20260827_114234,1,0.2,15.5,-4.020000000000006,4.940000000000022,1.0412672540187613,-4.020000000000006,4.940000000000022,0.0412672540187613
20260827_114234,1,0.2,15.600000000000001,-3.9000000000000057,4.820000000000022,1.0407872540187613,-3.9000000000000057,4.820000000000022,0.040787254018761265
20260827_114234,1,0.2,15.700000000000001,-3.7800000000000056,4.7000000000000215,1.0403072540187612,-3.7800000000000056,4.7000000000000215,0.04030725401876123
20260827_114234,1,0.2,15.8,-3.6600000000000055,4.580000000000021,1.0398272540187612,-3.6600000000000055,4.580000000000021,0.03982725401876119
20260827_114234,1,0.2,15.9,-3.5400000000000054,4.460000000000021,1.0393472540187612,-3.5400000000000054,4.460000000000021,0.03934725401876116
20260827_114234,1,0.2,16.0,-3.4200000000000053,4.340000000000021,1.0388672540187611,-3.4200000000000053,4.340000000000021,0.03886725401876112
20260827_114234,1,0.2,16.1,-3.300000000000005,4.220000000000021,1.038387254018761,-3.300000000000005,4.220000000000021,0.038387254018761086
20260827_114234,1,0.2,16.2,-3.180000000000005,4.100000000000021,1.037907254018761,-3.180000000000005,4.100000000000021,0.03790725401876105
20260827_114234,1,0.2,16.3,-3.060000000000005,3.980000000000021,1.037427254018761,-3.060000000000005,3.980000000000021,0.037427254018761014
20260827_114234,1,0.2,16.400000000000002,-2.940000000000005,3.8600000000000207,1.036947254018761,-2.940000000000005,3.8600000000000207,0.03694725401876098
20260827_114234,1,0.2,16.5,-2.8200000000000047,3.7400000000000206,1.036467254018761,-2.8200000000000047,3.7400000000000206,0.03646725401876094
20260827_114234,1,0.2,16.6,-2.7000000000000046,3.6200000000000205,1.035987254018761,-2.7000000000000046,3.6200000000000205,0.035987254018760906
20260827_114234,1,0.2,16.7,-2.5800000000000045,3.5000000000000204,1.0355072540187609,-2.5800000000000045,3.5000000000000204,0.03550725401876087
20260827_114234,1,0.2,16.8,-2.4600000000000044,3.3800000000000203,1.0350272540187608,-2.4600000000000044,3.3800000000000203,0.035027254018760834
20260827_114234,1,0.2,16.900000000000002,-2.3400000000000043,3.26000000000002,1.0345472540187608,-2.3400000000000043,3.26000000000002,0.0345472540187608
20260827_114234,1,0.2,17.0,-2.220000000000004,3.14000000000002,1.0340672540187608,-2.220000000000004,3.14000000000002,0.03406725401876076
20260827_114234,1,0.2,17.1,-2.100000000000004,3.02000000000002,1.0335872540187607,-2.100000000000004,3.02000000000002,0.033587254018760726
20260827_114234,1,0.2,17.2,-1.980000000000004,2.90000000000002,1.0331072540187607,-1.980000000000004,2.90000000000002,0.03310725401876069
20260827_114234,1,0.2,17.3,-1.8600000000000039,2.78000000000002,1.0326272540187607,-1.8600000000000039,2.78000000000002,0.032627254018760654
20260827_114234,1,0.2,17.400000000000002,-1.7400000000000038,2.6600000000000197,1.0321472540187606,-1.7400000000000038,2.6600000000000197,0.03214725401876062
20260827_114234,1,0.2,17.5,-1.6200000000000037,2.5400000000000196,1.0316672540187606,-1.6200000000000037,2.5400000000000196,0.03166725401876058
20260827_114234,1,0.2,17.6,-1.5000000000000036,2.4200000000000195,1.0311872540187605,-1.5000000000000036,2.4200000000000195,0.031187254018760546
20260827_114234,1,0.2,17.7,-1.3800000000000034,2.3000000000000194,1.0307072540187605,-1.3800000000000034,2.3000000000000194,0.03070725401876051
20260827_114234,1,0.2,17.8,-1.2600000000000033,2.1800000000000193,1.0302272540187605,-1.2600000000000033,2.1800000000000193,0.030227254018760474
20260827_114234,1,0.2,17.900000000000002,-1.1400000000000032,2.060000000000019,1.0297472540187604,-1.1400000000000032,2.060000000000019,0.02974725401876044
20260827_114234,1,0.2,18.0,-1.0200000000000031,1.940000000000019,1.0292672540187604,-1.0200000000000031,1.940000000000019,0.029267254018760402
20260827_114234,1,0.2,18.1,-0.9000000000000031,1.820000000000019,1.0287872540187604,-0.9000000000000031,1.820000000000019,0.028787254018760366
20260827_114234,1,0.2,18.2,-0.7800000000000031,1.7000000000000188,1.0283072540187603,-0.7800000000000031,1.7000000000000188,0.02830725401876033
20260827_114234,1,0.2,18.3,-0.6600000000000031,1.5800000000000187,1.0278272540187603,-0.6600000000000031,1.5800000000000187,0.027827254018760295
20260827_114234,1,0.2,18.400000000000002,-0.5400000000000031,1.4600000000000186,1.0273472540187603,-0.5400000000000031,1.4600000000000186,0.02734725401876026
20260827_114234,1,0.2,18.5,-0.42000000000000315,1.3400000000000185,1.0268672540187602,-0.42000000000000315,1.3400000000000185,0.026867254018760223
20260827_114234,1,0.2,18.6,-0.30000000000000315,1.2200000000000184,1.0263872540187602,-0.30000000000000315,1.2200000000000184,0.026387254018760187
20260827_114234,1,0.2,18.7,-0.18000000000000313,1.1000000000000183,1.0259072540187602,-0.18000000000000313,1.1000000000000183,0.02590725401876015
20260827_114234,1,0.2,18.8,-0.060000000000003106,0.9800000000000183,1.0254272540187601,-0.060000000000003106,0.9800000000000183,0.025427254018760115
20260828_122034,1,0.2,0.1,80.0,50.0,2.0,80.0,50.0,1.0
20260828_122034,1,0.2,0.2,80.0,50.0,2.0,80.0,50.0,1.0
20260828_122034,1,0.2,0.30000000000000004,80.0,50.0,2.0,80.0,50.0,1.0
20260828_122034,1,0.2,0.4,80.0,50.0,2.0,80.0,50.0,1.0
20260828_122034,1,0.2,0.5,80.0,50.0,2.0,80.0,50.0,1.0
20260828_122034,1,0.2,0.6000000000000001,80.0,50.0,2.0,80.0,50.0,1.0
20260828_122034,1,0.2,0.7000000000000001,80.0,50.0,2.0,80.0,50.0,1.0
20260828_122034,1,0.2,0.8,80.0,50.0,2.0,80.0,50.0,1.0
20260828_122034,1,0.2,0.9,80.0,50.0,2.0,80.0,50.0,1.0
20260828_122034,1,0.2,1.0,80.0,50.0,2.0,80.0,50.0,1.0
20260828_122034,1,0.2,1.1,80.0,50.0,2.0,80.0,50.0,1.0
20260828_122034,1,0.2,1.2000000000000002,80.0,50.0,2.0,80.0,50.0,1.0
20260828_122034,1,0.2,1.3,80.0,50.0,2.0,80.0,50.0,1.0
20260828_122034,1,0.2,1.4000000000000001,80.0,50.0,2.0,80.0,50.0,1.0
20260828_122034,1,0.2,1.5,80.0,50.0,2.0,80.0,50.0,1.0
20260828_122034,1,0.2,1.6,80.0,50.0,2.0,80.0,50.0,1.0
20260828_122034,1,0.2,1.7000000000000002,80.0,50.0,2.0,80.0,50.0,1.0
20260828_122034,1,0.2,1.8,80.0,50.0,2.0,80.0,50.0,1.0
20260828_122034,1,0.2,1.9000000000000001,80.0,50.0,2.0,80.0,50.0,1.0
20260828_122034,1,0.2,2.0,80.0,50.0,2.0,80.0,50.0,1.0
20260828_122034,1,0.2,2.1,80.0,50.0,2.0,80.0,50.0,1.0
20260828_122034,1,0.2,2.2,80.0,50.0,2.0,80.0,50.0,1.0
20260828_122034,1,0.2,2.3000000000000003,80.0,50.0,2.0,80.0,50.0,1.0
20260828_122034,1,0.2,2.4000000000000004,80.0,50.0,2.0,80.0,50.0,1.0
20260828_122034,1,0.2,2.5,80.0,50.0,2.0,80.0,50.0,1.0
20260828_122034,1,0.2,2.6,80.0,50.0,2.0,80.0,50.0,1.0
20260828_122034,1,0.2,2.7,78.4,49.0,1.9817910447761193,78.4,49.0,0.9817910447761193
20260828_122034,1,0.2,2.8000000000000003,76.80000000000001,48.0,1.9635820895522387,76.80000000000001,48.0,0.9635820895522387
20260828_122034,1,0.2,2.9000000000000004,75.28000000000002,47.04,1.945373134328358,75.28000000000002,47.04,0.945373134328358
20260828_122034,1,0.2,3.0,73.78000000000002,46.1,1.9271641791044773,73.78000000000002,46.1,0.9271641791044773
20260828_122034,1,0.2,3.1,72.32000000000002,45.18,1.910062729829115,72.32000000000002,45.18,0.9100627298291151
20260828_122034,1,0.2,3.2,70.88000000000002,44.28,1.8929612805537528,70.88000000000002,44.28,0.8929612805537528
20260828_122034,1,0.2,3.3000000000000003,69.48000000000002,43.4,1.8758598312783905,69.48000000000002,43.4,0.8758598312783905
20260828_122034,1,0.2,3.4000000000000004,68.10000000000002,42.54,1.8598034932502214,68.10000000000002,42.54,0.8598034932502214
20260828_122034,1,0.2,3.5,66.74000000000002,41.699999999999996,1.8437471552220523,66.74000000000002,41.699999999999996,0.8437471552220523
20260828_122034,1,0.2,3.6,65.42000000000002,40.879999999999995,1.8276908171938833,65.42000000000002,40.879999999999995,0.8276908171938833
20260828_122034,1,0.2,3.7,64.12000000000002,40.08,1.8126223240431982,64.12000000000002,40.08,0.8126223240431982
20260828_122034,1,0.2,3.8000000000000003,62.84000000000002,39.28,1.7975538308925132,62.84000000000002,39.28,0.7975538308925132
20260828_122034,1,0.2,3.9000000000000004,61.600000000000016,38.5,1.7824853377418282,61.600000000000016,38.5,0.7824853377418282
20260828_122034,1,0.2,4.0,60.38000000000002,37.74,1.7674168445911431,60.38000000000002,37.74,0.7674168445911431
20260828_122034,1,0.2,4.1000000000000005,59.180000000000014,37.0,1.7532835112578098,59.180000000000014,37.0,0.7532835112578098
20260828_122034,1,0.2,4.2,58.000000000000014,36.26,1.7391501779244765,58.000000000000014,36.26,0.7391501779244765
20260828_122034,1,0.2,4.3,56.84000000000002,35.54,1.7250168445911431,56.84000000000002,35.54,0.7250168445911431
20260828_122034,1,0.2,4.4,55.72000000000002,34.839999999999996,1.7117700913443898,55.72000000000002,34.839999999999996,0.7117700913443898
20260828_122034,1,0.2,4.5,54.62000000000002,34.16,1.6985233380976366,54.62000000000002,34.16,0.6985233380976366
20260828_122034,1,0.2,4.6000000000000005,53.54000000000002,33.48,1.6852765848508833,53.54000000000002,33.48,0.6852765848508833
20260828_122034,1,0.2,4.7,52.48000000000002,32.81999999999999,1.67202983160413,52.48000000000002,32.81999999999999,0.67202983160413
20260828_122034,1,0.2,4.800000000000001,51.44000000000002,32.17999999999999,1.6596247683129908,51.44000000000002,32.17999999999999,0.6596247683129908
20260828_122034,1,0.2,4.9,50.420000000000016,31.539999999999992,1.6472197050218516,50.420000000000016,31.539999999999992,0.6472197050218516
20260828_122034,1,0.2,5.0,49.420000000000016,30.91999999999999,1.6348146417307123,49.420000000000016,30.91999999999999,0.6348146417307123
20260828_122034,1,0.2,5.1000000000000005,48.44000000000002,30.31999999999999,1.6232097034591073,48.44000000000002,30.31999999999999,0.6232097034591073
20260828_122034,1,0.2,5.2,47.48000000000002,29.719999999999988,1.6116047651875023,47.48000000000002,29.719999999999988,0.6116047651875023
20260828_122034,1,0.2,5.300000000000001,46.54000000000002,29.139999999999986,1.5999998269158973,46.54000000000002,29.139999999999986,0.5999998269158973
20260828_122034,1,0.2,5.4,45.62000000000002,28.559999999999988,1.5891564534219214,45.62000000000002,28.559999999999988,0.5891564534219214
20260828_122034,1,0.2,5.5,44.72000000000002,27.99999999999999,1.5783130799279455,44.72000000000002,27.99999999999999,0.5783130799279455
20260828_122034,1,0.2,5.6000000000000005,43.84000000000002,27.43999999999999,1.5674697064339695,43.84000000000002,27.43999999999999,0.5674697064339695
20260828_122034,1,0.2,5.7,42.98000000000002,26.89999999999999,1.5566263329399936,42.98000000000002,26.89999999999999,0.5566263329399936
20260828_122034,1,0.2,5.800000000000001,42.140000000000015,26.379999999999992,1.54650868588117,42.140000000000015,26.379999999999992,0.5465086858811701
20260828_122034,1,0.2,5.9,41.30000000000001,25.859999999999992,1.5363910388223465,41.30000000000001,25.859999999999992,0.5363910388223465
20260828_122034,1,0.2,6.0,40.48000000000001,25.359999999999992,1.526273391763523,40.48000000000001,25.359999999999992,0.526273391763523
20260828_122034,1,0.2,6.1000000000000005,39.680000000000014,24.859999999999992,1.5161557447046994,39.680000000000014,24.859999999999992,0.5161557447046994
20260828_122034,1,0.2,6.2,38.90000000000001,24.379999999999992,1.5067304573483775,38.90000000000001,24.379999999999992,0.5067304573483775
20260828_122034,1,0.2,6.300000000000001,38.140000000000015,23.89999999999999,1.4973051699920557,38.140000000000015,23.89999999999999,0.49730516999205565
20260828_122034,1,0.2,6.4,37.38000000000002,23.43999999999999,1.4878798826357338,37.38000000000002,23.43999999999999,0.4878798826357338
20260828_122034,1,0.2,6.5,36.640000000000015,22.97999999999999,1.4791158376919136,36.640000000000015,22.97999999999999,0.47911583769191357
20260828_122034,1,0.2,6.6000000000000005,35.920000000000016,22.53999999999999,1.4703517927480934,35.920000000000016,22.53999999999999,0.47035179274809336
20260828_122034,1,0.2,6.7,35.22000000000001,22.099999999999987,1.4615877478042731,35.22000000000001,22.099999999999987,0.46158774780427314
20260828_122034,1,0.2,6.800000000000001,34.52000000000001,21.659999999999986,1.452823702860453,34.52000000000001,21.659999999999986,0.4528237028604529
20260828_122034,1,0.2,6.9,33.84000000000001,21.239999999999984,1.4446918347285849,33.84000000000001,21.239999999999984,0.44469183472858487
20260828_122034,1,0.2,7.0,33.18000000000001,20.819999999999983,1.4365599665967168,33.18000000000001,20.819999999999983,0.4365599665967168
20260828_122034,1,0.2,7.1000000000000005,32.52000000000001,20.419999999999984,1.4284280984648488,32.52000000000001,20.419999999999984,0.42842809846484875
20260828_122034,1,0.2,7.2,31.88000000000001,20.019999999999985,1.4202962303329807,31.88000000000001,20.019999999999985,0.4202962303329807
20260828_122034,1,0.2,7.300000000000001,31.26000000000001,19.619999999999987,1.4127693486125505,31.26000000000001,19.619999999999987,0.41276934861255055
20260828_122034,1,0.2,7.4,30.640000000000008,19.239999999999988,1.4052424668921204,30.640000000000008,19.239999999999988,0.4052424668921204
20260828_122034,1,0.2,7.5,30.040000000000006,18.85999999999999,1.3977155851716903,30.040000000000006,18.85999999999999,0.39771558517169026
20260828_122034,1,0.2,7.6000000000000005,29.440000000000005,18.49999999999999,1.39018870345126,29.440000000000005,18.49999999999999,0.3901887034512601
20260828_122034,1,0.2,7.7,28.860000000000007,18.13999999999999,1.3832413350302075,28.860000000000007,18.13999999999999,0.3832413350302075
20260828_122034,1,0.2,7.800000000000001,28.300000000000008,17.77999999999999,1.376293966609155,28.300000000000008,17.77999999999999,0.37629396660915493
20260828_122034,1,0.2,7.9,27.74000000000001,17.43999999999999,1.3693465981881023,27.74000000000001,17.43999999999999,0.36934659818810234
20260828_122034,1,0.2,8.0,27.20000000000001,17.09999999999999,1.3623992297670497,27.20000000000001,17.09999999999999,0.36239922976704975
20260828_122034,1,0.2,8.1,26.66000000000001,16.75999999999999,1.3554518613459972,26.66000000000001,16.75999999999999,0.35545186134599716
20260828_122034,1,0.2,8.200000000000001,26.14000000000001,16.43999999999999,1.3490601087686775,26.14000000000001,16.43999999999999,0.34906010876867755
20260828_122034,1,0.2,8.3,25.62000000000001,16.11999999999999,1.342668356191358,25.62000000000001,16.11999999999999,0.34266835619135794
20260828_122034,1,0.2,8.4,25.12000000000001,15.79999999999999,1.3362766036140383,25.12000000000001,15.79999999999999,0.3362766036140383
20260828_122034,1,0.2,8.5,24.62000000000001,15.49999999999999,1.3298848510367187,24.62000000000001,15.49999999999999,0.3298848510367187
20260828_122034,1,0.2,8.6,24.14000000000001,15.199999999999989,1.324026265178133,24.14000000000001,15.199999999999989,0.32402626517813293
20260828_122034,1,0.2,8.700000000000001,23.66000000000001,14.899999999999988,1.3181676793195471,23.66000000000001,14.899999999999988,0.31816767931954715
20260828_122034,1,0.2,8.8,23.20000000000001,14.619999999999989,1.3123090934609614,23.20000000000001,14.619999999999989,0.31230909346096136
20260828_122034,1,0.2,8.9,22.74000000000001,14.33999999999999,1.3064505076023756,22.74000000000001,14.33999999999999,0.3064505076023756
20260828_122034,1,0.2,9.0,22.300000000000008,14.05999999999999,1.3005919217437898,22.300000000000008,14.05999999999999,0.3005919217437898
20260828_122034,1,0.2,9.1,21.860000000000007,13.77999999999999,1.2952453870903244,21.860000000000007,13.77999999999999,0.29524538709032444
20260828_122034,1,0.2,9.200000000000001,21.440000000000005,13.51999999999999,1.289898852436859,21.440000000000005,13.51999999999999,0.2898988524368591
20260828_122034,1,0.2,9.3,21.020000000000003,13.259999999999991,1.2845523177833937,21.020000000000003,13.259999999999991,0.28455231778339374
20260828_122034,1,0.2,9.4,20.6,12.999999999999991,1.2792057831299284,20.6,12.999999999999991,0.2792057831299284
20260828_122034,1,0.2,9.5,20.200000000000003,12.739999999999991,1.2743514141978896,20.200000000000003,12.739999999999991,0.27435141419788955
20260828_122034,1,0.2,9.600000000000001,19.800000000000004,12.499999999999991,1.2694970452658507,19.800000000000004,12.499999999999991,0.2694970452658507
20260828_122034,1,0.2,9.700000000000001,19.420000000000005,12.259999999999991,1.2646426763338119,19.420000000000005,12.259999999999991,0.2646426763338119
20260828_122034,1,0.2,9.8,19.040000000000006,12.01999999999999,1.259788307401773,19.040000000000006,12.01999999999999,0.25978830740177306
20260828_122034,1,0.2,9.9,18.660000000000007,11.77999999999999,1.2549339384697342,18.660000000000007,11.77999999999999,0.2549339384697342
20260828_122034,1,0.2,10.0,18.300000000000008,11.55999999999999,1.2500795695376954,18.300000000000008,11.55999999999999,0.2500795695376954
20260828_122034,1,0.2,10.100000000000001,17.94000000000001,11.33999999999999,1.245698617156743,17.94000000000001,11.33999999999999,0.24569861715674302
20260828_122034,1,0.2,10.200000000000001,17.60000000000001,11.119999999999989,1.2413176647757906,17.60000000000001,11.119999999999989,0.24131766477579064
20260828_122034,1,0.2,10.3,17.26000000000001,10.899999999999988,1.2369367123948383,17.26000000000001,10.899999999999988,0.23693671239483827
20260828_122034,1,0.2,10.4,16.92000000000001,10.699999999999989,1.232555760013886,16.92000000000001,10.699999999999989,0.2325557600138859
20260828_122034,1,0.2,10.5,16.60000000000001,10.49999999999999,1.2281748076329335,16.60000000000001,10.49999999999999,0.22817480763293352
20260828_122034,1,0.2,10.600000000000001,16.28000000000001,10.29999999999999,1.2242495739880737,16.28000000000001,10.29999999999999,0.22424957398807366
20260828_122034,1,0.2,10.700000000000001,15.960000000000008,10.09999999999999,1.2203243403432138,15.960000000000008,10.09999999999999,0.2203243403432138
20260828_122034,1,0.2,10.8,15.660000000000007,9.899999999999991,1.216399106698354,15.660000000000007,9.899999999999991,0.21639910669835394
20260828_122034,1,0.2,10.9,15.360000000000007,9.719999999999992,1.212473873053494,15.360000000000007,9.719999999999992,0.21247387305349408
20260828_122034,1,0.2,11.0,15.060000000000006,9.539999999999992,1.2085486394086342,15.060000000000006,9.539999999999992,0.20854863940863422
20260828_122034,1,0.2,11.100000000000001,14.760000000000005,9.359999999999992,1.2046234057637744,14.760000000000005,9.359999999999992,0.20462340576377436
20260828_122034,1,0.2,11.200000000000001,14.480000000000006,9.179999999999993,1.2011371672316642,14.480000000000006,9.179999999999993,0.2011371672316642
20260828_122034,1,0.2,11.3,14.200000000000006,8.999999999999993,1.197650928699554,14.200000000000006,8.999999999999993,0.19765092869955403
20260828_122034,1,0.2,11.4,13.920000000000007,8.819999999999993,1.1941646901674439,13.920000000000007,8.819999999999993,0.19416469016744387
20260828_122034,1,0.2,11.5,13.660000000000007,8.659999999999993,1.1906784516353337,13.660000000000007,8.659999999999993,0.1906784516353337
20260828_122034,1,0.2,11.600000000000001,13.400000000000007,8.499999999999993,1.1871922131032235,13.400000000000007,8.499999999999993,0.18719221310322354
20260828_122034,1,0.2,11.700000000000001,13.140000000000008,8.339999999999993,1.1837059745711134,13.140000000000008,8.339999999999993,0.18370597457111337
20260828_122034,1,0.2,11.8,12.880000000000008,8.179999999999993,1.1806429115080503,12.880000000000008,8.179999999999993,0.18064291150805034
20260828_122034,1,0.2,11.9,12.640000000000008,8.019999999999992,1.1775798484449873,12.640000000000008,8.019999999999992,0.1775798484449873
20260828_122034,1,0.2,12.0,12.400000000000007,7.859999999999992,1.1745167853819243,12.400000000000007,7.859999999999992,0.17451678538192428
20260828_122034,1,0.2,12.100000000000001,12.160000000000007,7.719999999999993,1.1714537223188612,12.160000000000007,7.719999999999993,0.17145372231886125
20260828_122034,1,0.2,12.200000000000001,11.920000000000007,7.579999999999993,1.1683906592557982,11.920000000000007,7.579999999999993,0.16839065925579821
20260828_122034,1,0.2,12.3,11.700000000000006,7.439999999999993,1.1653275961927352,11.700000000000006,7.439999999999993,0.16532759619273518
20260828_122034,1,0.2,12.4,11.480000000000006,7.299999999999994,1.1622645331296722,11.480000000000006,7.299999999999994,0.16226453312967215
20260828_122034,1,0.2,12.5,11.260000000000005,7.159999999999994,1.159609665873035,11.260000000000005,7.159999999999994,0.15960966587303504
20260828_122034,1,0.2,12.600000000000001,11.040000000000004,7.019999999999994,1.156954798616398,11.040000000000004,7.019999999999994,0.15695479861639794
20260828_122034,1,0.2,12.700000000000001,10.820000000000004,6.879999999999995,1.1542999313597608,10.820000000000004,6.879999999999995,0.15429993135976083
20260828_122034,1,0.2,12.8,10.620000000000005,6.7599999999999945,1.1516450641031237,10.620000000000005,6.7599999999999945,0.15164506410312373
20260828_122034,1,0.2,12.9,10.420000000000005,6.639999999999994,1.1489901968464866,10.420000000000005,6.639999999999994,0.14899019684648662
20260828_122034,1,0.2,13.0,10.220000000000006,6.519999999999994,1.1463353295898495,10.220000000000006,6.519999999999994,0.14633532958984952
20260828_122034,1,0.2,13.100000000000001,10.020000000000007,6.399999999999994,1.1436804623332124,10.020000000000007,6.399999999999994,0.1436804623332124
20260828_122034,1,0.2,13.200000000000001,9.820000000000007,6.279999999999994,1.1410255950765753,9.820000000000007,6.279999999999994,0.1410255950765753
20260828_122034,1,0.2,13.3,9.640000000000008,6.159999999999994,1.138764725511358,9.640000000000008,6.159999999999994,0.138764725511358
20260828_122034,1,0.2,13.4,9.460000000000008,6.039999999999994,1.1365038559461407,9.460000000000008,6.039999999999994,0.13650385594614067
20260828_122034,1,0.2,13.5,9.280000000000008,5.919999999999994,1.1342429863809234,9.280000000000008,5.919999999999994,0.13424298638092336
20260828_122034,1,0.2,13.600000000000001,9.100000000000009,5.819999999999994,1.131982116815706,9.100000000000009,5.819999999999994,0.13198211681570604
20260828_122034,1,0.2,13.700000000000001,8.920000000000009,5.719999999999994,1.1297212472504887,8.920000000000009,5.719999999999994,0.12972124725048872
20260828_122034,1,0.2,13.8,8.760000000000009,5.619999999999995,1.1274603776852714,8.760000000000009,5.619999999999995,0.1274603776852714
20260828_122034,1,0.2,13.9,8.600000000000009,5.519999999999995,1.125199508120054,8.600000000000009,5.519999999999995,0.1251995081200541
20260828_122034,1,0.2,14.0,8.440000000000008,5.4199999999999955,1.1229386385548368,8.440000000000008,5.4199999999999955,0.12293863855483678
20260828_122034,1,0.2,14.100000000000001,8.280000000000008,5.319999999999996,1.1206777689896195,8.280000000000008,5.319999999999996,0.12067776898961946
20260828_122034,1,0.2,14.200000000000001,8.120000000000008,5.219999999999996,1.1187974271092775,8.120000000000008,5.219999999999996,0.11879742710927754
20260828_122034,1,0.2,14.3,7.960000000000008,5.1199999999999966,1.1169170852289356,7.960000000000008,5.1199999999999966,0.11691708522893562
20260828_122034,1,0.2,14.4,7.820000000000008,5.019999999999997,1.1150367433485937,7.820000000000008,5.019999999999997,0.1150367433485937
20260828_122034,1,0.2,14.5,7.680000000000009,4.919999999999997,1.1131564014682518,7.680000000000009,4.919999999999997,0.11315640146825179
20260828_122034,1,0.2,14.600000000000001,7.540000000000009,4.839999999999997,1.1112760595879099,7.540000000000009,4.839999999999997,0.11127605958790987
20260828_122034,1,0.2,14.700000000000001,7.400000000000009,4.759999999999997,1.109395717707568,7.400000000000009,4.759999999999997,0.10939571770756795
20260828_122034,1,0.2,14.8,7.26000000000001,4.679999999999997,1.107515375827226,7.26000000000001,4.679999999999997,0.10751537582722603
20260828_122034,1,0.2,14.9,7.12000000000001,4.599999999999997,1.1056350339468841,7.12000000000001,4.599999999999997,0.10563503394688412
20260828_122034,1,0.2,15.0,6.98000000000001,4.519999999999997,1.1037546920665422,6.98000000000001,4.519999999999997,0.1037546920665422
20260828_122034,1,0.2,15.100000000000001,6.86000000000001,4.439999999999997,1.1018743501862003,6.86000000000001,4.439999999999997,0.10187435018620028
20260828_122034,1,0.2,15.200000000000001,6.74000000000001,4.359999999999997,1.1003617451441834,6.74000000000001,4.359999999999997,0.10036174514418339
20260828_122034,1,0.2,15.3,6.62000000000001,4.279999999999997,1.0988491401021665,6.62000000000001,4.279999999999997,0.0988491401021665
20260828_122034,1,0.2,15.4,6.50000000000001,4.199999999999997,1.0973365350601496,6.50000000000001,4.199999999999997,0.09733653506014961
20260828_122034,1,0.2,15.5,6.38000000000001,4.1199999999999966,1.0958239300181327,6.38000000000001,4.1199999999999966,0.09582393001813272
20260828_122034,1,0.2,15.600000000000001,6.26000000000001,4.0399999999999965,1.0943113249761158,6.26000000000001,4.0399999999999965,0.09431132497611583
20260828_122034,1,0.2,15.700000000000001,6.1400000000000095,3.9599999999999964,1.092798719934099,6.1400000000000095,3.9599999999999964,0.09279871993409894
20260828_122034,1,0.2,15.8,6.020000000000009,3.8999999999999964,1.091286114892082,6.020000000000009,3.8999999999999964,0.09128611489208205
20260828_122034,1,0.2,15.9,5.900000000000009,3.8399999999999963,1.0897735098500652,5.900000000000009,3.8399999999999963,0.08977350985006516
20260828_122034,1,0.2,16.0,5.80000000000001,3.7799999999999963,1.0882609048080483,5.80000000000001,3.7799999999999963,0.08826090480804827
20260828_122034,1,0.2,16.1,5.70000000000001,3.719999999999996,1.0867482997660314,5.70000000000001,3.719999999999996,0.08674829976603138
20260828_122034,1,0.2,16.2,5.60000000000001,3.659999999999996,1.0852356947240145,5.60000000000001,3.659999999999996,0.08523569472401449
20260828_122034,1,0.2,16.3,5.500000000000011,3.599999999999996,1.0837230896819976,5.500000000000011,3.599999999999996,0.0837230896819976
20260828_122034,1,0.2,16.400000000000002,5.400000000000011,3.539999999999996,1.082566064888609,5.400000000000011,3.539999999999996,0.08256606488860907
20260828_122034,1,0.2,16.5,5.300000000000011,3.479999999999996,1.0814090400952205,5.300000000000011,3.479999999999996,0.08140904009522054
20260828_122034,1,0.2,16.6,5.200000000000012,3.419999999999996,1.080252015301832,5.200000000000012,3.419999999999996,0.08025201530183201
20260828_122034,1,0.2,16.7,5.100000000000012,3.359999999999996,1.0790949905084435,5.100000000000012,3.359999999999996,0.07909499050844349
20260828_122034,1,0.2,16.8,5.000000000000012,3.299999999999996,1.077937965715055,5.000000000000012,3.299999999999996,0.07793796571505496
20260828_122034,1,0.2,16.900000000000002,4.900000000000013,3.2399999999999958,1.0767809409216664,4.900000000000013,3.2399999999999958,0.07678094092166643
20260828_122034,1,0.2,17.0,4.820000000000013,3.1799999999999957,1.075623916128278,4.820000000000013,3.1799999999999957,0.0756239161282779
20260828_122034,1,0.2,17.1,4.740000000000013,3.1199999999999957,1.0744668913348894,4.740000000000013,3.1199999999999957,0.07446689133488937
20260828_122034,1,0.2,17.2,4.660000000000013,3.0599999999999956,1.0733098665415008,4.660000000000013,3.0599999999999956,0.07330986654150085
20260828_122034,1,0.2,17.3,4.5800000000000125,2.9999999999999956,1.0721528417481123,4.5800000000000125,2.9999999999999956,0.07215284174811232
20260828_122034,1,0.2,17.400000000000002,4.500000000000012,2.9399999999999955,1.0709958169547238,4.500000000000012,2.9399999999999955,0.07099581695472379
20260828_122034,1,0.2,17.5,4.420000000000012,2.8999999999999955,1.0698387921613353,4.420000000000012,2.8999999999999955,0.06983879216133526
20260828_122034,1,0.2,17.6,4.340000000000012,2.8599999999999954,1.0686817673679467,4.340000000000012,2.8599999999999954,0.06868176736794673
20260828_122034,1,0.2,17.7,4.260000000000012,2.8199999999999954,1.0675247425745582,4.260000000000012,2.8199999999999954,0.0675247425745582
20260828_122034,1,0.2,17.8,4.180000000000012,2.7799999999999954,1.0663677177811697,4.180000000000012,2.7799999999999954,0.06636771778116968
20260828_122034,1,0.2,17.900000000000002,4.100000000000012,2.7399999999999953,1.0652106929877811,4.100000000000012,2.7399999999999953,0.06521069298778115
20260828_122034,1,0.2,18.0,4.020000000000012,2.6999999999999953,1.0640536681943926,4.020000000000012,2.6999999999999953,0.06405366819439262
20260828_122034,1,0.2,18.1,3.940000000000012,2.6599999999999953,1.062896643401004,3.940000000000012,2.6599999999999953,0.0628966434010041
20260828_122034,1,0.2,18.2,3.860000000000012,2.619999999999995,1.0617396186076156,3.860000000000012,2.619999999999995,0.061739618607615565
20260828_122034,1,0.2,18.3,3.780000000000012,2.579999999999995,1.060582593814227,3.780000000000012,2.579999999999995,0.06058259381422704
20260828_122034,1,0.2,18.400000000000002,3.7000000000000117,2.539999999999995,1.0594255690208385,3.7000000000000117,2.539999999999995,0.05942556902083851
20260828_122034,1,0.2,18.5,3.6200000000000117,2.499999999999995,1.05826854422745,3.6200000000000117,2.499999999999995,0.05826854422744998
20260828_122034,1,0.2,18.6,3.5400000000000116,2.459999999999995,1.0571115194340615,3.5400000000000116,2.459999999999995,0.05711151943406145
20260828_122034,1,0.2,18.7,3.4600000000000115,2.419999999999995,1.055954494640673,3.4600000000000115,2.419999999999995,0.055954494640672925
20260828_122034,1,0.2,18.8,3.3800000000000114,2.379999999999995,1.0547974698472844,3.3800000000000114,2.379999999999995,0.0547974698472844
20260828_122034,1,0.2,18.900000000000002,3.3000000000000114,2.339999999999995,1.0536404450538959,3.3000000000000114,2.339999999999995,0.05364044505389587
20260828_122034,1,0.2,19.0,3.2200000000000113,2.299999999999995,1.0524834202605073,3.2200000000000113,2.299999999999995,0.05248342026050734
20260828_122034,1,0.2,19.1,3.1400000000000112,2.259999999999995,1.0513263954671188,3.1400000000000112,2.259999999999995,0.05132639546711881
20260828_122034,1,0.2,19.200000000000003,3.060000000000011,2.219999999999995,1.0501693706737303,3.060000000000011,2.219999999999995,0.050169370673730285
20260828_122034,1,0.2,19.3,2.980000000000011,2.179999999999995,1.0490123458803418,2.980000000000011,2.179999999999995,0.04901234588034176
20260828_122034,1,0.2,19.400000000000002,2.900000000000011,2.139999999999995,1.0478553210869532,2.900000000000011,2.139999999999995,0.04785532108695323
20260828_122034,1,0.2,19.5,2.820000000000011,2.0999999999999948,1.0466982962935647,2.820000000000011,2.0999999999999948,0.0466982962935647
20260828_122034,1,0.2,19.6,2.740000000000011,2.0599999999999947,1.0455412715001762,2.740000000000011,2.0599999999999947,0.04554127150017617
20260828_122034,1,0.2,19.700000000000003,2.660000000000011,2.0199999999999947,1.0443842467067876,2.660000000000011,2.0199999999999947,0.044384246706787644
20260828_122034,1,0.2,19.8,2.5800000000000107,1.9799999999999947,1.0432272219133991,2.5800000000000107,1.9799999999999947,0.043227221913399116
20260828_122034,1,0.2,19.900000000000002,2.5000000000000107,1.9399999999999946,1.0420701971200106,2.5000000000000107,1.9399999999999946,0.04207019712001059
20260828_122034,1,0.2,20.0,2.4200000000000106,1.8999999999999946,1.040913172326622,2.4200000000000106,1.8999999999999946,0.04091317232662206
20260828_122034,1,0.2,20.1,2.3400000000000105,1.8599999999999945,1.0397561475332335,2.3400000000000105,1.8599999999999945,0.03975614753323353
20260828_122034,1,0.2,20.200000000000003,2.2600000000000104,1.8199999999999945,1.038599122739845,2.2600000000000104,1.8199999999999945,0.038599122739845004
20260828_122034,1,0.2,20.3,2.1800000000000104,1.7799999999999945,1.0374420979464565,2.1800000000000104,1.7799999999999945,0.037442097946456476
20260828_122034,1,0.2,20.400000000000002,2.1000000000000103,1.7399999999999944,1.036285073153068,2.1000000000000103,1.7399999999999944,0.03628507315306795
20260828_122034,1,0.2,20.5,2.0200000000000102,1.6999999999999944,1.0351280483596794,2.0200000000000102,1.6999999999999944,0.03512804835967942
20260828_122034,1,0.2,20.6,1.9400000000000102,1.6599999999999944,1.033971023566291,1.9400000000000102,1.6599999999999944,0.03397102356629089
20260828_122034,1,0.2,20.700000000000003,1.86000000000001,1.6199999999999943,1.0328139987729024,1.86000000000001,1.6199999999999943,0.032813998772902364
20260828_122034,1,0.2,20.8,1.78000000000001,1.5799999999999943,1.0316569739795138,1.78000000000001,1.5799999999999943,0.031656973979513836
20260828_122034,1,0.2,20.900000000000002,1.70000000000001,1.5399999999999943,1.0304999491861253,1.70000000000001,1.5399999999999943,0.030499949186125308
20260828_122034,1,0.2,21.0,1.6200000000000099,1.4999999999999942,1.0293429243927368,1.6200000000000099,1.4999999999999942,0.02934292439273678
20260828_122034,1,0.2,21.1,1.5400000000000098,1.4599999999999942,1.0281858995993483,1.5400000000000098,1.4599999999999942,0.028185899599348252
20260828_122034,1,0.2,21.200000000000003,1.4600000000000097,1.4199999999999942,1.0270288748059597,1.4600000000000097,1.4199999999999942,0.027028874805959724
20260828_122034,1,0.2,21.3,1.3800000000000097,1.3799999999999941,1.0258718500125712,1.3800000000000097,1.3799999999999941,0.025871850012571196
20260828_122034,1,0.2,21.400000000000002,1.3000000000000096,1.339999999999994,1.0247148252191827,1.3000000000000096,1.339999999999994,0.024714825219182668
20260828_122034,1,0.2,21.5,1.2200000000000095,1.299999999999994,1.0235578004257941,1.2200000000000095,1.299999999999994,0.02355780042579414
20260828_122034,1,0.2,21.6,1.1400000000000095,1.259999999999994,1.0224007756324056,1.1400000000000095,1.259999999999994,0.022400775632405612
20260828_122034,1,0.2,21.700000000000003,1.0600000000000094,1.219999999999994,1.021243750839017,1.0600000000000094,1.219999999999994,0.021243750839017084
20260828_122034,1,0.2,21.8,0.9800000000000093,1.179999999999994,1.0200867260456286,0.9800000000000093,1.179999999999994,0.020086726045628556
20260828_122034,1,0.2,21.900000000000002,0.9000000000000092,1.139999999999994,1.01892970125224,0.9000000000000092,1.139999999999994,0.018929701252240028
20260828_122034,1,0.2,22.0,0.8200000000000092,1.0999999999999939,1.0177726764588515,0.8200000000000092,1.0999999999999939,0.0177726764588515
20260828_122034,1,0.2,22.1,0.7400000000000091,1.0599999999999938,1.016615651665463,0.7400000000000091,1.0599999999999938,0.01661565166546297
20260828_122034,1,0.2,22.200000000000003,0.660000000000009,1.0199999999999938,1.0154586268720744,0.660000000000009,1.0199999999999938,0.015458626872074444
20260828_122034,1,0.2,22.3,0.580000000000009,0.9799999999999938,1.014301602078686,0.580000000000009,0.9799999999999938,0.014301602078685915
20260828_122408,1,0.2,0.1,-100.0,-100.0,1.5,-100.0,-100.0,0.5
20260828_122408,1,0.2,0.2,-100.0,-100.0,1.5,-100.0,-100.0,0.5
20260828_122408,1,0.2,0.30000000000000004,-100.0,-100.0,1.5,-100.0,-100.0,0.5
20260828_122408,1,0.2,0.4,-98.0,-98.0,1.4905747126436781,-98.0,-98.0,0.49057471264367813
20260828_122408,1,0.2,0.5,-96.0,-96.0,1.4811494252873563,-96.0,-96.0,0.48114942528735627
20260828_122408,1,0.2,0.6000000000000001,-94.04,-94.04,1.4717241379310344,-94.04,-94.04,0.4717241379310344
20260828_122408,1,0.2,0.7000000000000001,-92.12,-92.12,1.4629600929872142,-92.12,-92.12,0.4629600929872142
20260828_122408,1,0.2,0.8,-90.22,-90.22,1.454196048043394,-90.22,-90.22,0.454196048043394
20260828_122408,1,0.2,0.9,-88.36,-88.36,1.4454320030995738,-88.36,-88.36,0.44543200309957376
20260828_122408,1,0.2,1.0,-86.54,-86.54,1.4373001349677057,-86.54,-86.54,0.4373001349677057
20260828_122408,1,0.2,1.1,-84.76,-84.76,1.4291682668358376,-84.76,-84.76,0.42916826683583764
20260828_122408,1,0.2,1.2000000000000002,-83.02000000000001,-83.02000000000001,1.4210363987039696,-83.02000000000001,-83.02000000000001,0.4210363987039696
20260828_122408,1,0.2,1.3,-81.32000000000001,-81.32000000000001,1.4129045305721015,-81.32000000000001,-81.32000000000001,0.4129045305721015
20260828_122408,1,0.2,1.4000000000000001,-79.64,-79.64,1.4053776488516714,-79.64,-79.64,0.4053776488516714
20260828_122408,1,0.2,1.5,-78.0,-78.0,1.3978507671312412,-78.0,-78.0,0.39785076713124123
20260828_122408,1,0.2,1.6,-76.4,-76.4,1.390323885410811,-76.4,-76.4,0.3903238854108111
20260828_122408,1,0.2,1.7000000000000002,-74.84,-74.84,1.382797003690381,-74.84,-74.84,0.38279700369038094
20260828_122408,1,0.2,1.8,-73.3,-73.3,1.3758496352693284,-73.3,-73.3,0.37584963526932835
20260828_122408,1,0.2,1.9000000000000001,-71.8,-71.8,1.3689022668482758,-71.8,-71.8,0.36890226684827576
20260828_122408,1,0.2,2.0,-70.32,-70.32,1.3619548984272232,-70.32,-70.32,0.36195489842722317
20260828_122408,1,0.2,2.1,-68.88,-68.88,1.3550075300061706,-68.88,-68.88,0.3550075300061706
20260828_122408,1,0.2,2.2,-67.46,-67.46,1.348060161585118,-67.46,-67.46,0.348060161585118
20260828_122408,1,0.2,2.3000000000000003,-66.08,-66.08,1.3416684090077984,-66.08,-66.08,0.3416684090077984
20260828_122408,1,0.2,2.4000000000000004,-64.72,-64.72,1.3352766564304788,-64.72,-64.72,0.33527665643047877
20260828_122408,1,0.2,2.5,-63.379999999999995,-63.379999999999995,1.3288849038531592,-63.379999999999995,-63.379999999999995,0.32888490385315916
20260828_122408,1,0.2,2.6,-62.08,-62.08,1.3224931512758396,-62.08,-62.08,0.32249315127583955
20260828_122408,1,0.2,2.7,-60.8,-60.8,1.3166345654172538,-60.8,-60.8,0.31663456541725377
20260828_122408,1,0.2,2.8000000000000003,-59.54,-59.54,1.310775979558668,-59.54,-59.54,0.310775979558668
20260828_122408,1,0.2,2.9000000000000004,-58.32,-58.32,1.3049173937000822,-58.32,-58.32,0.3049173937000822
20260828_122408,1,0.2,3.0,-57.12,-57.12,1.2990588078414964,-57.12,-57.12,0.2990588078414964
20260828_122408,1,0.2,3.1,-55.94,-55.94,1.293712273188031,-55.94,-55.94,0.29371227318803106
20260828_122408,1,0.2,3.2,-54.78,-54.78,1.2883657385345657,-54.78,-54.78,0.2883657385345657
20260828_122408,1,0.2,3.3000000000000003,-53.660000000000004,-53.660000000000004,1.2830192038811004,-53.660000000000004,-53.660000000000004,0.28301920388110036
20260828_122408,1,0.2,3.4000000000000004,-52.56,-52.56,1.277672669227635,-52.56,-52.56,0.277672669227635
20260828_122408,1,0.2,3.5,-51.480000000000004,-51.480000000000004,1.2723261345741697,-51.480000000000004,-51.480000000000004,0.27232613457416965
20260828_122408,1,0.2,3.6,-50.42,-50.42,1.2674717656421308,-50.42,-50.42,0.2674717656421308
20260828_122408,1,0.2,3.7,-49.38,-49.38,1.262617396710092,-49.38,-49.38,0.262617396710092
20260828_122408,1,0.2,3.8000000000000003,-48.36,-48.36,1.2577630277780532,-48.36,-48.36,0.25776302777805316
20260828_122408,1,0.2,3.9000000000000004,-47.36,-47.36,1.2529086588460143,-47.36,-47.36,0.2529086588460143
20260828_122408,1,0.2,4.0,-46.38,-46.38,1.2480542899139755,-46.38,-46.38,0.2480542899139755
20260828_122408,1,0.2,4.1000000000000005,-45.42,-45.42,1.2436733375330231,-45.42,-45.42,0.24367333753302312
20260828_122408,1,0.2,4.2,-44.480000000000004,-44.480000000000004,1.2392923851520707,-44.480000000000004,-44.480000000000004,0.23929238515207074
20260828_122408,1,0.2,4.3,-43.56,-43.56,1.2349114327711184,-43.56,-43.56,0.23491143277111837
20260828_122408,1,0.2,4.4,-42.660000000000004,-42.660000000000004,1.230530480390166,-42.660000000000004,-42.660000000000004,0.230530480390166
20260828_122408,1,0.2,4.5,-41.78,-41.78,1.2261495280092136,-41.78,-41.78,0.22614952800921362
20260828_122408,1,0.2,4.6000000000000005,-40.92,-40.92,1.2222242943643538,-40.92,-40.92,0.22222429436435376
20260828_122408,1,0.2,4.7,-40.08,-40.08,1.218299060719494,-40.08,-40.08,0.2182990607194939
20260828_122408,1,0.2,4.800000000000001,-39.26,-39.26,1.214373827074634,-39.26,-39.26,0.21437382707463404
20260828_122408,1,0.2,4.9,-38.44,-38.44,1.2104485934297742,-38.44,-38.44,0.21044859342977418
20260828_122408,1,0.2,5.0,-37.64,-37.64,1.2065233597849143,-37.64,-37.64,0.20652335978491432
20260828_122408,1,0.2,5.1000000000000005,-36.86,-36.86,1.2025981261400545,-36.86,-36.86,0.20259812614005446
20260828_122408,1,0.2,5.2,-36.1,-36.1,1.1991118876079443,-36.1,-36.1,0.1991118876079443
20260828_122408,1,0.2,5.300000000000001,-35.36,-35.36,1.1956256490758341,-35.36,-35.36,0.19562564907583413
20260828_122408,1,0.2,5.4,-34.62,-34.62,1.192139410543724,-34.62,-34.62,0.19213941054372397
20260828_122408,1,0.2,5.5,-33.9,-33.9,1.1886531720116138,-33.9,-33.9,0.1886531720116138
20260828_122408,1,0.2,5.6000000000000005,-33.199999999999996,-33.199999999999996,1.1851669334795036,-33.199999999999996,-33.199999999999996,0.18516693347950364
20260828_122408,1,0.2,5.7,-32.519999999999996,-32.519999999999996,1.1816806949473935,-32.519999999999996,-32.519999999999996,0.18168069494739347
20260828_122408,1,0.2,5.800000000000001,-31.839999999999996,-31.839999999999996,1.1786176318843304,-31.839999999999996,-31.839999999999996,0.17861763188433044
20260828_122408,1,0.2,5.9,-31.179999999999996,-31.179999999999996,1.1755545688212674,-31.179999999999996,-31.179999999999996,0.1755545688212674
20260828_122408,1,0.2,6.0,-30.539999999999996,-30.539999999999996,1.1724915057582044,-30.539999999999996,-30.539999999999996,0.17249150575820438
20260828_122408,1,0.2,6.1000000000000005,-29.899999999999995,-29.899999999999995,1.1694284426951413,-29.899999999999995,-29.899999999999995,0.16942844269514135
20260828_122408,1,0.2,6.2,-29.279999999999994,-29.279999999999994,1.1663653796320783,-29.279999999999994,-29.279999999999994,0.16636537963207831
20260828_122408,1,0.2,6.300000000000001,-28.679999999999993,-28.679999999999993,1.1633023165690153,-28.679999999999993,-28.679999999999993,0.16330231656901528
20260828_122408,1,0.2,6.4,-28.07999999999999,-28.07999999999999,1.1602392535059523,-28.07999999999999,-28.07999999999999,0.16023925350595225
20260828_122408,1,0.2,6.5,-27.499999999999993,-27.499999999999993,1.1575843862493151,-27.499999999999993,-27.499999999999993,0.15758438624931514
20260828_122408,1,0.2,6.6000000000000005,-26.919999999999995,-26.919999999999995,1.154929518992678,-26.919999999999995,-26.919999999999995,0.15492951899267804
20260828_122408,1,0.2,6.7,-26.359999999999996,-26.359999999999996,1.152274651736041,-26.359999999999996,-26.359999999999996,0.15227465173604093
20260828_122408,1,0.2,6.800000000000001,-25.819999999999997,-25.819999999999997,1.1496197844794038,-25.819999999999997,-25.819999999999997,0.14961978447940383
20260828_122408,1,0.2,6.9,-25.279999999999998,-25.279999999999998,1.1469649172227667,-25.279999999999998,-25.279999999999998,0.14696491722276672
20260828_122408,1,0.2,7.0,-24.759999999999998,-24.759999999999998,1.1443100499661296,-24.759999999999998,-24.759999999999998,0.14431004996612962
20260828_122408,1,0.2,7.1000000000000005,-24.24,-24.24,1.1416551827094925,-24.24,-24.24,0.1416551827094925
20260828_122408,1,0.2,7.2,-23.74,-23.74,1.1390003154528554,-23.74,-23.74,0.1390003154528554
20260828_122408,1,0.2,7.300000000000001,-23.24,-23.24,1.136739445887638,-23.24,-23.24,0.1367394458876381
20260828_122408,1,0.2,7.4,-22.759999999999998,-22.759999999999998,1.1344785763224208,-22.759999999999998,-22.759999999999998,0.13447857632242077
20260828_122408,1,0.2,7.5,-22.279999999999998,-22.279999999999998,1.1322177067572035,-22.279999999999998,-22.279999999999998,0.13221770675720346
20260828_122408,1,0.2,7.6000000000000005,-21.819999999999997,-21.819999999999997,1.1299568371919861,-21.819999999999997,-21.819999999999997,0.12995683719198614
20260828_122408,1,0.2,7.7,-21.359999999999996,-21.359999999999996,1.1276959676267688,-21.359999999999996,-21.359999999999996,0.12769596762676882
20260828_122408,1,0.2,7.800000000000001,-20.919999999999995,-20.919999999999995,1.1254350980615515,-20.919999999999995,-20.919999999999995,0.1254350980615515
20260828_122408,1,0.2,7.9,-20.479999999999993,-20.479999999999993,1.1231742284963342,-20.479999999999993,-20.479999999999993,0.12317422849633419
20260828_122408,1,0.2,8.0,-20.05999999999999,-20.05999999999999,1.1209133589311169,-20.05999999999999,-20.05999999999999,0.12091335893111688
20260828_122408,1,0.2,8.1,-19.63999999999999,-19.63999999999999,1.1186524893658996,-19.63999999999999,-19.63999999999999,0.11865248936589956
20260828_122408,1,0.2,8.200000000000001,-19.219999999999988,-19.219999999999988,1.1167721474855576,-19.219999999999988,-19.219999999999988,0.11677214748555764
20260828_122408,1,0.2,8.3,-18.81999999999999,-18.81999999999999,1.1148918056052157,-18.81999999999999,-18.81999999999999,0.11489180560521572
20260828_122408,1,0.2,8.4,-18.41999999999999,-18.41999999999999,1.1130114637248738,-18.41999999999999,-18.41999999999999,0.1130114637248738
20260828_122408,1,0.2,8.5,-18.039999999999992,-18.039999999999992,1.1111311218445319,-18.039999999999992,-18.039999999999992,0.11113112184453189
20260828_122408,1,0.2,8.6,-17.659999999999993,-17.659999999999993,1.10925077996419,-17.659999999999993,-17.659999999999993,0.10925077996418997
20260828_122408,1,0.2,8.700000000000001,-17.279999999999994,-17.279999999999994,1.107370438083848,-17.279999999999994,-17.279999999999994,0.10737043808384805
20260828_122408,1,0.2,8.8,-16.919999999999995,-16.919999999999995,1.1054900962035061,-16.919999999999995,-16.919999999999995,0.10549009620350613
20260828_122408,1,0.2,8.9,-16.559999999999995,-16.559999999999995,1.1036097543231642,-16.559999999999995,-16.559999999999995,0.10360975432316422
20260828_122408,1,0.2,9.0,-16.219999999999995,-16.219999999999995,1.1017294124428223,-16.219999999999995,-16.219999999999995,0.1017294124428223
20260828_122408,1,0.2,9.1,-15.879999999999995,-15.879999999999995,1.0998490705624804,-15.879999999999995,-15.879999999999995,0.09984907056248038
20260828_122408,1,0.2,9.200000000000001,-15.559999999999995,-15.559999999999995,1.0983364655204635,-15.559999999999995,-15.559999999999995,0.09833646552046349
20260828_122408,1,0.2,9.3,-15.239999999999995,-15.239999999999995,1.0968238604784466,-15.239999999999995,-15.239999999999995,0.0968238604784466
20260828_122408,1,0.2,9.4,-14.919999999999995,-14.919999999999995,1.0953112554364297,-14.919999999999995,-14.919999999999995,0.09531125543642971
20260828_122408,1,0.2,9.5,-14.599999999999994,-14.599999999999994,1.0937986503944128,-14.599999999999994,-14.599999999999994,0.09379865039441282
20260828_122408,1,0.2,9.600000000000001,-14.299999999999994,-14.299999999999994,1.092286045352396,-14.299999999999994,-14.299999999999994,0.09228604535239593
20260828_122408,1,0.2,9.700000000000001,-13.999999999999993,-13.999999999999993,1.090773440310379,-13.999999999999993,-13.999999999999993,0.09077344031037904
20260828_122408,1,0.2,9.8,-13.699999999999992,-13.699999999999992,1.0892608352683621,-13.699999999999992,-13.699999999999992,0.08926083526836215
20260828_122408,1,0.2,9.9,-13.419999999999993,-13.419999999999993,1.0877482302263453,-13.419999999999993,-13.419999999999993,0.08774823022634526
20260828_122408,1,0.2,10.0,-13.139999999999993,-13.139999999999993,1.0862356251843284,-13.139999999999993,-13.139999999999993,0.08623562518432837
20260828_122408,1,0.2,10.100000000000001,-12.859999999999994,-12.859999999999994,1.0847230201423115,-12.859999999999994,-12.859999999999994,0.08472302014231148
20260828_122408,1,0.2,10.200000000000001,-12.579999999999995,-12.579999999999995,1.0832104151002946,-12.579999999999995,-12.579999999999995,0.08321041510029459
20260828_122408,1,0.2,10.3,-12.319999999999995,-12.319999999999995,1.082053390306906,-12.319999999999995,-12.319999999999995,0.08205339030690606
20260828_122408,1,0.2,10.4,-12.059999999999995,-12.059999999999995,1.0808963655135175,-12.059999999999995,-12.059999999999995,0.08089636551351753
20260828_122408,1,0.2,10.5,-11.799999999999995,-11.799999999999995,1.079739340720129,-11.799999999999995,-11.799999999999995,0.079739340720129
20260828_122408,1,0.2,10.600000000000001,-11.539999999999996,-11.539999999999996,1.0785823159267405,-11.539999999999996,-11.539999999999996,0.07858231592674048
20260828_122408,1,0.2,10.700000000000001,-11.299999999999995,-11.299999999999995,1.077425291133352,-11.299999999999995,-11.299999999999995,0.07742529113335195
20260828_122408,1,0.2,10.8,-11.059999999999995,-11.059999999999995,1.0762682663399634,-11.059999999999995,-11.059999999999995,0.07626826633996342
20260828_122408,1,0.2,10.9,-10.819999999999995,-10.819999999999995,1.075111241546575,-10.819999999999995,-10.819999999999995,0.07511124154657489
20260828_122408,1,0.2,11.0,-10.579999999999995,-10.579999999999995,1.0739542167531864,-10.579999999999995,-10.579999999999995,0.07395421675318636
20260828_122408,1,0.2,11.100000000000001,-10.359999999999994,-10.359999999999994,1.0727971919597978,-10.359999999999994,-10.359999999999994,0.07279719195979784
20260828_122408,1,0.2,11.200000000000001,-10.139999999999993,-10.139999999999993,1.0716401671664093,-10.139999999999993,-10.139999999999993,0.07164016716640931
20260828_122408,1,0.2,11.3,-9.919999999999993,-9.919999999999993,1.0704831423730208,-9.919999999999993,-9.919999999999993,0.07048314237302078
20260828_122408,1,0.2,11.4,-9.699999999999992,-9.699999999999992,1.0693261175796323,-9.699999999999992,-9.699999999999992,0.06932611757963225
20260828_122408,1,0.2,11.5,-9.499999999999993,-9.499999999999993,1.0681690927862437,-9.499999999999993,-9.499999999999993,0.06816909278624372
20260828_122408,1,0.2,11.600000000000001,-9.299999999999994,-9.299999999999994,1.0670120679928552,-9.299999999999994,-9.299999999999994,0.0670120679928552
20260828_122408,1,0.2,11.700000000000001,-9.099999999999994,-9.099999999999994,1.0658550431994667,-9.099999999999994,-9.099999999999994,0.06585504319946667
20260828_122408,1,0.2,11.8,-8.899999999999995,-8.899999999999995,1.0646980184060781,-8.899999999999995,-8.899999999999995,0.06469801840607814
20260828_122408,1,0.2,11.9,-8.699999999999996,-8.699999999999996,1.063885010275997,-8.699999999999996,-8.699999999999996,0.06388501027599691
20260828_122408,1,0.2,12.0,-8.519999999999996,-8.519999999999996,1.0630720021459157,-8.519999999999996,-8.519999999999996,0.06307200214591568
20260828_122408,1,0.2,12.100000000000001,-8.339999999999996,-8.339999999999996,1.0622589940158345,-8.339999999999996,-8.339999999999996,0.06225899401583446
20260828_122408,1,0.2,12.200000000000001,-8.159999999999997,-8.159999999999997,1.0614459858857532,-8.159999999999997,-8.159999999999997,0.06144598588575323
20260828_122408,1,0.2,12.3,-7.979999999999997,-7.979999999999997,1.060632977755672,-7.979999999999997,-7.979999999999997,0.060632977755672
20260828_122408,1,0.2,12.4,-7.799999999999997,-7.799999999999997,1.0598199696255908,-7.799999999999997,-7.799999999999997,0.059819969625590774
20260828_122408,1,0.2,12.5,-7.639999999999997,-7.639999999999997,1.0590069614955095,-7.639999999999997,-7.639999999999997,0.05900696149550955
20260828_122408,1,0.2,12.600000000000001,-7.479999999999997,-7.479999999999997,1.0581939533654283,-7.479999999999997,-7.479999999999997,0.05819395336542832
20260828_122408,1,0.2,12.700000000000001,-7.319999999999997,-7.319999999999997,1.057380945235347,-7.319999999999997,-7.319999999999997,0.05738094523534709
20260828_122408,1,0.2,12.8,-7.159999999999997,-7.159999999999997,1.0565679371052659,-7.159999999999997,-7.159999999999997,0.056567937105265864
20260828_122408,1,0.2,12.9,-6.9999999999999964,-6.9999999999999964,1.0557549289751846,-6.9999999999999964,-6.9999999999999964,0.05575492897518464
20260828_122408,1,0.2,13.0,-6.839999999999996,-6.839999999999996,1.0549419208451034,-6.839999999999996,-6.839999999999996,0.05494192084510341
20260828_122408,1,0.2,13.100000000000001,-6.699999999999997,-6.699999999999997,1.0541289127150222,-6.699999999999997,-6.699999999999997,0.05412891271502218
20260828_122408,1,0.2,13.200000000000001,-6.559999999999997,-6.559999999999997,1.053315904584941,-6.559999999999997,-6.559999999999997,0.053315904584940954
20260828_122408,1,0.2,13.3,-6.419999999999997,-6.419999999999997,1.0525028964548597,-6.419999999999997,-6.419999999999997,0.05250289645485973
20260828_122408,1,0.2,13.4,-6.279999999999998,-6.279999999999998,1.0516898883247785,-6.279999999999998,-6.279999999999998,0.0516898883247785
20260828_122408,1,0.2,13.5,-6.139999999999998,-6.139999999999998,1.0508768801946973,-6.139999999999998,-6.139999999999998,0.05087688019469727
20260828_122408,1,0.2,13.600000000000001,-5.999999999999998,-5.999999999999998,1.050063872064616,-5.999999999999998,-5.999999999999998,0.050063872064616044
20260828_122408,1,0.2,13.700000000000001,-5.8599999999999985,-5.8599999999999985,1.0492508639345348,-5.8599999999999985,-5.8599999999999985,0.049250863934534816
20260828_122408,1,0.2,13.8,-5.739999999999998,-5.739999999999998,1.0484378558044536,-5.739999999999998,-5.739999999999998,0.04843785580445359
20260828_122408,1,0.2,13.9,-5.619999999999998,-5.619999999999998,1.0476248476743724,-5.619999999999998,-5.619999999999998,0.04762484767437236
20260828_122408,1,0.2,14.0,-5.499999999999998,-5.499999999999998,1.0471448476743723,-5.499999999999998,-5.499999999999998,0.047144847674372325
20260828_122408,1,0.2,14.100000000000001,-5.379999999999998,-5.379999999999998,1.0466648476743723,-5.379999999999998,-5.379999999999998,0.04666484767437229
20260828_122408,1,0.2,14.200000000000001,-5.259999999999998,-5.259999999999998,1.0461848476743723,-5.259999999999998,-5.259999999999998,0.046184847674372254
20260828_122408,1,0.2,14.3,-5.139999999999998,-5.139999999999998,1.0457048476743722,-5.139999999999998,-5.139999999999998,0.04570484767437222
20260828_122408,1,0.2,14.4,-5.019999999999998,-5.019999999999998,1.0452248476743722,-5.019999999999998,-5.019999999999998,0.04522484767437218
20260828_122408,1,0.2,14.5,-4.899999999999998,-4.899999999999998,1.0447448476743721,-4.899999999999998,-4.899999999999998,0.044744847674372146
20260828_122408,1,0.2,14.600000000000001,-4.779999999999998,-4.779999999999998,1.044264847674372,-4.779999999999998,-4.779999999999998,0.04426484767437211
20260828_122408,1,0.2,14.700000000000001,-4.6599999999999975,-4.6599999999999975,1.043784847674372,-4.6599999999999975,-4.6599999999999975,0.043784847674372074
20260828_122408,1,0.2,14.8,-4.539999999999997,-4.539999999999997,1.043304847674372,-4.539999999999997,-4.539999999999997,0.04330484767437204
20260828_122408,1,0.2,14.9,-4.419999999999997,-4.419999999999997,1.042824847674372,-4.419999999999997,-4.419999999999997,0.042824847674372
20260828_122408,1,0.2,15.0,-4.299999999999997,-4.299999999999997,1.042344847674372,-4.299999999999997,-4.299999999999997,0.042344847674371966
20260828_122408,1,0.2,15.100000000000001,-4.179999999999997,-4.179999999999997,1.041864847674372,-4.179999999999997,-4.179999999999997,0.04186484767437193
20260828_122408,1,0.2,15.200000000000001,-4.059999999999997,-4.059999999999997,1.041384847674372,-4.059999999999997,-4.059999999999997,0.041384847674371894
20260828_122408,1,0.2,15.3,-3.939999999999997,-3.939999999999997,1.0409048476743719,-3.939999999999997,-3.939999999999997,0.04090484767437186
20260828_122408,1,0.2,15.4,-3.8199999999999967,-3.8199999999999967,1.0404248476743718,-3.8199999999999967,-3.8199999999999967,0.04042484767437182
20260828_122408,1,0.2,15.5,-3.6999999999999966,-3.6999999999999966,1.0399448476743718,-3.6999999999999966,-3.6999999999999966,0.039944847674371786
20260828_122408,1,0.2,15.600000000000001,-3.5799999999999965,-3.5799999999999965,1.0394648476743718,-3.5799999999999965,-3.5799999999999965,0.03946484767437175
20260828_122408,1,0.2,15.700000000000001,-3.4599999999999964,-3.4599999999999964,1.0389848476743717,-3.4599999999999964,-3.4599999999999964,0.038984847674371714
20260828_122408,1,0.2,15.8,-3.3399999999999963,-3.3399999999999963,1.0385048476743717,-3.3399999999999963,-3.3399999999999963,0.03850484767437168
20260828_122408,1,0.2,15.9,-3.219999999999996,-3.219999999999996,1.0380248476743716,-3.219999999999996,-3.219999999999996,0.03802484767437164
20260828_122408,1,0.2,16.0,-3.099999999999996,-3.099999999999996,1.0375448476743716,-3.099999999999996,-3.099999999999996,0.037544847674371606
20260828_122408,1,0.2,16.1,-2.979999999999996,-2.979999999999996,1.0370648476743716,-2.979999999999996,-2.979999999999996,0.03706484767437157
20260828_122408,1,0.2,16.2,-2.859999999999996,-2.859999999999996,1.0365848476743715,-2.859999999999996,-2.859999999999996,0.036584847674371535
20260828_122408,1,0.2,16.3,-2.7399999999999958,-2.7399999999999958,1.0361048476743715,-2.7399999999999958,-2.7399999999999958,0.0361048476743715
20260828_122408,1,0.2,16.400000000000002,-2.6199999999999957,-2.6199999999999957,1.0356248476743715,-2.6199999999999957,-2.6199999999999957,0.03562484767437146
20260828_122408,1,0.2,16.5,-2.4999999999999956,-2.4999999999999956,1.0351448476743714,-2.4999999999999956,-2.4999999999999956,0.03514484767437143
20260828_122408,1,0.2,16.6,-2.3799999999999955,-2.3799999999999955,1.0346648476743714,-2.3799999999999955,-2.3799999999999955,0.03466484767437139
20260828_122408,1,0.2,16.7,-2.2599999999999953,-2.2599999999999953,1.0341848476743714,-2.2599999999999953,-2.2599999999999953,0.034184847674371355
20260828_122408,1,0.2,16.8,-2.1399999999999952,-2.1399999999999952,1.0337048476743713,-2.1399999999999952,-2.1399999999999952,0.03370484767437132
20260828_122408,1,0.2,16.900000000000002,-2.019999999999995,-2.019999999999995,1.0332248476743713,-2.019999999999995,-2.019999999999995,0.03322484767437128
20260828_122408,1,0.2,17.0,-1.899999999999995,-1.899999999999995,1.0327448476743712,-1.899999999999995,-1.899999999999995,0.03274484767437125
20260828_122408,1,0.2,17.1,-1.779999999999995,-1.779999999999995,1.0322648476743712,-1.779999999999995,-1.779999999999995,0.03226484767437121
20260828_122408,1,0.2,17.2,-1.6599999999999948,-1.6599999999999948,1.0317848476743712,-1.6599999999999948,-1.6599999999999948,0.031784847674371175
20260828_122408,1,0.2,17.3,-1.5399999999999947,-1.5399999999999947,1.0313048476743711,-1.5399999999999947,-1.5399999999999947,0.03130484767437114
20260828_122408,1,0.2,17.400000000000002,-1.4199999999999946,-1.4199999999999946,1.030824847674371,-1.4199999999999946,-1.4199999999999946,0.030824847674371103
20260828_122408,1,0.2,17.5,-1.2999999999999945,-1.2999999999999945,1.030344847674371,-1.2999999999999945,-1.2999999999999945,0.030344847674371067
20260828_122408,1,0.2,17.6,-1.1799999999999944,-1.1799999999999944,1.029864847674371,-1.1799999999999944,-1.1799999999999944,0.02986484767437103
20260828_122408,1,0.2,17.7,-1.0599999999999943,-1.0599999999999943,1.029384847674371,-1.0599999999999943,-1.0599999999999943,0.029384847674370995
20260828_122408,1,0.2,17.8,-0.9399999999999943,-0.9399999999999943,1.028904847674371,-0.9399999999999943,-0.9399999999999943,0.02890484767437096
20260828_122720,1,0.2,0.1,50.0,-30.0,0.5,50.0,-30.0,-0.5
20260828_122720,1,0.2,0.2,50.0,-30.0,0.5,50.0,-30.0,-0.5
20260828_122720,1,0.2,0.30000000000000004,50.0,-30.0,0.5,50.0,-30.0,-0.5
20260828_122720,1,0.2,0.4,49.0,-29.4,0.5101158301158302,49.0,-29.4,-0.48988416988416983
20260828_122720,1,0.2,0.5,48.0,-28.799999999999997,0.5202316602316603,48.0,-28.799999999999997,-0.47976833976833966
20260828_122720,1,0.2,0.6000000000000001,47.02,-28.199999999999996,0.5301130831565616,47.02,-28.199999999999996,-0.4698869168434384
20260828_122720,1,0.2,0.7000000000000001,46.06,-27.619999999999997,0.5398319586585696,46.06,-27.619999999999997,-0.4601680413414304
20260828_122720,1,0.2,0.8,45.120000000000005,-27.04,0.5492969792347013,45.120000000000005,-27.04,-0.45070302076529867
20260828_122720,1,0.2,0.9,44.2,-26.48,0.5585856821635716,44.2,-26.48,-0.44141431783642837
20260828_122720,1,0.2,1.0,43.300000000000004,-25.92,0.567692065142295,43.300000000000004,-25.92,-0.432307934857705
20260828_122720,1,0.2,1.1,42.42,-25.380000000000003,0.5766098140600439,42.42,-25.380000000000003,-0.42339018593995614
20260828_122720,1,0.2,1.2000000000000002,41.56,-24.860000000000003,0.5853322810203963,41.56,-24.860000000000003,-0.41466771897960375
20260828_122720,1,0.2,1.3,40.72,-24.340000000000003,0.5938524603925935,40.72,-24.340000000000003,-0.40614753960740646
20260828_122720,1,0.2,1.4000000000000001,39.9,-23.840000000000003,0.6022687499853537,39.9,-23.840000000000003,-0.39773125001464626
20260828_122720,1,0.2,1.5,39.1,-23.340000000000003,0.6104715149623122,39.1,-23.340000000000003,-0.3895284850376878
20260828_122720,1,0.2,1.6,38.32,-22.860000000000003,0.6185645382181262,38.32,-22.860000000000003,-0.3814354617818738
20260828_122720,1,0.2,1.7000000000000002,37.54,-22.380000000000003,0.6264318367963252,37.54,-22.380000000000003,-0.3735681632036748
20260828_122720,1,0.2,1.8,36.78,-21.92,0.634183032968574,36.78,-21.92,-0.36581696703142597
20260828_122720,1,0.2,1.9000000000000001,36.04,-21.46,0.64181588321012,36.04,-21.46,-0.35818411678988005
20260828_122720,1,0.2,2.0,35.32,-21.02,0.6492050457716964,35.32,-21.02,-0.35079495422830365
20260828_122720,1,0.2,2.1,34.6,-20.58,0.6564687273637362,34.6,-20.58,-0.3435312726362638
20260828_122720,1,0.2,2.2,33.9,-20.139999999999997,0.663604405755696,33.9,-20.139999999999997,-0.336395594244304
20260828_122720,1,0.2,2.3000000000000003,33.22,-19.719999999999995,0.670609481897828,33.22,-19.719999999999995,-0.329390518102172
20260828_122720,1,0.2,2.4000000000000004,32.56,-19.299999999999994,0.6774812767696229,32.56,-19.299999999999994,-0.3225187232303771
20260828_122720,1,0.2,2.5,31.900000000000002,-18.899999999999995,0.6842170280649597,31.900000000000002,-18.899999999999995,-0.31578297193504035
20260828_122720,1,0.2,2.6,31.26,-18.499999999999996,0.6908138867037031,31.26,-18.499999999999996,-0.30918611329629686
20260828_122720,1,0.2,2.7,30.64,-18.119999999999997,0.6972689131587296,30.64,-18.119999999999997,-0.30273108684127037
20260828_122720,1,0.2,2.8000000000000003,30.02,-17.74,0.7035790735865372,30.02,-17.74,-0.29642092641346285
20260828_122720,1,0.2,2.9000000000000004,29.419999999999998,-17.36,0.7097412357486993,29.419999999999998,-17.36,-0.2902587642513007
20260828_122720,1,0.2,3.0,28.819999999999997,-17.0,0.7157521647104479,28.819999999999997,-17.0,-0.2842478352895521
20260828_122720,1,0.2,3.1,28.239999999999995,-16.64,0.7217630936721965,28.239999999999995,-16.64,-0.2782369063278035
20260828_122720,1,0.2,3.2,27.679999999999996,-16.3,0.7276194472633567,27.679999999999996,-16.3,-0.2723805527366433
20260828_122720,1,0.2,3.3000000000000003,27.119999999999997,-15.96,0.7333177712857031,27.119999999999997,-15.96,-0.2666822287142969
20260828_122720,1,0.2,3.4000000000000004,26.58,-15.620000000000001,0.7388544944495449,26.58,-15.620000000000001,-0.2611455055504551
20260828_122720,1,0.2,3.5,26.04,-15.3,0.7443912176133867,26.04,-15.3,-0.25560878238661333
20260828_122720,1,0.2,3.6,25.52,-14.98,0.7497626461848153,25.52,-14.98,-0.25023735381518475
20260828_122720,1,0.2,3.7,25.0,-14.66,0.7549649583235436,25.0,-14.66,-0.2450350416764564
20260828_122720,1,0.2,3.8000000000000003,24.5,-14.36,0.760167270462272,24.5,-14.36,-0.23983272953772805
20260828_122720,1,0.2,3.9000000000000004,24.0,-14.059999999999999,0.7651965102283538,24.0,-14.059999999999999,-0.23480348977164622
20260828_122720,1,0.2,4.0,23.52,-13.759999999999998,0.7702257499944356,23.52,-13.759999999999998,-0.2297742500055644
20260828_122720,1,0.2,4.1000000000000005,23.04,-13.459999999999997,0.7750778210003527,23.04,-13.459999999999997,-0.22492217899964728
20260828_122720,1,0.2,4.2,22.58,-13.179999999999998,0.7799298920062698,22.58,-13.179999999999998,-0.22007010799373017
20260828_122720,1,0.2,4.3,22.119999999999997,-12.899999999999999,0.7846005506889046,22.119999999999997,-12.899999999999999,-0.21539944931109545
20260828_122720,1,0.2,4.4,21.679999999999996,-12.62,0.7892712093715393,21.679999999999996,-12.62,-0.21072879062846073
20260828_122720,1,0.2,4.5,21.239999999999995,-12.36,0.7937560578563878,21.239999999999995,-12.36,-0.2062439421436122
20260828_122720,1,0.2,4.6000000000000005,20.819999999999993,-12.1,0.7982409063412363,20.819999999999993,-12.1,-0.20175909365876366
20260828_122720,1,0.2,4.7,20.39999999999999,-11.84,0.8025353848688437,20.39999999999999,-11.84,-0.19746461513115632
20260828_122720,1,0.2,4.800000000000001,19.999999999999993,-11.58,0.806829863396451,19.999999999999993,-11.58,-0.19317013660354898
20260828_122720,1,0.2,4.9,19.599999999999994,-11.34,0.8109292422784385,19.599999999999994,-11.34,-0.18907075772156146
20260828_122720,1,0.2,5.0,19.199999999999996,-11.1,0.8150286211604261,19.199999999999996,-11.1,-0.18497137883957393
20260828_122720,1,0.2,5.1000000000000005,18.819999999999997,-10.86,0.8189279922296084,18.819999999999997,-10.86,-0.18107200777039156
20260828_122720,1,0.2,5.2,18.439999999999998,-10.62,0.8228273632987908,18.439999999999998,-10.62,-0.1771726367012092
20260828_122720,1,0.2,5.300000000000001,18.08,-10.399999999999999,0.8267267343679732,18.08,-10.399999999999999,-0.17327326563202683
20260828_122720,1,0.2,5.4,17.72,-10.179999999999998,0.8304210018838968,17.72,-10.179999999999998,-0.16957899811610322
20260828_122720,1,0.2,5.5,17.36,-9.959999999999997,0.8341152693998204,17.36,-9.959999999999997,-0.1658847306001796
20260828_122720,1,0.2,5.6000000000000005,17.02,-9.739999999999997,0.837809536915744,17.02,-9.739999999999997,-0.162190463084256
20260828_122720,1,0.2,5.7,16.68,-9.539999999999997,0.8412934078834859,16.68,-9.539999999999997,-0.15870659211651406
20260828_122720,1,0.2,5.800000000000001,16.34,-9.339999999999998,0.8447772788512279,16.34,-9.339999999999998,-0.1552227211487721
20260828_122720,1,0.2,5.9,16.02,-9.139999999999999,0.8482611498189698,16.02,-9.139999999999999,-0.15173885018103017
20260828_122720,1,0.2,6.0,15.7,-8.94,0.851529123675179,15.7,-8.94,-0.14847087632482103
20260828_122720,1,0.2,6.1000000000000005,15.379999999999999,-8.74,0.8547970975313881,15.379999999999999,-8.74,-0.1452029024686119
20260828_122720,1,0.2,6.2,15.079999999999998,-8.56,0.8580650713875972,15.079999999999998,-8.56,-0.14193492861240276
20260828_122720,1,0.2,6.300000000000001,14.779999999999998,-8.38,0.8611114290034912,14.779999999999998,-8.38,-0.13888857099650875
20260828_122720,1,0.2,6.4,14.479999999999997,-8.200000000000001,0.8641577866193852,14.479999999999997,-8.200000000000001,-0.13584221338061475
20260828_122720,1,0.2,6.5,14.199999999999998,-8.020000000000001,0.8672041442352793,14.199999999999998,-8.020000000000001,-0.13279585576472075
20260828_122720,1,0.2,6.6000000000000005,13.919999999999998,-7.840000000000002,0.8702505018511733,13.919999999999998,-7.840000000000002,-0.12974949814882675
20260828_122720,1,0.2,6.7,13.639999999999999,-7.660000000000002,0.873069293797482,13.639999999999999,-7.660000000000002,-0.126930706202518
20260828_122720,1,0.2,6.800000000000001,13.379999999999999,-7.500000000000002,0.8758880857437907,13.379999999999999,-7.500000000000002,-0.12411191425620927
20260828_122720,1,0.2,6.9,13.12,-7.340000000000002,0.8787068776900995,13.12,-7.340000000000002,-0.12129312230990053
20260828_122720,1,0.2,7.0,12.86,-7.1800000000000015,0.8812919117037049,12.86,-7.1800000000000015,-0.11870808829629509
20260828_122720,1,0.2,7.1000000000000005,12.6,-7.020000000000001,0.8838769457173103,12.6,-7.020000000000001,-0.11612305428268965
20260828_122720,1,0.2,7.2,12.36,-6.860000000000001,0.8864619797309158,12.36,-6.860000000000001,-0.11353802026908422
20260828_122720,1,0.2,7.300000000000001,12.12,-6.700000000000001,0.8890470137445212,12.12,-6.700000000000001,-0.11095298625547878
20260828_122720,1,0.2,7.4,11.879999999999999,-6.560000000000001,0.8916320477581267,11.879999999999999,-6.560000000000001,-0.10836795224187334
20260828_122720,1,0.2,7.5,11.639999999999999,-6.420000000000002,0.8939768753443336,11.639999999999999,-6.420000000000002,-0.10602312465566643
20260828_122720,1,0.2,7.6000000000000005,11.419999999999998,-6.280000000000002,0.8963217029305405,11.419999999999998,-6.280000000000002,-0.10367829706945952
20260828_122720,1,0.2,7.7,11.199999999999998,-6.140000000000002,0.8986665305167474,11.199999999999998,-6.140000000000002,-0.10133346948325261
20260828_122720,1,0.2,7.800000000000001,10.979999999999997,-6.000000000000003,0.9010113581029543,10.979999999999997,-6.000000000000003,-0.0989886418970457
20260828_122720,1,0.2,7.9,10.759999999999996,-5.860000000000003,0.9033561856891612,10.759999999999996,-5.860000000000003,-0.0966438143108388
20260828_122720,1,0.2,8.0,10.559999999999997,-5.740000000000003,0.9057010132753681,10.559999999999997,-5.740000000000003,-0.09429898672463188
20260828_122720,1,0.2,8.1,10.359999999999998,-5.620000000000003,0.9077989153732702,10.359999999999998,-5.620000000000003,-0.09220108462672982
20260828_122720,1,0.2,8.200000000000001,10.159999999999998,-5.500000000000003,0.9098968174711722,10.159999999999998,-5.500000000000003,-0.09010318252882776
20260828_122720,1,0.2,8.3,9.959999999999999,-5.380000000000003,0.9119947195690743,9.959999999999999,-5.380000000000003,-0.0880052804309257
20260828_122720,1,0.2,8.4,9.76,-5.2600000000000025,0.9140926216669764,9.76,-5.2600000000000025,-0.08590737833302364
20260828_122720,1,0.2,8.5,9.58,-5.140000000000002,0.9161905237648784,9.58,-5.140000000000002,-0.08380947623512158
20260828_122720,1,0.2,8.6,9.4,-5.020000000000002,0.9182884258627805,9.4,-5.020000000000002,-0.08171157413721952
20260828_122720,1,0.2,8.700000000000001,9.22,-4.900000000000002,0.9201323974939861,9.22,-4.900000000000002,-0.07986760250601388
20260828_122720,1,0.2,8.8,9.040000000000001,-4.780000000000002,0.9219763691251918,9.040000000000001,-4.780000000000002,-0.07802363087480824
20260828_122720,1,0.2,8.9,8.860000000000001,-4.680000000000002,0.9238203407563974,8.860000000000001,-4.680000000000002,-0.0761796592436026
20260828_122720,1,0.2,9.0,8.680000000000001,-4.580000000000003,0.925664312387603,8.680000000000001,-4.580000000000003,-0.07433568761239695
20260828_122720,1,0.2,9.1,8.520000000000001,-4.480000000000003,0.9275082840188087,8.520000000000001,-4.480000000000003,-0.07249171598119131
20260828_122720,1,0.2,9.200000000000001,8.360000000000001,-4.3800000000000034,0.9293522556500143,8.360000000000001,-4.3800000000000034,-0.07064774434998566
20260828_122720,1,0.2,9.3,8.200000000000001,-4.280000000000004,0.93119622728122,8.200000000000001,-4.280000000000004,-0.06880377271878002
20260828_122720,1,0.2,9.4,8.040000000000001,-4.180000000000004,0.9327789610941696,8.040000000000001,-4.180000000000004,-0.06722103890583042
20260828_122720,1,0.2,9.5,7.880000000000001,-4.0800000000000045,0.9343616949071192,7.880000000000001,-4.0800000000000045,-0.06563830509288082
20260828_122720,1,0.2,9.600000000000001,7.720000000000001,-3.9800000000000044,0.9359444287200688,7.720000000000001,-3.9800000000000044,-0.06405557127993122
20260828_122720,1,0.2,9.700000000000001,7.580000000000001,-3.8800000000000043,0.9375271625330184,7.580000000000001,-3.8800000000000043,-0.06247283746698162
20260828_122720,1,0.2,9.8,7.440000000000001,-3.8000000000000043,0.939109896345968,7.440000000000001,-3.8000000000000043,-0.060890103654032024
20260828_122720,1,0.2,9.9,7.300000000000002,-3.720000000000004,0.9406926301589176,7.300000000000002,-3.720000000000004,-0.059307369841082425
20260828_122720,1,0.2,10.0,7.160000000000002,-3.640000000000004,0.9422753639718672,7.160000000000002,-3.640000000000004,-0.057724636028132825
20260828_122720,1,0.2,10.100000000000001,7.020000000000002,-3.560000000000004,0.9438580977848168,7.020000000000002,-3.560000000000004,-0.056141902215183226
20260828_122720,1,0.2,10.200000000000001,6.880000000000003,-3.480000000000004,0.9451719663979554,6.880000000000003,-3.480000000000004,-0.05482803360204458
20260828_122720,1,0.2,10.3,6.740000000000003,-3.400000000000004,0.9464858350110941,6.740000000000003,-3.400000000000004,-0.05351416498890593
20260828_122720,1,0.2,10.4,6.620000000000003,-3.320000000000004,0.9477997036242327,6.620000000000003,-3.320000000000004,-0.052200296375767286
20260828_122720,1,0.2,10.5,6.500000000000003,-3.2400000000000038,0.9491135722373714,6.500000000000003,-3.2400000000000038,-0.05088642776262864
20260828_122720,1,0.2,10.600000000000001,6.380000000000003,-3.1600000000000037,0.95042744085051,6.380000000000003,-3.1600000000000037,-0.04957255914948999
20260828_122720,1,0.2,10.700000000000001,6.2600000000000025,-3.0800000000000036,0.9517413094636487,6.2600000000000025,-3.0800000000000036,-0.048258690536351345
20260828_122720,1,0.2,10.8,6.140000000000002,-3.0000000000000036,0.9530551780767873,6.140000000000002,-3.0000000000000036,-0.0469448219232127
20260828_122720,1,0.2,10.9,6.020000000000002,-2.9200000000000035,0.954369046689926,6.020000000000002,-2.9200000000000035,-0.04563095331007405
20260828_122720,1,0.2,11.0,5.900000000000002,-2.8600000000000034,0.9556829153030646,5.900000000000002,-2.8600000000000034,-0.044317084696935405
20260828_122720,1,0.2,11.100000000000001,5.780000000000002,-2.8000000000000034,0.9569967839162032,5.780000000000002,-2.8000000000000034,-0.04300321608379676
20260828_122720,1,0.2,11.200000000000001,5.680000000000002,-2.7400000000000033,0.9580338209532403,5.680000000000002,-2.7400000000000033,-0.0419661790467597
20260828_122720,1,0.2,11.3,5.580000000000003,-2.6800000000000033,0.9590708579902774,5.580000000000003,-2.6800000000000033,-0.04092914200972264
20260828_122720,1,0.2,11.4,5.480000000000003,-2.620000000000003,0.9601078950273144,5.480000000000003,-2.620000000000003,-0.03989210497268558
20260828_122720,1,0.2,11.5,5.3800000000000034,-2.560000000000003,0.9611449320643515,5.3800000000000034,-2.560000000000003,-0.038855067935648524
20260828_122720,1,0.2,11.600000000000001,5.280000000000004,-2.500000000000003,0.9621819691013885,5.280000000000004,-2.500000000000003,-0.037818030898611465
20260828_122720,1,0.2,11.700000000000001,5.180000000000004,-2.440000000000003,0.9632190061384256,5.180000000000004,-2.440000000000003,-0.03678099386157441
20260828_122720,1,0.2,11.8,5.0800000000000045,-2.380000000000003,0.9642560431754627,5.0800000000000045,-2.380000000000003,-0.03574395682453735
20260828_122720,1,0.2,11.9,4.980000000000005,-2.320000000000003,0.9652930802124997,4.980000000000005,-2.320000000000003,-0.03470691978750029
20260828_122720,1,0.2,12.0,4.880000000000005,-2.260000000000003,0.9663301172495368,4.880000000000005,-2.260000000000003,-0.03366988275046323
20260828_122720,1,0.2,12.100000000000001,4.800000000000005,-2.200000000000003,0.9673671542865738,4.800000000000005,-2.200000000000003,-0.03263284571342617
20260828_122720,1,0.2,12.200000000000001,4.720000000000005,-2.140000000000003,0.9684041913236109,4.720000000000005,-2.140000000000003,-0.031595808676389114
20260828_122720,1,0.2,12.3,4.640000000000005,-2.0800000000000027,0.9694412283606479,4.640000000000005,-2.0800000000000027,-0.030558771639352056
20260828_122720,1,0.2,12.4,4.560000000000005,-2.0200000000000027,0.970478265397685,4.560000000000005,-2.0200000000000027,-0.029521734602314997
20260828_122720,1,0.2,12.5,4.480000000000005,-1.9600000000000026,0.9715153024347221,4.480000000000005,-1.9600000000000026,-0.02848469756527794
20260828_122720,1,0.2,12.600000000000001,4.400000000000005,-1.9000000000000026,0.9725523394717591,4.400000000000005,-1.9000000000000026,-0.02744766052824088
20260828_122720,1,0.2,12.700000000000001,4.320000000000005,-1.8400000000000025,0.9735893765087962,4.320000000000005,-1.8400000000000025,-0.026410623491203822
20260828_122720,1,0.2,12.8,4.240000000000005,-1.7800000000000025,0.9746264135458332,4.240000000000005,-1.7800000000000025,-0.025373586454166763
20260828_122720,1,0.2,12.9,4.160000000000005,-1.7200000000000024,0.9756634505828703,4.160000000000005,-1.7200000000000024,-0.024336549417129705
20260828_122720,1,0.2,13.0,4.0800000000000045,-1.6600000000000024,0.9767004876199074,4.0800000000000045,-1.6600000000000024,-0.023299512380092646
20260828_122720,1,0.2,13.100000000000001,4.000000000000004,-1.6000000000000023,0.9777375246569444,4.000000000000004,-1.6000000000000023,-0.022262475343055588
20260828_122720,1,0.2,13.200000000000001,3.9200000000000044,-1.5400000000000023,0.9787745616939815,3.9200000000000044,-1.5400000000000023,-0.02122543830601853
20260828_122720,1,0.2,13.3,3.8400000000000043,-1.4800000000000022,0.9798115987310185,3.8400000000000043,-1.4800000000000022,-0.02018840126898147
20260828_122720,1,0.2,13.4,3.7600000000000042,-1.4200000000000021,0.9808486357680556,3.7600000000000042,-1.4200000000000021,-0.019151364231944412
20260828_122720,1,0.2,13.5,3.680000000000004,-1.360000000000002,0.9818856728050926,3.680000000000004,-1.360000000000002,-0.018114327194907354
20260828_122720,1,0.2,13.600000000000001,3.600000000000004,-1.300000000000002,0.9829227098421297,3.600000000000004,-1.300000000000002,-0.017077290157870295
20260828_122720,1,0.2,13.700000000000001,3.520000000000004,-1.240000000000002,0.9839597468791668,3.520000000000004,-1.240000000000002,-0.016040253120833237
20260828_122720,1,0.2,13.8,3.440000000000004,-1.180000000000002,0.9849967839162038,3.440000000000004,-1.180000000000002,-0.015003216083796178
20260828_122720,1,0.2,13.9,3.360000000000004,-1.1200000000000019,0.9860338209532409,3.360000000000004,-1.1200000000000019,-0.01396617904675912
20260828_122720,1,0.2,14.0,3.280000000000004,-1.0600000000000018,0.9870708579902779,3.280000000000004,-1.0600000000000018,-0.012929142009722061
20260828_122720,1,0.2,14.100000000000001,3.2000000000000037,-1.0000000000000018,0.988107895027315,3.2000000000000037,-1.0000000000000018,-0.011892104972685003
20260828_122720,1,0.2,14.200000000000001,3.1200000000000037,-0.9400000000000017,0.9891449320643521,3.1200000000000037,-0.9400000000000017,-0.010855067935647944
20260828_122720,1,0.2,14.3,3.0400000000000036,-0.8800000000000017,0.9901819691013891,3.0400000000000036,-0.8800000000000017,-0.009818030898610886
20260828_122720,1,0.2,14.4,2.9600000000000035,-0.8200000000000016,0.9912190061384262,2.9600000000000035,-0.8200000000000016,-0.008780993861573827
20260828_122720,1,0.2,14.5,2.8800000000000034,-0.7600000000000016,0.9922560431754632,2.8800000000000034,-0.7600000000000016,-0.0077439568245367685
20260828_122720,1,0.2,14.600000000000001,2.8000000000000034,-0.7000000000000015,0.9932930802125003,2.8000000000000034,-0.7000000000000015,-0.00670691978749971
20260828_122720,1,0.2,14.700000000000001,2.7200000000000033,-0.6400000000000015,0.9943301172495373,2.7200000000000033,-0.6400000000000015,-0.0056698827504626514
20260828_122720,1,0.2,14.8,2.6400000000000032,-0.5800000000000014,0.9953671542865744,2.6400000000000032,-0.5800000000000014,-0.004632845713425593
20260828_122720,1,0.2,14.9,2.560000000000003,-0.5200000000000014,0.9964041913236115,2.560000000000003,-0.5200000000000014,-0.0035958086763885344
20260828_122720,1,0.2,15.0,2.480000000000003,-0.46000000000000135,0.9974412283606485,2.480000000000003,-0.46000000000000135,-0.002558771639351476
20260828_122720,1,0.2,15.100000000000001,2.400000000000003,-0.40000000000000135,0.9984782653976856,2.400000000000003,-0.40000000000000135,-0.0015217346023144174
20260828_122720,1,0.2,15.200000000000001,2.320000000000003,-0.34000000000000136,0.9995153024347226,2.320000000000003,-0.34000000000000136,-0.00048469756527735885
20260828_122720,1,0.2,15.3,2.240000000000003,-0.28000000000000136,1.0005523394717597,2.240000000000003,-0.28000000000000136,0.0005523394717596997
20260828_122720,1,0.2,15.4,2.160000000000003,-0.22000000000000136,1.0015893765087966,2.160000000000003,-0.22000000000000136,0.0015893765087966472
20260828_122720,1,0.2,15.5,2.0800000000000027,-0.16000000000000136,1.0026264135458336,2.0800000000000027,-0.16000000000000136,0.0026264135458335947
20260828_122720,1,0.2,15.600000000000001,2.0000000000000027,-0.10000000000000135,1.0036634505828705,2.0000000000000027,-0.10000000000000135,0.003663450582870542
20260828_122720,1,0.2,15.700000000000001,1.9200000000000026,-0.04000000000000134,1.0047004876199075,1.9200000000000026,-0.04000000000000134,0.00470048761990749
20260828_122720,1,0.2,15.8,1.8400000000000025,0.01999999999999867,1.0057375246569444,1.8400000000000025,0.01999999999999867,0.005737524656944437
20260828_122720,1,0.2,15.9,1.7600000000000025,0.07999999999999868,1.0067745616939814,1.7600000000000025,0.07999999999999868,0.006774561693981385
20260828_122720,1,0.2,16.0,1.6800000000000024,0.13999999999999868,1.0078115987310183,1.6800000000000024,0.13999999999999868,0.007811598731018332
20260828_122720,1,0.2,16.1,1.6000000000000023,0.19999999999999868,1.0088486357680553,1.6000000000000023,0.19999999999999868,0.00884863576805528
20260828_122720,1,0.2,16.2,1.5200000000000022,0.2599999999999987,1.0098856728050922,1.5200000000000022,0.2599999999999987,0.009885672805092227
20260828_122720,1,0.2,16.3,1.4400000000000022,0.3199999999999987,1.0109227098421292,1.4400000000000022,0.3199999999999987,0.010922709842129175
20260828_122720,1,0.2,16.400000000000002,1.360000000000002,0.37999999999999867,1.0119597468791661,1.360000000000002,0.37999999999999867,0.011959746879166122
20260828_122720,1,0.2,16.5,1.280000000000002,0.43999999999999867,1.012996783916203,1.280000000000002,0.43999999999999867,0.01299678391620307
20260828_122720,1,0.2,16.6,1.200000000000002,0.49999999999999867,1.01403382095324,1.200000000000002,0.49999999999999867,0.014033820953240017
20260828_122720,1,0.2,16.7,1.1200000000000019,0.5599999999999987,1.015070857990277,1.1200000000000019,0.5599999999999987,0.015070857990276965
20260828_122720,1,0.2,16.8,1.0400000000000018,0.6199999999999988,1.016107895027314,1.0400000000000018,0.6199999999999988,0.016107895027313912
20260828_122720,1,0.2,16.900000000000002,0.9600000000000017,0.6799999999999988,1.0171449320643509,0.9600000000000017,0.6799999999999988,0.01714493206435086
20260903_230706,1,0.2,0.1,80.0,50.0,2.0,80.0,50.0,1.0
20260903_230706,1,0.2,0.2,80.0,50.0,2.0,80.0,50.0,1.0
20260903_230706,1,0.2,0.30000000000000004,80.0,50.0,2.0,80.0,50.0,1.0
20260903_230706,1,0.2,0.4,80.0,50.0,2.0,80.0,50.0,1.0
20260903_230706,1,0.2,0.5,80.0,50.0,2.0,80.0,50.0,1.0
20260903_230706,1,0.2,0.6000000000000001,80.0,50.0,2.0,80.0,50.0,1.0
20260903_230706,1,0.2,0.7000000000000001,80.0,50.0,2.0,80.0,50.0,1.0
20260903_230706,1,0.2,0.8,80.0,50.0,2.0,80.0,50.0,1.0
20260903_230706,1,0.2,0.9,80.0,50.0,2.0,80.0,50.0,1.0
20260903_230706,1,0.2,1.0,80.0,50.0,2.0,80.0,50.0,1.0
20260903_230706,1,0.2,1.1,80.0,50.0,2.0,80.0,50.0,1.0
20260903_230706,1,0.2,1.2000000000000002,80.0,50.0,2.0,80.0,50.0,1.0
20260903_230706,1,0.2,1.3,80.0,50.0,2.0,80.0,50.0,1.0
20260903_230706,1,0.2,1.4000000000000001,80.0,50.0,2.0,80.0,50.0,1.0
20260903_230706,1,0.2,1.5,80.0,50.0,2.0,80.0,50.0,1.0
20260903_230706,1,0.2,1.6,80.0,50.0,2.0,80.0,50.0,1.0
20260903_230706,1,0.2,1.7000000000000002,80.0,50.0,2.0,80.0,50.0,1.0
20260903_230706,1,0.2,1.8,80.0,50.0,2.0,80.0,50.0,1.0
20260903_230706,1,0.2,1.9000000000000001,80.0,50.0,2.0,80.0,50.0,1.0
20260903_230706,1,0.2,2.0,80.0,50.0,2.0,80.0,50.0,1.0
20260903_230706,1,0.2,2.1,80.0,50.0,2.0,80.0,50.0,1.0
20260903_230706,1,0.2,2.2,80.0,50.0,2.0,80.0,50.0,1.0
20260903_230706,1,0.2,2.3000000000000003,80.0,50.0,2.0,80.0,50.0,1.0
20260903_230706,1,0.2,2.4000000000000004,80.0,50.0,2.0,80.0,50.0,1.0
20260903_230706,1,0.2,2.5,80.0,50.0,2.0,80.0,50.0,1.0
20260903_230706,1,0.2,2.6,80.0,50.0,2.0,80.0,50.0,1.0
20260903_230706,1,0.2,2.7,80.0,50.0,2.0,80.0,50.0,1.0
20260903_230706,1,0.2,2.8000000000000003,78.4,49.0,1.9817910447761193,78.4,49.0,0.9817910447761193
20260903_230706,1,0.2,2.9000000000000004,76.80000000000001,48.0,1.9635820895522387,76.80000000000001,48.0,0.9635820895522387
20260903_230706,1,0.2,3.0,75.28000000000002,47.04,1.945373134328358,75.28000000000002,47.04,0.945373134328358
20260903_230706,1,0.2,3.1,73.78000000000002,46.1,1.9271641791044773,73.78000000000002,46.1,0.9271641791044773
20260903_230706,1,0.2,3.2,72.32000000000002,45.18,1.910062729829115,72.32000000000002,45.18,0.9100627298291151
20260903_230706,1,0.2,3.3000000000000003,70.88000000000002,44.28,1.8929612805537528,70.88000000000002,44.28,0.8929612805537528
20260903_230706,1,0.2,3.4000000000000004,69.48000000000002,43.4,1.8758598312783905,69.48000000000002,43.4,0.8758598312783905
20260903_230706,1,0.2,3.5,68.10000000000002,42.54,1.8598034932502214,68.10000000000002,42.54,0.8598034932502214
20260903_230706,1,0.2,3.6,66.74000000000002,41.699999999999996,1.8437471552220523,66.74000000000002,41.699999999999996,0.8437471552220523
20260903_230706,1,0.2,3.7,65.42000000000002,40.879999999999995,1.8276908171938833,65.42000000000002,40.879999999999995,0.8276908171938833
20260903_230706,1,0.2,3.8000000000000003,64.12000000000002,40.08,1.8126223240431982,64.12000000000002,40.08,0.8126223240431982
20260903_230706,1,0.2,3.9000000000000004,62.84000000000002,39.28,1.7975538308925132,62.84000000000002,39.28,0.7975538308925132
20260903_230706,1,0.2,4.0,61.600000000000016,38.5,1.7824853377418282,61.600000000000016,38.5,0.7824853377418282
20260903_230706,1,0.2,4.1000000000000005,60.38000000000002,37.74,1.7674168445911431,60.38000000000002,37.74,0.7674168445911431
20260903_230706,1,0.2,4.2,59.180000000000014,37.0,1.7532835112578098,59.180000000000014,37.0,0.7532835112578098
20260903_230706,1,0.2,4.3,58.000000000000014,36.26,1.7391501779244765,58.000000000000014,36.26,0.7391501779244765
20260903_230706,1,0.2,4.4,56.84000000000002,35.54,1.7250168445911431,56.84000000000002,35.54,0.7250168445911431
20260903_230706,1,0.2,4.5,55.72000000000002,34.839999999999996,1.7117700913443898,55.72000000000002,34.839999999999996,0.7117700913443898
20260903_230706,1,0.2,4.6000000000000005,54.62000000000002,34.16,1.6985233380976366,54.62000000000002,34.16,0.6985233380976366
20260903_230706,1,0.2,4.7,53.54000000000002,33.48,1.6852765848508833,53.54000000000002,33.48,0.6852765848508833
20260903_230706,1,0.2,4.800000000000001,52.48000000000002,32.81999999999999,1.67202983160413,52.48000000000002,32.81999999999999,0.67202983160413
20260903_230706,1,0.2,4.9,51.44000000000002,32.17999999999999,1.6596247683129908,51.44000000000002,32.17999999999999,0.6596247683129908
20260903_230706,1,0.2,5.0,50.420000000000016,31.539999999999992,1.6472197050218516,50.420000000000016,31.539999999999992,0.6472197050218516
20260903_230706,1,0.2,5.1000000000000005,49.420000000000016,30.91999999999999,1.6348146417307123,49.420000000000016,30.91999999999999,0.6348146417307123
20260903_230706,1,0.2,5.2,48.44000000000002,30.31999999999999,1.6232097034591073,48.44000000000002,30.31999999999999,0.6232097034591073
20260903_230706,1,0.2,5.300000000000001,47.48000000000002,29.719999999999988,1.6116047651875023,47.48000000000002,29.719999999999988,0.6116047651875023
20260903_230706,1,0.2,5.4,46.54000000000002,29.139999999999986,1.5999998269158973,46.54000000000002,29.139999999999986,0.5999998269158973
20260903_230706,1,0.2,5.5,45.62000000000002,28.559999999999988,1.5891564534219214,45.62000000000002,28.559999999999988,0.5891564534219214
20260903_230706,1,0.2,5.6000000000000005,44.72000000000002,27.99999999999999,1.5783130799279455,44.72000000000002,27.99999999999999,0.5783130799279455
20260903_230706,1,0.2,5.7,43.84000000000002,27.43999999999999,1.5674697064339695,43.84000000000002,27.43999999999999,0.5674697064339695
20260903_230706,1,0.2,5.800000000000001,42.98000000000002,26.89999999999999,1.5566263329399936,42.98000000000002,26.89999999999999,0.5566263329399936
20260903_230706,1,0.2,5.9,42.140000000000015,26.379999999999992,1.54650868588117,42.140000000000015,26.379999999999992,0.5465086858811701
20260903_230706,1,0.2,6.0,41.30000000000001,25.859999999999992,1.5363910388223465,41.30000000000001,25.859999999999992,0.5363910388223465
20260903_230706,1,0.2,6.1000000000000005,40.48000000000001,25.359999999999992,1.526273391763523,40.48000000000001,25.359999999999992,0.526273391763523
20260903_230706,1,0.2,6.2,39.680000000000014,24.859999999999992,1.5161557447046994,39.680000000000014,24.859999999999992,0.5161557447046994
20260903_230706,1,0.2,6.300000000000001,38.90000000000001,24.379999999999992,1.5067304573483775,38.90000000000001,24.379999999999992,0.5067304573483775
20260903_230706,1,0.2,6.4,38.140000000000015,23.89999999999999,1.4973051699920557,38.140000000000015,23.89999999999999,0.49730516999205565
20260903_230706,1,0.2,6.5,37.38000000000002,23.43999999999999,1.4878798826357338,37.38000000000002,23.43999999999999,0.4878798826357338
20260903_230706,1,0.2,6.6000000000000005,36.640000000000015,22.97999999999999,1.4791158376919136,36.640000000000015,22.97999999999999,0.47911583769191357
20260903_230706,1,0.2,6.7,35.920000000000016,22.53999999999999,1.4703517927480934,35.920000000000016,22.53999999999999,0.47035179274809336
20260903_230706,1,0.2,6.800000000000001,35.22000000000001,22.099999999999987,1.4615877478042731,35.22000000000001,22.099999999999987,0.46158774780427314
20260903_230706,1,0.2,6.9,34.52000000000001,21.659999999999986,1.452823702860453,34.52000000000001,21.659999999999986,0.4528237028604529
20260903_230706,1,0.2,7.0,33.84000000000001,21.239999999999984,1.4446918347285849,33.84000000000001,21.239999999999984,0.44469183472858487
20260903_230706,1,0.2,7.1000000000000005,33.18000000000001,20.819999999999983,1.4365599665967168,33.18000000000001,20.819999999999983,0.4365599665967168
20260903_230706,1,0.2,7.2,32.52000000000001,20.419999999999984,1.4284280984648488,32.52000000000001,20.419999999999984,0.42842809846484875
20260903_230706,1,0.2,7.300000000000001,31.88000000000001,20.019999999999985,1.4202962303329807,31.88000000000001,20.019999999999985,0.4202962303329807
20260903_230706,1,0.2,7.4,31.26000000000001,19.619999999999987,1.4127693486125505,31.26000000000001,19.619999999999987,0.41276934861255055
20260903_230706,1,0.2,7.5,30.640000000000008,19.239999999999988,1.4052424668921204,30.640000000000008,19.239999999999988,0.4052424668921204
20260903_230706,1,0.2,7.6000000000000005,30.040000000000006,18.85999999999999,1.3977155851716903,30.040000000000006,18.85999999999999,0.39771558517169026
20260903_230706,1,0.2,7.7,29.440000000000005,18.49999999999999,1.39018870345126,29.440000000000005,18.49999999999999,0.3901887034512601
20260903_230706,1,0.2,7.800000000000001,28.860000000000007,18.13999999999999,1.3832413350302075,28.860000000000007,18.13999999999999,0.3832413350302075
20260903_230706,1,0.2,7.9,28.300000000000008,17.77999999999999,1.376293966609155,28.300000000000008,17.77999999999999,0.37629396660915493
20260903_230706,1,0.2,8.0,27.74000000000001,17.43999999999999,1.3693465981881023,27.74000000000001,17.43999999999999,0.36934659818810234
20260903_230706,1,0.2,8.1,27.20000000000001,17.09999999999999,1.3623992297670497,27.20000000000001,17.09999999999999,0.36239922976704975
20260903_230706,1,0.2,8.200000000000001,26.66000000000001,16.75999999999999,1.3554518613459972,26.66000000000001,16.75999999999999,0.35545186134599716
20260903_230706,1,0.2,8.3,26.14000000000001,16.43999999999999,1.3490601087686775,26.14000000000001,16.43999999999999,0.34906010876867755
20260903_230706,1,0.2,8.4,25.62000000000001,16.11999999999999,1.342668356191358,25.62000000000001,16.11999999999999,0.34266835619135794
20260903_230706,1,0.2,8.5,25.12000000000001,15.79999999999999,1.3362766036140383,25.12000000000001,15.79999999999999,0.3362766036140383
20260903_230706,1,0.2,8.6,24.62000000000001,15.49999999999999,1.3298848510367187,24.62000000000001,15.49999999999999,0.3298848510367187
20260903_230706,1,0.2,8.700000000000001,24.14000000000001,15.199999999999989,1.324026265178133,24.14000000000001,15.199999999999989,0.32402626517813293
20260903_230706,1,0.2,8.8,23.66000000000001,14.899999999999988,1.3181676793195471,23.66000000000001,14.899999999999988,0.31816767931954715
20260903_230706,1,0.2,8.9,23.20000000000001,14.619999999999989,1.3123090934609614,23.20000000000001,14.619999999999989,0.31230909346096136
20260903_230706,1,0.2,9.0,22.74000000000001,14.33999999999999,1.3064505076023756,22.74000000000001,14.33999999999999,0.3064505076023756
20260903_230706,1,0.2,9.1,22.300000000000008,14.05999999999999,1.3005919217437898,22.300000000000008,14.05999999999999,0.3005919217437898
20260903_230706,1,0.2,9.200000000000001,21.860000000000007,13.77999999999999,1.2952453870903244,21.860000000000007,13.77999999999999,0.29524538709032444
20260903_230706,1,0.2,9.3,21.440000000000005,13.51999999999999,1.289898852436859,21.440000000000005,13.51999999999999,0.2898988524368591
20260903_230706,1,0.2,9.4,21.020000000000003,13.259999999999991,1.2845523177833937,21.020000000000003,13.259999999999991,0.28455231778339374
20260903_230706,1,0.2,9.5,20.6,12.999999999999991,1.2792057831299284,20.6,12.999999999999991,0.2792057831299284
20260903_230706,1,0.2,9.600000000000001,20.200000000000003,12.739999999999991,1.2743514141978896,20.200000000000003,12.739999999999991,0.27435141419788955
20260903_230706,1,0.2,9.700000000000001,19.800000000000004,12.499999999999991,1.2694970452658507,19.800000000000004,12.499999999999991,0.2694970452658507
20260903_230706,1,0.2,9.8,19.420000000000005,12.259999999999991,1.2646426763338119,19.420000000000005,12.259999999999991,0.2646426763338119
20260903_230706,1,0.2,9.9,19.040000000000006,12.01999999999999,1.259788307401773,19.040000000000006,12.01999999999999,0.25978830740177306
20260903_230706,1,0.2,10.0,18.660000000000007,11.77999999999999,1.2549339384697342,18.660000000000007,11.77999999999999,0.2549339384697342
20260903_230706,1,0.2,10.100000000000001,18.300000000000008,11.55999999999999,1.2500795695376954,18.300000000000008,11.55999999999999,0.2500795695376954
20260903_230706,1,0.2,10.200000000000001,17.94000000000001,11.33999999999999,1.245698617156743,17.94000000000001,11.33999999999999,0.24569861715674302
20260903_230706,1,0.2,10.3,17.60000000000001,11.119999999999989,1.2413176647757906,17.60000000000001,11.119999999999989,0.24131766477579064
20260903_230706,1,0.2,10.4,17.26000000000001,10.899999999999988,1.2369367123948383,17.26000000000001,10.899999999999988,0.23693671239483827
20260903_230706,1,0.2,10.5,16.92000000000001,10.699999999999989,1.232555760013886,16.92000000000001,10.699999999999989,0.2325557600138859
20260903_230706,1,0.2,10.600000000000001,16.60000000000001,10.49999999999999,1.2281748076329335,16.60000000000001,10.49999999999999,0.22817480763293352
20260903_230706,1,0.2,10.700000000000001,16.28000000000001,10.29999999999999,1.2242495739880737,16.28000000000001,10.29999999999999,0.22424957398807366
20260903_230706,1,0.2,10.8,15.960000000000008,10.09999999999999,1.2203243403432138,15.960000000000008,10.09999999999999,0.2203243403432138
20260903_230706,1,0.2,10.9,15.660000000000007,9.899999999999991,1.216399106698354,15.660000000000007,9.899999999999991,0.21639910669835394
20260903_230706,1,0.2,11.0,15.360000000000007,9.719999999999992,1.212473873053494,15.360000000000007,9.719999999999992,0.21247387305349408
20260903_230706,1,0.2,11.100000000000001,15.060000000000006,9.539999999999992,1.2085486394086342,15.060000000000006,9.539999999999992,0.20854863940863422
20260903_230706,1,0.2,11.200000000000001,14.760000000000005,9.359999999999992,1.2046234057637744,14.760000000000005,9.359999999999992,0.20462340576377436
20260903_230706,1,0.2,11.3,14.480000000000006,9.179999999999993,1.2011371672316642,14.480000000000006,9.179999999999993,0.2011371672316642
20260903_230706,1,0.2,11.4,14.200000000000006,8.999999999999993,1.197650928699554,14.200000000000006,8.999999999999993,0.19765092869955403
20260903_230706,1,0.2,11.5,13.920000000000007,8.819999999999993,1.1941646901674439,13.920000000000007,8.819999999999993,0.19416469016744387
20260903_230706,1,0.2,11.600000000000001,13.660000000000007,8.659999999999993,1.1906784516353337,13.660000000000007,8.659999999999993,0.1906784516353337
20260903_230706,1,0.2,11.700000000000001,13.400000000000007,8.499999999999993,1.1871922131032235,13.400000000000007,8.499999999999993,0.18719221310322354
20260903_230706,1,0.2,11.8,13.140000000000008,8.339999999999993,1.1837059745711134,13.140000000000008,8.339999999999993,0.18370597457111337
20260903_230706,1,0.2,11.9,12.880000000000008,8.179999999999993,1.1806429115080503,12.880000000000008,8.179999999999993,0.18064291150805034
20260903_230706,1,0.2,12.0,12.640000000000008,8.019999999999992,1.1775798484449873,12.640000000000008,8.019999999999992,0.1775798484449873
20260903_230706,1,0.2,12.100000000000001,12.400000000000007,7.859999999999992,1.1745167853819243,12.400000000000007,7.859999999999992,0.17451678538192428
20260903_230706,1,0.2,12.200000000000001,12.160000000000007,7.719999999999993,1.1714537223188612,12.160000000000007,7.719999999999993,0.17145372231886125
20260903_230706,1,0.2,12.3,11.920000000000007,7.579999999999993,1.1683906592557982,11.920000000000007,7.579999999999993,0.16839065925579821
20260903_230706,1,0.2,12.4,11.700000000000006,7.439999999999993,1.1653275961927352,11.700000000000006,7.439999999999993,0.16532759619273518
20260903_230706,1,0.2,12.5,11.480000000000006,7.299999999999994,1.1622645331296722,11.480000000000006,7.299999999999994,0.16226453312967215
20260903_230706,1,0.2,12.600000000000001,11.260000000000005,7.159999999999994,1.159609665873035,11.260000000000005,7.159999999999994,0.15960966587303504
20260903_230706,1,0.2,12.700000000000001,11.040000000000004,7.019999999999994,1.156954798616398,11.040000000000004,7.019999999999994,0.15695479861639794
20260903_230706,1,0.2,12.8,10.820000000000004,6.879999999999995,1.1542999313597608,10.820000000000004,6.879999999999995,0.15429993135976083
20260903_230706,1,0.2,12.9,10.620000000000005,6.7599999999999945,1.1516450641031237,10.620000000000005,6.7599999999999945,0.15164506410312373
20260903_230706,1,0.2,13.0,10.420000000000005,6.639999999999994,1.1489901968464866,10.420000000000005,6.639999999999994,0.14899019684648662
20260903_230706,1,0.2,13.100000000000001,10.220000000000006,6.519999999999994,1.1463353295898495,10.220000000000006,6.519999999999994,0.14633532958984952
20260903_230706,1,0.2,13.200000000000001,10.020000000000007,6.399999999999994,1.1436804623332124,10.020000000000007,6.399999999999994,0.1436804623332124
20260903_230706,1,0.2,13.3,9.820000000000007,6.279999999999994,1.1410255950765753,9.820000000000007,6.279999999999994,0.1410255950765753
20260903_230706,1,0.2,13.4,9.640000000000008,6.159999999999994,1.138764725511358,9.640000000000008,6.159999999999994,0.138764725511358
20260903_230706,1,0.2,13.5,9.460000000000008,6.039999999999994,1.1365038559461407,9.460000000000008,6.039999999999994,0.13650385594614067
20260903_230706,1,0.2,13.600000000000001,9.280000000000008,5.919999999999994,1.1342429863809234,9.280000000000008,5.919999999999994,0.13424298638092336
20260903_230706,1,0.2,13.700000000000001,9.100000000000009,5.819999999999994,1.131982116815706,9.100000000000009,5.819999999999994,0.13198211681570604
20260903_230706,1,0.2,13.8,8.920000000000009,5.719999999999994,1.1297212472504887,8.920000000000009,5.719999999999994,0.12972124725048872
20260903_230706,1,0.2,13.9,8.760000000000009,5.619999999999995,1.1274603776852714,8.760000000000009,5.619999999999995,0.1274603776852714
20260903_230706,1,0.2,14.0,8.600000000000009,5.519999999999995,1.125199508120054,8.600000000000009,5.519999999999995,0.1251995081200541
20260903_230706,1,0.2,14.100000000000001,8.440000000000008,5.4199999999999955,1.1229386385548368,8.440000000000008,5.4199999999999955,0.12293863855483678
20260903_230706,1,0.2,14.200000000000001,8.280000000000008,5.319999999999996,1.1206777689896195,8.280000000000008,5.319999999999996,0.12067776898961946
20260903_230706,1,0.2,14.3,8.120000000000008,5.219999999999996,1.1187974271092775,8.120000000000008,5.219999999999996,0.11879742710927754
20260903_230706,1,0.2,14.4,7.960000000000008,5.1199999999999966,1.1169170852289356,7.960000000000008,5.1199999999999966,0.11691708522893562
20260903_230706,1,0.2,14.5,7.820000000000008,5.019999999999997,1.1150367433485937,7.820000000000008,5.019999999999997,0.1150367433485937
20260903_230706,1,0.2,14.600000000000001,7.680000000000009,4.919999999999997,1.1131564014682518,7.680000000000009,4.919999999999997,0.11315640146825179
20260903_230706,1,0.2,14.700000000000001,7.540000000000009,4.839999999999997,1.1112760595879099,7.540000000000009,4.839999999999997,0.11127605958790987
20260903_230706,1,0.2,14.8,7.400000000000009,4.759999999999997,1.109395717707568,7.400000000000009,4.759999999999997,0.10939571770756795
20260903_230706,1,0.2,14.9,7.26000000000001,4.679999999999997,1.107515375827226,7.26000000000001,4.679999999999997,0.10751537582722603
20260903_230706,1,0.2,15.0,7.12000000000001,4.599999999999997,1.1056350339468841,7.12000000000001,4.599999999999997,0.10563503394688412
20260903_230706,1,0.2,15.100000000000001,6.98000000000001,4.519999999999997,1.1037546920665422,6.98000000000001,4.519999999999997,0.1037546920665422
20260903_230706,1,0.2,15.200000000000001,6.86000000000001,4.439999999999997,1.1018743501862003,6.86000000000001,4.439999999999997,0.10187435018620028
20260903_230706,1,0.2,15.3,6.74000000000001,4.359999999999997,1.1003617451441834,6.74000000000001,4.359999999999997,0.10036174514418339
20260903_230706,1,0.2,15.4,6.62000000000001,4.279999999999997,1.0988491401021665,6.62000000000001,4.279999999999997,0.0988491401021665
20260903_230706,1,0.2,15.5,6.50000000000001,4.199999999999997,1.0973365350601496,6.50000000000001,4.199999999999997,0.09733653506014961
20260903_230706,1,0.2,15.600000000000001,6.38000000000001,4.1199999999999966,1.0958239300181327,6.38000000000001,4.1199999999999966,0.09582393001813272
20260903_230706,1,0.2,15.700000000000001,6.26000000000001,4.0399999999999965,1.0943113249761158,6.26000000000001,4.0399999999999965,0.09431132497611583
20260903_230706,1,0.2,15.8,6.1400000000000095,3.9599999999999964,1.092798719934099,6.1400000000000095,3.9599999999999964,0.09279871993409894
20260903_230706,1,0.2,15.9,6.020000000000009,3.8999999999999964,1.091286114892082,6.020000000000009,3.8999999999999964,0.09128611489208205
20260903_230706,1,0.2,16.0,5.900000000000009,3.8399999999999963,1.0897735098500652,5.900000000000009,3.8399999999999963,0.08977350985006516
20260903_230706,1,0.2,16.1,5.80000000000001,3.7799999999999963,1.0882609048080483,5.80000000000001,3.7799999999999963,0.08826090480804827
20260903_230706,1,0.2,16.2,5.70000000000001,3.719999999999996,1.0867482997660314,5.70000000000001,3.719999999999996,0.08674829976603138
20260903_230706,1,0.2,16.3,5.60000000000001,3.659999999999996,1.0852356947240145,5.60000000000001,3.659999999999996,0.08523569472401449
20260903_230706,1,0.2,16.400000000000002,5.500000000000011,3.599999999999996,1.0837230896819976,5.500000000000011,3.599999999999996,0.0837230896819976
20260903_230706,1,0.2,16.5,5.400000000000011,3.539999999999996,1.082566064888609,5.400000000000011,3.539999999999996,0.08256606488860907
20260903_230706,1,0.2,16.6,5.300000000000011,3.479999999999996,1.0814090400952205,5.300000000000011,3.479999999999996,0.08140904009522054
20260903_230706,1,0.2,16.7,5.200000000000012,3.419999999999996,1.080252015301832,5.200000000000012,3.419999999999996,0.08025201530183201
20260903_230706,1,0.2,16.8,5.100000000000012,3.359999999999996,1.0790949905084435,5.100000000000012,3.359999999999996,0.07909499050844349
20260903_230706,1,0.2,16.900000000000002,5.000000000000012,3.299999999999996,1.077937965715055,5.000000000000012,3.299999999999996,0.07793796571505496
20260903_230706,1,0.2,17.0,4.900000000000013,3.2399999999999958,1.0767809409216664,4.900000000000013,3.2399999999999958,0.07678094092166643
20260903_230706,1,0.2,17.1,4.820000000000013,3.1799999999999957,1.075623916128278,4.820000000000013,3.1799999999999957,0.0756239161282779
20260903_230706,1,0.2,17.2,4.740000000000013,3.1199999999999957,1.0744668913348894,4.740000000000013,3.1199999999999957,0.07446689133488937
20260903_230706,1,0.2,17.3,4.660000000000013,3.0599999999999956,1.0733098665415008,4.660000000000013,3.0599999999999956,0.07330986654150085
20260903_230706,1,0.2,17.400000000000002,4.5800000000000125,2.9999999999999956,1.0721528417481123,4.5800000000000125,2.9999999999999956,0.07215284174811232
20260903_230706,1,0.2,17.5,4.500000000000012,2.9399999999999955,1.0709958169547238,4.500000000000012,2.9399999999999955,0.07099581695472379
20260903_230706,1,0.2,17.6,4.420000000000012,2.8999999999999955,1.0698387921613353,4.420000000000012,2.8999999999999955,0.06983879216133526
20260903_230706,1,0.2,17.7,4.340000000000012,2.8599999999999954,1.0686817673679467,4.340000000000012,2.8599999999999954,0.06868176736794673
20260903_230706,1,0.2,17.8,4.260000000000012,2.8199999999999954,1.0675247425745582,4.260000000000012,2.8199999999999954,0.0675247425745582
20260903_230706,1,0.2,17.900000000000002,4.180000000000012,2.7799999999999954,1.0663677177811697,4.180000000000012,2.7799999999999954,0.06636771778116968
20260903_230706,1,0.2,18.0,4.100000000000012,2.7399999999999953,1.0652106929877811,4.100000000000012,2.7399999999999953,0.06521069298778115
20260903_230706,1,0.2,18.1,4.020000000000012,2.6999999999999953,1.0640536681943926,4.020000000000012,2.6999999999999953,0.06405366819439262
20260903_230706,1,0.2,18.2,3.940000000000012,2.6599999999999953,1.062896643401004,3.940000000000012,2.6599999999999953,0.0628966434010041
20260903_230706,1,0.2,18.3,3.860000000000012,2.619999999999995,1.0617396186076156,3.860000000000012,2.619999999999995,0.061739618607615565
20260903_230706,1,0.2,18.400000000000002,3.780000000000012,2.579999999999995,1.060582593814227,3.780000000000012,2.579999999999995,0.06058259381422704
20260903_230706,1,0.2,18.5,3.7000000000000117,2.539999999999995,1.0594255690208385,3.7000000000000117,2.539999999999995,0.05942556902083851
20260903_230706,1,0.2,18.6,3.6200000000000117,2.499999999999995,1.05826854422745,3.6200000000000117,2.499999999999995,0.05826854422744998
20260903_230706,1,0.2,18.7,3.5400000000000116,2.459999999999995,1.0571115194340615,3.5400000000000116,2.459999999999995,0.05711151943406145
20260903_230706,1,0.2,18.8,3.4600000000000115,2.419999999999995,1.055954494640673,3.4600000000000115,2.419999999999995,0.055954494640672925
20260903_230706,1,0.2,18.900000000000002,3.3800000000000114,2.379999999999995,1.0547974698472844,3.3800000000000114,2.379999999999995,0.0547974698472844
20260903_230706,1,0.2,19.0,3.3000000000000114,2.339999999999995,1.0536404450538959,3.3000000000000114,2.339999999999995,0.05364044505389587
20260903_230706,1,0.2,19.1,3.2200000000000113,2.299999999999995,1.0524834202605073,3.2200000000000113,2.299999999999995,0.05248342026050734
20260903_230706,1,0.2,19.200000000000003,3.1400000000000112,2.259999999999995,1.0513263954671188,3.1400000000000112,2.259999999999995,0.05132639546711881
20260903_230706,1,0.2,19.3,3.060000000000011,2.219999999999995,1.0501693706737303,3.060000000000011,2.219999999999995,0.050169370673730285
20260903_230706,1,0.2,19.400000000000002,2.980000000000011,2.179999999999995,1.0490123458803418,2.980000000000011,2.179999999999995,0.04901234588034176
20260903_230706,1,0.2,19.5,2.900000000000011,2.139999999999995,1.0478553210869532,2.900000000000011,2.139999999999995,0.04785532108695323
20260903_230706,1,0.2,19.6,2.820000000000011,2.0999999999999948,1.0466982962935647,2.820000000000011,2.0999999999999948,0.0466982962935647
20260903_230706,1,0.2,19.700000000000003,2.740000000000011,2.0599999999999947,1.0455412715001762,2.740000000000011,2.0599999999999947,0.04554127150017617
20260903_230706,1,0.2,19.8,2.660000000000011,2.0199999999999947,1.0443842467067876,2.660000000000011,2.0199999999999947,0.044384246706787644
20260903_230706,1,0.2,19.900000000000002,2.5800000000000107,1.9799999999999947,1.0432272219133991,2.5800000000000107,1.9799999999999947,0.043227221913399116
20260903_230706,1,0.2,20.0,2.5000000000000107,1.9399999999999946,1.0420701971200106,2.5000000000000107,1.9399999999999946,0.04207019712001059
20260903_230706,1,0.2,20.1,2.4200000000000106,1.8999999999999946,1.040913172326622,2.4200000000000106,1.8999999999999946,0.04091317232662206
20260903_230706,1,0.2,20.200000000000003,2.3400000000000105,1.8599999999999945,1.0397561475332335,2.3400000000000105,1.8599999999999945,0.03975614753323353
20260903_230706,1,0.2,20.3,2.2600000000000104,1.8199999999999945,1.038599122739845,2.2600000000000104,1.8199999999999945,0.038599122739845004
20260903_230706,1,0.2,20.400000000000002,2.1800000000000104,1.7799999999999945,1.0374420979464565,2.1800000000000104,1.7799999999999945,0.037442097946456476
20260903_230706,1,0.2,20.5,2.1000000000000103,1.7399999999999944,1.036285073153068,2.1000000000000103,1.7399999999999944,0.03628507315306795
20260903_230706,1,0.2,20.6,2.0200000000000102,1.6999999999999944,1.0351280483596794,2.0200000000000102,1.6999999999999944,0.03512804835967942
20260903_230706,1,0.2,20.700000000000003,1.9400000000000102,1.6599999999999944,1.033971023566291,1.9400000000000102,1.6599999999999944,0.03397102356629089
20260903_230706,1,0.2,20.8,1.86000000000001,1.6199999999999943,1.0328139987729024,1.86000000000001,1.6199999999999943,0.032813998772902364
20260903_230706,1,0.2,20.900000000000002,1.78000000000001,1.5799999999999943,1.0316569739795138,1.78000000000001,1.5799999999999943,0.031656973979513836
20260903_230706,1,0.2,21.0,1.70000000000001,1.5399999999999943,1.0304999491861253,1.70000000000001,1.5399999999999943,0.030499949186125308
20260903_230706,1,0.2,21.1,1.6200000000000099,1.4999999999999942,1.0293429243927368,1.6200000000000099,1.4999999999999942,0.02934292439273678
20260903_230706,1,0.2,21.200000000000003,1.5400000000000098,1.4599999999999942,1.0281858995993483,1.5400000000000098,1.4599999999999942,0.028185899599348252
20260903_230706,1,0.2,21.3,1.4600000000000097,1.4199999999999942,1.0270288748059597,1.4600000000000097,1.4199999999999942,0.027028874805959724
20260903_230706,1,0.2,21.400000000000002,1.3800000000000097,1.3799999999999941,1.0258718500125712,1.3800000000000097,1.3799999999999941,0.025871850012571196
20260903_230706,1,0.2,21.5,1.3000000000000096,1.339999999999994,1.0247148252191827,1.3000000000000096,1.339999999999994,0.024714825219182668
20260903_230706,1,0.2,21.6,1.2200000000000095,1.299999999999994,1.0235578004257941,1.2200000000000095,1.299999999999994,0.02355780042579414
20260903_230706,1,0.2,21.700000000000003,1.1400000000000095,1.259999999999994,1.0224007756324056,1.1400000000000095,1.259999999999994,0.022400775632405612
20260903_230706,1,0.2,21.8,1.0600000000000094,1.219999999999994,1.021243750839017,1.0600000000000094,1.219999999999994,0.021243750839017084
20260903_230706,1,0.2,21.900000000000002,0.9800000000000093,1.179999999999994,1.0200867260456286,0.9800000000000093,1.179999999999994,0.020086726045628556
20260903_230706,1,0.2,22.0,0.9000000000000092,1.139999999999994,1.01892970125224,0.9000000000000092,1.139999999999994,0.018929701252240028
20260903_230706,1,0.2,22.1,0.8200000000000092,1.0999999999999939,1.0177726764588515,0.8200000000000092,1.0999999999999939,0.0177726764588515
20260903_230706,1,0.2,22.200000000000003,0.7400000000000091,1.0599999999999938,1.016615651665463,0.7400000000000091,1.0599999999999938,0.01661565166546297
20260903_230706,1,0.2,22.3,0.660000000000009,1.0199999999999938,1.0154586268720744,0.660000000000009,1.0199999999999938,0.015458626872074444
20260903_230706,1,0.2,22.400000000000002,0.580000000000009,0.9799999999999938,1.014301602078686,0.580000000000009,0.9799999999999938,0.014301602078685915
20260907_144432,4,0.2,0.1,50.0,-30.0,0.5,50.0,-30.0,-0.5
20260907_144432,4,0.2,0.2,50.0,-30.0,0.5,50.0,-30.0,-0.5
20260907_144432,4,0.2,0.30000000000000004,50.0,-30.0,0.5,50.0,-30.0,-0.5
20260907_144432,4,0.2,0.4,50.0,-30.0,0.5,50.0,-30.0,-0.5
20260907_144432,4,0.2,0.5,50.0,-30.0,0.5,50.0,-30.0,-0.5
20260907_144432,4,0.2,0.6000000000000001,50.0,-30.0,0.5,50.0,-30.0,-0.5
20260907_144432,4,0.2,0.7000000000000001,50.0,-30.0,0.5,50.0,-30.0,-0.5
20260907_144432,4,0.2,0.8,50.0,-30.0,0.5,50.0,-30.0,-0.5
20260907_144432,4,0.2,0.9,50.0,-30.0,0.5,50.0,-30.0,-0.5
20260907_144432,4,0.2,1.0,50.0,-30.0,0.5,50.0,-30.0,-0.5
20260907_144432,4,0.2,1.1,50.0,-30.0,0.5,50.0,-30.0,-0.5
20260907_144432,4,0.2,1.2000000000000002,50.0,-30.0,0.5,50.0,-30.0,-0.5
20260907_144432,4,0.2,1.3,50.0,-30.0,0.5,50.0,-30.0,-0.5
20260907_144432,4,0.2,1.4000000000000001,50.0,-30.0,0.5,50.0,-30.0,-0.5
20260907_144432,4,0.2,1.5,50.0,-30.0,0.5,50.0,-30.0,-0.5
20260907_144432,4,0.2,1.6,50.0,-30.0,0.5,50.0,-30.0,-0.5
20260907_144432,4,0.2,1.7000000000000002,50.0,-30.0,0.5,50.0,-30.0,-0.5
20260907_144432,4,0.2,1.8,50.0,-30.0,0.5,50.0,-30.0,-0.5
20260907_144432,4,0.2,1.9000000000000001,50.0,-30.0,0.5,50.0,-30.0,-0.5
20260907_144432,4,0.2,2.0,50.0,-30.0,0.5,50.0,-30.0,-0.5
20260907_144432,4,0.2,2.1,50.0,-30.0,0.5,50.0,-30.0,-0.5
20260907_144432,4,0.2,2.2,50.0,-30.0,0.5,50.0,-30.0,-0.5
20260907_144432,4,0.2,2.3000000000000003,50.0,-30.0,0.5,50.0,-30.0,-0.5
20260907_144432,4,0.2,2.4000000000000004,50.0,-30.0,0.5,50.0,-30.0,-0.5
20260907_144432,4,0.2,2.5,50.0,-30.0,0.5,50.0,-30.0,-0.5
20260907_144432,4,0.2,2.6,49.0,-29.4,0.5101158301158302,49.0,-29.4,-0.48988416988416983
20260907_144432,4,0.2,2.7,48.0,-28.799999999999997,0.5202316602316603,48.0,-28.799999999999997,-0.47976833976833966
20260907_144432,4,0.2,2.8000000000000003,47.02,-28.199999999999996,0.5301130831565616,47.02,-28.199999999999996,-0.4698869168434384
20260907_144432,4,0.2,2.9000000000000004,46.06,-27.619999999999997,0.5398319586585696,46.06,-27.619999999999997,-0.4601680413414304
20260907_144432,4,0.2,3.0,45.120000000000005,-27.04,0.5492969792347013,45.120000000000005,-27.04,-0.45070302076529867
20260907_144432,4,0.2,3.1,44.2,-26.48,0.5585856821635716,44.2,-26.48,-0.44141431783642837
20260907_144432,4,0.2,3.2,43.300000000000004,-25.92,0.567692065142295,43.300000000000004,-25.92,-0.432307934857705
20260907_144432,4,0.2,3.3000000000000003,42.42,-25.380000000000003,0.5766098140600439,42.42,-25.380000000000003,-0.42339018593995614
20260907_144432,4,0.2,3.4000000000000004,41.56,-24.860000000000003,0.5853322810203963,41.56,-24.860000000000003,-0.41466771897960375
20260907_144432,4,0.2,3.5,40.72,-24.340000000000003,0.5938524603925935,40.72,-24.340000000000003,-0.40614753960740646
20260907_144432,4,0.2,3.6,39.9,-23.840000000000003,0.6022687499853537,39.9,-23.840000000000003,-0.39773125001464626
20260907_144432,4,0.2,3.7,39.1,-23.340000000000003,0.6104715149623122,39.1,-23.340000000000003,-0.3895284850376878
20260907_144432,4,0.2,3.8000000000000003,38.32,-22.860000000000003,0.6185645382181262,38.32,-22.860000000000003,-0.3814354617818738
20260907_144432,4,0.2,3.9000000000000004,37.54,-22.380000000000003,0.6264318367963252,37.54,-22.380000000000003,-0.3735681632036748
20260907_144432,4,0.2,4.0,36.78,-21.92,0.634183032968574,36.78,-21.92,-0.36581696703142597
20260907_144432,4,0.2,4.1000000000000005,36.04,-21.46,0.64181588321012,36.04,-21.46,-0.35818411678988005
20260907_144432,4,0.2,4.2,35.32,-21.02,0.6492050457716964,35.32,-21.02,-0.35079495422830365
20260907_144432,4,0.2,4.3,34.6,-20.58,0.6564687273637362,34.6,-20.58,-0.3435312726362638
20260907_144432,4,0.2,4.4,33.9,-20.139999999999997,0.663604405755696,33.9,-20.139999999999997,-0.336395594244304
20260907_144432,4,0.2,4.5,33.22,-19.719999999999995,0.670609481897828,33.22,-19.719999999999995,-0.329390518102172
20260907_144432,4,0.2,4.6000000000000005,32.56,-19.299999999999994,0.6774812767696229,32.56,-19.299999999999994,-0.3225187232303771
20260907_144432,4,0.2,4.7,31.900000000000002,-18.899999999999995,0.6842170280649597,31.900000000000002,-18.899999999999995,-0.31578297193504035
20260907_144432,4,0.2,4.800000000000001,31.26,-18.499999999999996,0.6908138867037031,31.26,-18.499999999999996,-0.30918611329629686
20260907_144432,4,0.2,4.9,30.64,-18.119999999999997,0.6972689131587296,30.64,-18.119999999999997,-0.30273108684127037
20260907_144432,4,0.2,5.0,30.02,-17.74,0.7035790735865372,30.02,-17.74,-0.29642092641346285
20260907_144432,4,0.2,5.1000000000000005,29.419999999999998,-17.36,0.7097412357486993,29.419999999999998,-17.36,-0.2902587642513007
20260907_144432,4,0.2,5.2,28.819999999999997,-17.0,0.7157521647104479,28.819999999999997,-17.0,-0.2842478352895521
20260907_144432,4,0.2,5.300000000000001,28.239999999999995,-16.64,0.7217630936721965,28.239999999999995,-16.64,-0.2782369063278035
20260907_144432,4,0.2,5.4,27.679999999999996,-16.3,0.7276194472633567,27.679999999999996,-16.3,-0.2723805527366433
20260907_144432,4,0.2,5.5,27.119999999999997,-15.96,0.7333177712857031,27.119999999999997,-15.96,-0.2666822287142969
20260907_144432,4,0.2,5.6000000000000005,26.58,-15.620000000000001,0.7388544944495449,26.58,-15.620000000000001,-0.2611455055504551
20260907_144432,4,0.2,5.7,26.04,-15.3,0.7443912176133867,26.04,-15.3,-0.25560878238661333
20260907_144432,4,0.2,5.800000000000001,25.52,-14.98,0.7497626461848153,25.52,-14.98,-0.25023735381518475
20260907_144432,4,0.2,5.9,25.0,-14.66,0.7549649583235436,25.0,-14.66,-0.2450350416764564
20260907_144432,4,0.2,6.0,24.5,-14.36,0.760167270462272,24.5,-14.36,-0.23983272953772805
20260907_144432,4,0.2,6.1000000000000005,24.0,-14.059999999999999,0.7651965102283538,24.0,-14.059999999999999,-0.23480348977164622
20260907_144432,4,0.2,6.2,23.52,-13.759999999999998,0.7702257499944356,23.52,-13.759999999999998,-0.2297742500055644
20260907_144432,4,0.2,6.300000000000001,23.04,-13.459999999999997,0.7750778210003527,23.04,-13.459999999999997,-0.22492217899964728
20260907_144432,4,0.2,6.4,22.58,-13.179999999999998,0.7799298920062698,22.58,-13.179999999999998,-0.22007010799373017
20260907_144432,4,0.2,6.5,22.119999999999997,-12.899999999999999,0.7846005506889046,22.119999999999997,-12.899999999999999,-0.21539944931109545
20260907_144432,4,0.2,6.6000000000000005,21.679999999999996,-12.62,0.7892712093715393,21.679999999999996,-12.62,-0.21072879062846073
20260907_144432,4,0.2,6.7,21.239999999999995,-12.36,0.7937560578563878,21.239999999999995,-12.36,-0.2062439421436122
20260907_144432,4,0.2,6.800000000000001,20.819999999999993,-12.1,0.7982409063412363,20.819999999999993,-12.1,-0.20175909365876366
20260907_144432,4,0.2,6.9,20.39999999999999,-11.84,0.8025353848688437,20.39999999999999,-11.84,-0.19746461513115632
20260907_144432,4,0.2,7.0,19.999999999999993,-11.58,0.806829863396451,19.999999999999993,-11.58,-0.19317013660354898
20260907_144432,4,0.2,7.1000000000000005,19.599999999999994,-11.34,0.8109292422784385,19.599999999999994,-11.34,-0.18907075772156146
20260907_144432,4,0.2,7.2,19.199999999999996,-11.1,0.8150286211604261,19.199999999999996,-11.1,-0.18497137883957393
20260907_144432,4,0.2,7.300000000000001,18.819999999999997,-10.86,0.8189279922296084,18.819999999999997,-10.86,-0.18107200777039156
20260907_144432,4,0.2,7.4,18.439999999999998,-10.62,0.8228273632987908,18.439999999999998,-10.62,-0.1771726367012092
20260907_144432,4,0.2,7.5,18.08,-10.399999999999999,0.8267267343679732,18.08,-10.399999999999999,-0.17327326563202683
20260907_144432,4,0.2,7.6000000000000005,17.72,-10.179999999999998,0.8304210018838968,17.72,-10.179999999999998,-0.16957899811610322
20260907_144432,4,0.2,7.7,17.36,-9.959999999999997,0.8341152693998204,17.36,-9.959999999999997,-0.1658847306001796
20260907_144432,4,0.2,7.800000000000001,17.02,-9.739999999999997,0.837809536915744,17.02,-9.739999999999997,-0.162190463084256
20260907_144432,4,0.2,7.9,16.68,-9.539999999999997,0.8412934078834859,16.68,-9.539999999999997,-0.15870659211651406
20260907_144432,4,0.2,8.0,16.34,-9.339999999999998,0.8447772788512279,16.34,-9.339999999999998,-0.1552227211487721
20260907_144432,4,0.2,8.1,16.02,-9.139999999999999,0.8482611498189698,16.02,-9.139999999999999,-0.15173885018103017
20260907_144432,4,0.2,8.200000000000001,15.7,-8.94,0.851529123675179,15.7,-8.94,-0.14847087632482103
20260907_144432,4,0.2,8.3,15.379999999999999,-8.74,0.8547970975313881,15.379999999999999,-8.74,-0.1452029024686119
20260907_144432,4,0.2,8.4,15.079999999999998,-8.56,0.8580650713875972,15.079999999999998,-8.56,-0.14193492861240276
20260907_144432,4,0.2,8.5,14.779999999999998,-8.38,0.8611114290034912,14.779999999999998,-8.38,-0.13888857099650875
20260907_144432,4,0.2,8.6,14.479999999999997,-8.200000000000001,0.8641577866193852,14.479999999999997,-8.200000000000001,-0.13584221338061475
20260907_144432,4,0.2,8.700000000000001,14.199999999999998,-8.020000000000001,0.8672041442352793,14.199999999999998,-8.020000000000001,-0.13279585576472075
20260907_144432,4,0.2,8.8,13.919999999999998,-7.840000000000002,0.8702505018511733,13.919999999999998,-7.840000000000002,-0.12974949814882675
20260907_144432,4,0.2,8.9,13.639999999999999,-7.660000000000002,0.873069293797482,13.639999999999999,-7.660000000000002,-0.126930706202518
20260907_144432,4,0.2,9.0,13.379999999999999,-7.500000000000002,0.8758880857437907,13.379999999999999,-7.500000000000002,-0.12411191425620927
20260907_144432,4,0.2,9.1,13.12,-7.340000000000002,0.8787068776900995,13.12,-7.340000000000002,-0.12129312230990053
20260907_144432,4,0.2,9.200000000000001,12.86,-7.1800000000000015,0.8815256696364082,12.86,-7.1800000000000015,-0.11847433036359178
20260907_144432,4,0.2,9.3,12.6,-7.020000000000001,0.8841107036500137,12.6,-7.020000000000001,-0.11588929634998635
20260907_144432,4,0.2,9.4,12.36,-6.860000000000001,0.8866957376636191,12.36,-6.860000000000001,-0.11330426233638091
20260907_144432,4,0.2,9.5,12.12,-6.700000000000001,0.8892807716772245,12.12,-6.700000000000001,-0.11071922832277548
20260907_144432,4,0.2,9.600000000000001,11.879999999999999,-6.560000000000001,0.89186580569083,11.879999999999999,-6.560000000000001,-0.10813419430917004
20260907_144432,4,0.2,9.700000000000001,11.639999999999999,-6.420000000000002,0.8942106332770369,11.639999999999999,-6.420000000000002,-0.10578936672296313
20260907_144432,4,0.2,9.8,11.419999999999998,-6.280000000000002,0.8965554608632438,11.419999999999998,-6.280000000000002,-0.10344453913675622
20260907_144432,4,0.2,9.9,11.199999999999998,-6.140000000000002,0.8989002884494507,11.199999999999998,-6.140000000000002,-0.10109971155054931
20260907_144432,4,0.2,10.0,10.979999999999997,-6.000000000000003,0.9012451160356576,10.979999999999997,-6.000000000000003,-0.0987548839643424
20260907_144432,4,0.2,10.100000000000001,10.759999999999996,-5.860000000000003,0.9035899436218645,10.759999999999996,-5.860000000000003,-0.09641005637813549
20260907_144432,4,0.2,10.200000000000001,10.559999999999997,-5.740000000000003,0.9059347712080714,10.559999999999997,-5.740000000000003,-0.09406522879192858
20260907_144432,4,0.2,10.3,10.359999999999998,-5.620000000000003,0.9080326733059735,10.359999999999998,-5.620000000000003,-0.09196732669402652
20260907_144432,4,0.2,10.4,10.159999999999998,-5.500000000000003,0.9101305754038755,10.159999999999998,-5.500000000000003,-0.08986942459612446
20260907_144432,4,0.2,10.5,9.959999999999999,-5.380000000000003,0.9122284775017776,9.959999999999999,-5.380000000000003,-0.0877715224982224
20260907_144432,4,0.2,10.600000000000001,9.76,-5.2600000000000025,0.9143263795996797,9.76,-5.2600000000000025,-0.08567362040032034
20260907_144432,4,0.2,10.700000000000001,9.58,-5.140000000000002,0.9164242816975817,9.58,-5.140000000000002,-0.08357571830241828
20260907_144432,4,0.2,10.8,9.4,-5.020000000000002,0.9182682533287874,9.4,-5.020000000000002,-0.08173174667121264
20260907_144432,4,0.2,10.9,9.22,-4.900000000000002,0.920112224959993,9.22,-4.900000000000002,-0.07988777504000699
20260907_144432,4,0.2,11.0,9.040000000000001,-4.780000000000002,0.9219561965911987,9.040000000000001,-4.780000000000002,-0.07804380340880135
20260907_144432,4,0.2,11.100000000000001,8.860000000000001,-4.680000000000002,0.9238001682224043,8.860000000000001,-4.680000000000002,-0.0761998317775957
20260907_144432,4,0.2,11.200000000000001,8.680000000000001,-4.580000000000003,0.9256441398536099,8.680000000000001,-4.580000000000003,-0.07435586014639006
20260907_144432,4,0.2,11.3,8.520000000000001,-4.480000000000003,0.9274881114848156,8.520000000000001,-4.480000000000003,-0.07251188851518442
20260907_144432,4,0.2,11.4,8.360000000000001,-4.3800000000000034,0.9293320831160212,8.360000000000001,-4.3800000000000034,-0.07066791688397878
20260907_144432,4,0.2,11.5,8.200000000000001,-4.280000000000004,0.9311760547472269,8.200000000000001,-4.280000000000004,-0.06882394525277313
20260907_144432,4,0.2,11.600000000000001,8.040000000000001,-4.180000000000004,0.9327587885601765,8.040000000000001,-4.180000000000004,-0.06724121143982353
20260907_144432,4,0.2,11.700000000000001,7.880000000000001,-4.0800000000000045,0.9343415223731261,7.880000000000001,-4.0800000000000045,-0.06565847762687393
20260907_144432,4,0.2,11.8,7.720000000000001,-3.9800000000000044,0.9359242561860757,7.720000000000001,-3.9800000000000044,-0.06407574381392434
20260907_144432,4,0.2,11.9,7.580000000000001,-3.8800000000000043,0.9375069899990253,7.580000000000001,-3.8800000000000043,-0.062493010000974736
20260907_144432,4,0.2,12.0,7.440000000000001,-3.8000000000000043,0.9390897238119749,7.440000000000001,-3.8000000000000043,-0.060910276188025136
20260907_144432,4,0.2,12.100000000000001,7.300000000000002,-3.720000000000004,0.9406724576249245,7.300000000000002,-3.720000000000004,-0.05932754237507554
20260907_144432,4,0.2,12.200000000000001,7.160000000000002,-3.640000000000004,0.9422551914378741,7.160000000000002,-3.640000000000004,-0.05774480856212594
20260907_144432,4,0.2,12.3,7.020000000000002,-3.560000000000004,0.9438379252508237,7.020000000000002,-3.560000000000004,-0.05616207474917634
20260907_144432,4,0.2,12.4,6.880000000000003,-3.480000000000004,0.9451517938639623,6.880000000000003,-3.480000000000004,-0.05484820613603769
20260907_144432,4,0.2,12.5,6.740000000000003,-3.400000000000004,0.946465662477101,6.740000000000003,-3.400000000000004,-0.053534337522899045
20260907_144432,4,0.2,12.600000000000001,6.620000000000003,-3.320000000000004,0.9477795310902396,6.620000000000003,-3.320000000000004,-0.0522204689097604
20260907_144432,4,0.2,12.700000000000001,6.500000000000003,-3.2400000000000038,0.9490933997033782,6.500000000000003,-3.2400000000000038,-0.05090660029662175
20260907_144432,4,0.2,12.8,6.380000000000003,-3.1600000000000037,0.9504072683165169,6.380000000000003,-3.1600000000000037,-0.049592731683483104
20260907_144432,4,0.2,12.9,6.2600000000000025,-3.0800000000000036,0.9517211369296555,6.2600000000000025,-3.0800000000000036,-0.04827886307034446
20260907_144432,4,0.2,13.0,6.140000000000002,-3.0000000000000036,0.9530350055427942,6.140000000000002,-3.0000000000000036,-0.04696499445720581
20260907_144432,4,0.2,13.100000000000001,6.020000000000002,-2.9200000000000035,0.9543488741559328,6.020000000000002,-2.9200000000000035,-0.045651125844067164
20260907_144432,4,0.2,13.200000000000001,5.900000000000002,-2.8600000000000034,0.9556627427690715,5.900000000000002,-2.8600000000000034,-0.04433725723092852
20260907_144432,4,0.2,13.3,5.780000000000002,-2.8000000000000034,0.9569766113822101,5.780000000000002,-2.8000000000000034,-0.04302338861778987
20260907_144432,4,0.2,13.4,5.680000000000002,-2.7400000000000033,0.9580136484192472,5.680000000000002,-2.7400000000000033,-0.04198635158075281
20260907_144432,4,0.2,13.5,5.580000000000003,-2.6800000000000033,0.9590506854562842,5.580000000000003,-2.6800000000000033,-0.040949314543715754
20260907_144432,4,0.2,13.600000000000001,5.480000000000003,-2.620000000000003,0.9600877224933213,5.480000000000003,-2.620000000000003,-0.039912277506678695
20260907_144432,4,0.2,13.700000000000001,5.3800000000000034,-2.560000000000003,0.9611247595303584,5.3800000000000034,-2.560000000000003,-0.038875240469641636
20260907_144432,4,0.2,13.8,5.280000000000004,-2.500000000000003,0.9621617965673954,5.280000000000004,-2.500000000000003,-0.03783820343260458
20260907_144432,4,0.2,13.9,5.180000000000004,-2.440000000000003,0.9631988336044325,5.180000000000004,-2.440000000000003,-0.03680116639556752
20260907_144432,4,0.2,14.0,5.0800000000000045,-2.380000000000003,0.9642358706414695,5.0800000000000045,-2.380000000000003,-0.03576412935853046
20260907_144432,4,0.2,14.100000000000001,4.980000000000005,-2.320000000000003,0.9652729076785066,4.980000000000005,-2.320000000000003,-0.0347270923214934
20260907_144432,4,0.2,14.200000000000001,4.880000000000005,-2.260000000000003,0.9663099447155437,4.880000000000005,-2.260000000000003,-0.033690055284456344
20260907_144432,4,0.2,14.3,4.800000000000005,-2.200000000000003,0.9673469817525807,4.800000000000005,-2.200000000000003,-0.032653018247419285
20260907_144432,4,0.2,14.4,4.720000000000005,-2.140000000000003,0.9683840187896178,4.720000000000005,-2.140000000000003,-0.03161598121038223
20260907_144432,4,0.2,14.5,4.640000000000005,-2.0800000000000027,0.9694210558266548,4.640000000000005,-2.0800000000000027,-0.03057894417334517
20260907_144432,4,0.2,14.600000000000001,4.560000000000005,-2.0200000000000027,0.9704580928636919,4.560000000000005,-2.0200000000000027,-0.02954190713630811
20260907_144432,4,0.2,14.700000000000001,4.480000000000005,-1.9600000000000026,0.971495129900729,4.480000000000005,-1.9600000000000026,-0.02850487009927105
20260907_144432,4,0.2,14.8,4.400000000000005,-1.9000000000000026,0.972532166937766,4.400000000000005,-1.9000000000000026,-0.027467833062233993
20260907_144432,4,0.2,14.9,4.320000000000005,-1.8400000000000025,0.9735692039748031,4.320000000000005,-1.8400000000000025,-0.026430796025196934
20260907_144432,4,0.2,15.0,4.240000000000005,-1.7800000000000025,0.9746062410118401,4.240000000000005,-1.7800000000000025,-0.025393758988159876
20260907_144432,4,0.2,15.100000000000001,4.160000000000005,-1.7200000000000024,0.9756432780488772,4.160000000000005,-1.7200000000000024,-0.024356721951122817
20260907_144432,4,0.2,15.200000000000001,4.0800000000000045,-1.6600000000000024,0.9766803150859142,4.0800000000000045,-1.6600000000000024,-0.02331968491408576
20260907_144432,4,0.2,15.3,4.000000000000004,-1.6000000000000023,0.9777173521229513,4.000000000000004,-1.6000000000000023,-0.0222826478770487
20260907_144432,4,0.2,15.4,3.9200000000000044,-1.5400000000000023,0.9787543891599884,3.9200000000000044,-1.5400000000000023,-0.02124561084001164
20260907_144432,4,0.2,15.5,3.8400000000000043,-1.4800000000000022,0.9797914261970254,3.8400000000000043,-1.4800000000000022,-0.020208573802974583
20260907_144432,4,0.2,15.600000000000001,3.7600000000000042,-1.4200000000000021,0.9808284632340625,3.7600000000000042,-1.4200000000000021,-0.019171536765937525
20260907_144432,4,0.2,15.700000000000001,3.680000000000004,-1.360000000000002,0.9818655002710995,3.680000000000004,-1.360000000000002,-0.018134499728900466
20260907_144432,4,0.2,15.8,3.600000000000004,-1.300000000000002,0.9829025373081366,3.600000000000004,-1.300000000000002,-0.017097462691863408
20260907_144432,4,0.2,15.9,3.520000000000004,-1.240000000000002,0.9839395743451737,3.520000000000004,-1.240000000000002,-0.01606042565482635
20260907_144432,4,0.2,16.0,3.440000000000004,-1.180000000000002,0.9849766113822107,3.440000000000004,-1.180000000000002,-0.01502338861778929
20260907_144432,4,0.2,16.1,3.360000000000004,-1.1200000000000019,0.9860136484192478,3.360000000000004,-1.1200000000000019,-0.013986351580752232
20260907_144432,4,0.2,16.2,3.280000000000004,-1.0600000000000018,0.9870506854562848,3.280000000000004,-1.0600000000000018,-0.012949314543715174
20260907_144432,4,0.2,16.3,3.2000000000000037,-1.0000000000000018,0.9880877224933219,3.2000000000000037,-1.0000000000000018,-0.011912277506678115
20260907_144432,4,0.2,16.400000000000002,3.1200000000000037,-0.9400000000000017,0.9891247595303589,3.1200000000000037,-0.9400000000000017,-0.010875240469641057
20260907_144432,4,0.2,16.5,3.0400000000000036,-0.8800000000000017,0.990161796567396,3.0400000000000036,-0.8800000000000017,-0.009838203432603998
20260907_144432,4,0.2,16.6,2.9600000000000035,-0.8200000000000016,0.9911988336044331,2.9600000000000035,-0.8200000000000016,-0.00880116639556694
20260907_144432,4,0.2,16.7,2.8800000000000034,-0.7600000000000016,0.9922358706414701,2.8800000000000034,-0.7600000000000016,-0.007764129358529881
20260907_144432,4,0.2,16.8,2.8000000000000034,-0.7000000000000015,0.9932729076785072,2.8000000000000034,-0.7000000000000015,-0.0067270923214928224
20260907_144432,4,0.2,16.900000000000002,2.7200000000000033,-0.6400000000000015,0.9943099447155442,2.7200000000000033,-0.6400000000000015,-0.005690055284455764
20260907_144432,4,0.2,17.0,2.6400000000000032,-0.5800000000000014,0.9953469817525813,2.6400000000000032,-0.5800000000000014,-0.004653018247418705
20260907_144432,4,0.2,17.1,2.560000000000003,-0.5200000000000014,0.9963840187896184,2.560000000000003,-0.5200000000000014,-0.003615981210381647
20260907_144432,4,0.2,17.2,2.480000000000003,-0.46000000000000135,0.9974210558266554,2.480000000000003,-0.46000000000000135,-0.0025789441733445884
20260907_144432,4,0.2,17.3,2.400000000000003,-0.40000000000000135,0.9984580928636925,2.400000000000003,-0.40000000000000135,-0.0015419071363075298
20260907_144432,4,0.2,17.400000000000002,2.320000000000003,-0.34000000000000136,0.9994951299007295,2.320000000000003,-0.34000000000000136,-0.0005048700992704713
20260907_144432,4,0.2,17.5,2.240000000000003,-0.28000000000000136,1.0005321669377665,2.240000000000003,-0.28000000000000136,0.0005321669377664762
20260907_144432,4,0.2,17.6,2.160000000000003,-0.22000000000000136,1.0015692039748034,2.160000000000003,-0.22000000000000136,0.0015692039748034237
20260907_144432,4,0.2,17.7,2.0800000000000027,-0.16000000000000136,1.0026062410118404,2.0800000000000027,-0.16000000000000136,0.002606241011840371
20260907_144432,4,0.2,17.8,2.0000000000000027,-0.10000000000000135,1.0036432780488773,2.0000000000000027,-0.10000000000000135,0.0036432780488773187
20260907_144432,4,0.2,17.900000000000002,1.9200000000000026,-0.04000000000000134,1.0046803150859143,1.9200000000000026,-0.04000000000000134,0.004680315085914266
20260907_144432,4,0.2,18.0,1.8400000000000025,0.01999999999999867,1.0057173521229512,1.8400000000000025,0.01999999999999867,0.005717352122951214
20260907_144432,4,0.2,18.1,1.7600000000000025,0.07999999999999868,1.0067543891599882,1.7600000000000025,0.07999999999999868,0.006754389159988161
20260907_144432,4,0.2,18.2,1.6800000000000024,0.13999999999999868,1.007791426197025,1.6800000000000024,0.13999999999999868,0.007791426197025109
20260907_144432,4,0.2,18.3,1.6000000000000023,0.19999999999999868,1.008828463234062,1.6000000000000023,0.19999999999999868,0.008828463234062056
20260907_144432,4,0.2,18.400000000000002,1.5200000000000022,0.2599999999999987,1.009865500271099,1.5200000000000022,0.2599999999999987,0.009865500271099004
20260907_144432,4,0.2,18.5,1.4400000000000022,0.3199999999999987,1.010902537308136,1.4400000000000022,0.3199999999999987,0.010902537308135951
20260907_144432,4,0.2,18.6,1.360000000000002,0.37999999999999867,1.011939574345173,1.360000000000002,0.37999999999999867,0.011939574345172899
20260907_144432,4,0.2,18.7,1.280000000000002,0.43999999999999867,1.0129766113822098,1.280000000000002,0.43999999999999867,0.012976611382209846
20260907_144432,4,0.2,18.8,1.200000000000002,0.49999999999999867,1.0140136484192468,1.200000000000002,0.49999999999999867,0.014013648419246794
20260907_144432,4,0.2,18.900000000000002,1.1200000000000019,0.5599999999999987,1.0150506854562837,1.1200000000000019,0.5599999999999987,0.015050685456283741
20260907_144432,4,0.2,19.0,1.0400000000000018,0.6199999999999988,1.0160877224933207,1.0400000000000018,0.6199999999999988,0.01608772249332069
20260907_144432,4,0.2,19.1,0.9600000000000017,0.6799999999999988,1.0171247595303576,0.9600000000000017,0.6799999999999988,0.017124759530357636
